Episode,Step,State_Moisture,State_Temperature,State_Sunlight,Action,Reward,Next_Moisture,Next_Temperature,Next_Sunlight,Epsilon
1,1,Dry,Optimal,Low,Water Pump OFF,1,Optimal,Optimal,Low,0.9
1,2,Optimal,Optimal,Low,Heater OFF,6,Optimal,Low,Low,0.9
1,3,Optimal,Low,Low,Do nothing,3,Optimal,Low,Low,0.9
1,4,Optimal,Low,Low,Open shade curtains,3,Optimal,Low,Medium,0.9
1,5,Optimal,Low,Medium,Heater ON,7,Optimal,Optimal,Medium,0.9
1,6,Optimal,Optimal,Medium,Water Pump ON,10,Wet,Optimal,Medium,0.9
1,7,Wet,Optimal,Medium,Close shade curtains,7,Wet,Optimal,Low,0.9
1,8,Wet,Optimal,Low,Open shade curtains,3,Wet,Optimal,Medium,0.9
1,9,Wet,Optimal,Medium,Close shade curtains,7,Wet,Optimal,Medium,0.9
1,10,Wet,Optimal,Medium,Water Pump OFF,7,Optimal,Optimal,Medium,0.9
1,11,Optimal,Optimal,Medium,Water Pump OFF,10,Dry,Optimal,Medium,0.9
1,12,Dry,Optimal,Medium,Heater ON,7,Dry,High,Medium,0.9
1,13,Dry,High,Medium,Do nothing,4,Dry,High,Medium,0.9
1,14,Dry,High,Medium,Water Pump OFF,2,Dry,High,Medium,0.9
1,15,Dry,High,Medium,Heater OFF,4,Dry,Optimal,Medium,0.9
1,16,Dry,Optimal,Medium,Heater ON,7,Dry,High,Medium,0.9
1,17,Dry,High,Medium,Heater ON,-1,Dry,High,Medium,0.9
1,18,Dry,High,Medium,Water Pump OFF,2,Dry,High,Medium,0.9
1,19,Dry,High,Medium,Heater OFF,4,Dry,Optimal,Medium,0.9
1,20,Dry,Optimal,Medium,Do nothing,7,Dry,Optimal,Medium,0.9
1,21,Dry,Optimal,Medium,Water Pump OFF,5,Optimal,Optimal,Medium,0.9
1,22,Optimal,Optimal,Medium,Water Pump ON,10,Wet,Optimal,Medium,0.9
1,23,Wet,Optimal,Medium,Close shade curtains,7,Wet,Optimal,Low,0.9
1,24,Wet,Optimal,Low,Open shade curtains,3,Wet,Optimal,Medium,0.9
1,25,Wet,Optimal,Medium,Do nothing,7,Wet,Optimal,High,0.9
1,26,Wet,Optimal,High,Open shade curtains,3,Wet,Optimal,High,0.9
1,27,Wet,Optimal,High,Close shade curtains,3,Wet,Optimal,Low,0.9
1,28,Wet,Optimal,Low,Do nothing,3,Wet,Optimal,Low,0.9
1,29,Wet,Optimal,Low,Water Pump OFF,3,Wet,Optimal,Low,0.9
1,30,Wet,Optimal,Low,Heater ON,3,Wet,High,Low,0.9
1,31,Wet,High,Low,Do nothing,0,Wet,High,Low,0.9
1,32,Wet,High,Low,Water Pump OFF,0,Optimal,High,Low,0.9
1,33,Optimal,High,Low,Water Pump ON,3,Wet,High,Low,0.9
1,34,Wet,High,Low,Heater OFF,0,Wet,Optimal,Low,0.9
1,35,Wet,Optimal,Low,Water Pump OFF,3,Optimal,Optimal,Low,0.9
1,36,Optimal,Optimal,Low,Open shade curtains,6,Optimal,Optimal,Medium,0.9
1,37,Optimal,Optimal,Medium,Close shade curtains,10,Optimal,Optimal,Low,0.9
1,38,Optimal,Optimal,Low,Close shade curtains,6,Optimal,Optimal,Low,0.9
1,39,Optimal,Optimal,Low,Heater ON,6,Optimal,High,Low,0.9
1,40,Optimal,High,Low,Water Pump OFF,3,Dry,High,Low,0.9
1,41,Dry,High,Low,Open shade curtains,0,Dry,High,Medium,0.9
1,42,Dry,High,Medium,Water Pump OFF,2,Optimal,High,Low,0.9
1,43,Optimal,High,Low,Water Pump OFF,3,Dry,High,Low,0.9
1,44,Dry,High,Low,Water Pump OFF,-2,Optimal,High,Low,0.9
1,45,Optimal,High,Low,Do nothing,3,Optimal,High,Low,0.9
1,46,Optimal,High,Low,Water Pump ON,3,Wet,High,Low,0.9
1,47,Wet,High,Low,Open shade curtains,0,Wet,High,Medium,0.9
1,48,Wet,High,Medium,Heater OFF,4,Wet,Optimal,Medium,0.9
1,49,Wet,Optimal,Medium,Water Pump OFF,7,Optimal,Optimal,Medium,0.9
1,50,Optimal,Optimal,Medium,Open shade curtains,10,Optimal,Optimal,High,0.9
2,1,Dry,High,Low,Heater ON,-5,Dry,High,Low,0.88
2,2,Dry,High,Low,Water Pump OFF,-2,Optimal,High,Low,0.88
2,3,Optimal,High,Low,Water Pump OFF,3,Dry,High,Low,0.88
2,4,Dry,High,Low,Heater ON,-5,Dry,High,Low,0.88
2,5,Dry,High,Low,Water Pump OFF,-2,Optimal,High,Low,0.88
2,6,Optimal,High,Low,Open shade curtains,3,Optimal,High,Medium,0.88
2,7,Optimal,High,Medium,Do nothing,7,Optimal,High,Medium,0.88
2,8,Optimal,High,Medium,Do nothing,7,Optimal,High,Medium,0.88
2,9,Optimal,High,Medium,Open shade curtains,7,Optimal,High,High,0.88
2,10,Optimal,High,High,Do nothing,3,Optimal,High,High,0.88
2,11,Optimal,High,High,Water Pump ON,3,Wet,High,High,0.88
2,12,Wet,High,High,Do nothing,0,Wet,High,High,0.88
2,13,Wet,High,High,Water Pump ON,-5,Wet,High,High,0.88
2,14,Wet,High,High,Open shade curtains,0,Wet,High,High,0.88
2,15,Wet,High,High,Water Pump ON,-5,Wet,High,High,0.88
2,16,Wet,High,High,Do nothing,0,Wet,High,High,0.88
2,17,Wet,High,High,Water Pump ON,-5,Wet,High,High,0.88
2,18,Wet,High,High,Water Pump ON,-5,Wet,High,Low,0.88
2,19,Wet,High,Low,Open shade curtains,0,Wet,High,Medium,0.88
2,20,Wet,High,Medium,Open shade curtains,4,Wet,High,High,0.88
2,21,Wet,High,High,Open shade curtains,0,Wet,High,High,0.88
2,22,Wet,High,High,Heater ON,-5,Wet,High,High,0.88
2,23,Wet,High,High,Heater OFF,0,Wet,Optimal,High,0.88
2,24,Wet,Optimal,High,Do nothing,3,Wet,Optimal,High,0.88
2,25,Wet,Optimal,High,Open shade curtains,3,Wet,Optimal,High,0.88
2,26,Wet,Optimal,High,Heater ON,3,Wet,Optimal,High,0.88
2,27,Wet,Optimal,High,Heater OFF,3,Wet,Low,High,0.88
2,28,Wet,Low,High,Heater ON,0,Wet,Optimal,High,0.88
2,29,Wet,Optimal,High,Heater ON,3,Wet,High,High,0.88
2,30,Wet,High,High,Heater OFF,0,Wet,Optimal,High,0.88
2,31,Wet,Optimal,High,Open shade curtains,3,Wet,Optimal,High,0.88
2,32,Wet,Optimal,High,Water Pump ON,-2,Wet,Optimal,High,0.88
2,33,Wet,Optimal,High,Water Pump ON,-2,Wet,Optimal,High,0.88
2,34,Wet,Optimal,High,Water Pump ON,-2,Wet,Optimal,High,0.88
2,35,Wet,Optimal,High,Open shade curtains,3,Wet,Optimal,High,0.88
2,36,Wet,Optimal,High,Do nothing,3,Wet,Optimal,High,0.88
2,37,Wet,Optimal,High,Water Pump ON,-2,Wet,Optimal,High,0.88
2,38,Wet,Optimal,High,Open shade curtains,3,Wet,Optimal,High,0.88
2,39,Wet,Optimal,High,Open shade curtains,3,Wet,Optimal,High,0.88
2,40,Wet,Optimal,High,Water Pump OFF,3,Wet,Optimal,High,0.88
2,41,Wet,Optimal,High,Water Pump ON,-2,Wet,Optimal,High,0.88
2,42,Wet,Optimal,High,Open shade curtains,3,Wet,Optimal,High,0.88
2,43,Wet,Optimal,High,Close shade curtains,3,Wet,Optimal,Medium,0.88
2,44,Wet,Optimal,Medium,Water Pump ON,2,Wet,Optimal,Medium,0.88
2,45,Wet,Optimal,Medium,Do nothing,7,Wet,Optimal,Medium,0.88
2,46,Wet,Optimal,Medium,Open shade curtains,7,Wet,Optimal,High,0.88
2,47,Wet,Optimal,High,Water Pump OFF,3,Optimal,Optimal,High,0.88
2,48,Optimal,Optimal,High,Heater ON,6,Optimal,High,High,0.88
2,49,Optimal,High,High,Open shade curtains,3,Optimal,High,High,0.88
2,50,Optimal,High,High,Water Pump OFF,3,Optimal,High,High,0.88
3,1,Wet,Low,High,Water Pump ON,-5,Wet,Low,High,0.86
3,2,Wet,Low,High,Water Pump OFF,0,Optimal,Low,High,0.86
3,3,Optimal,Low,High,Open shade curtains,3,Optimal,Low,High,0.86
3,4,Optimal,Low,High,Heater OFF,3,Optimal,Optimal,High,0.86
3,5,Optimal,Optimal,High,Water Pump ON,6,Wet,Optimal,High,0.86
3,6,Wet,Optimal,High,Close shade curtains,3,Wet,Optimal,Medium,0.86
3,7,Wet,Optimal,Medium,Open shade curtains,7,Wet,Optimal,High,0.86
3,8,Wet,Optimal,High,Open shade curtains,3,Wet,Optimal,High,0.86
3,9,Wet,Optimal,High,Open shade curtains,3,Wet,Optimal,High,0.86
3,10,Wet,Optimal,High,Open shade curtains,3,Wet,Optimal,High,0.86
3,11,Wet,Optimal,High,Open shade curtains,3,Wet,Optimal,High,0.86
3,12,Wet,Optimal,High,Heater ON,3,Wet,High,High,0.86
3,13,Wet,High,High,Water Pump ON,-5,Wet,High,High,0.86
3,14,Wet,High,High,Water Pump OFF,0,Optimal,High,High,0.86
3,15,Optimal,High,High,Open shade curtains,3,Optimal,High,High,0.86
3,16,Optimal,High,High,Close shade curtains,3,Optimal,High,Medium,0.86
3,17,Optimal,High,Medium,Heater ON,2,Optimal,High,Medium,0.86
3,18,Optimal,High,Medium,Heater OFF,7,Optimal,Optimal,Medium,0.86
3,19,Optimal,Optimal,Medium,Open shade curtains,10,Optimal,Optimal,High,0.86
3,20,Optimal,Optimal,High,Open shade curtains,6,Optimal,Optimal,High,0.86
3,21,Optimal,Optimal,High,Do nothing,6,Optimal,Optimal,High,0.86
3,22,Optimal,Optimal,High,Heater ON,6,Optimal,Optimal,High,0.86
3,23,Optimal,Optimal,High,Heater ON,6,Optimal,High,High,0.86
3,24,Optimal,High,High,Open shade curtains,3,Optimal,High,High,0.86
3,25,Optimal,High,High,Water Pump OFF,3,Dry,High,High,0.86
3,26,Dry,High,High,Heater ON,-5,Dry,High,High,0.86
3,27,Dry,High,High,Open shade curtains,0,Dry,High,High,0.86
3,28,Dry,High,High,Close shade curtains,0,Dry,High,Medium,0.86
3,29,Dry,High,Medium,Open shade curtains,4,Dry,High,High,0.86
3,30,Dry,High,High,Heater ON,-5,Dry,High,High,0.86
3,31,Dry,High,High,Heater OFF,0,Dry,Optimal,High,0.86
3,32,Dry,Optimal,High,Open shade curtains,3,Dry,Optimal,High,0.86
3,33,Dry,Optimal,High,Do nothing,3,Dry,Optimal,High,0.86
3,34,Dry,Optimal,High,Close shade curtains,3,Dry,Optimal,High,0.86
3,35,Dry,Optimal,High,Close shade curtains,3,Dry,Optimal,Medium,0.86
3,36,Dry,Optimal,Medium,Open shade curtains,7,Dry,Optimal,High,0.86
3,37,Dry,Optimal,High,Do nothing,3,Dry,Optimal,High,0.86
3,38,Dry,Optimal,High,Do nothing,3,Dry,Optimal,High,0.86
3,39,Dry,Optimal,High,Water Pump ON,3,Optimal,Optimal,High,0.86
3,40,Optimal,Optimal,High,Do nothing,6,Optimal,Optimal,High,0.86
3,41,Optimal,Optimal,High,Close shade curtains,6,Optimal,Optimal,Medium,0.86
3,42,Optimal,Optimal,Medium,Heater OFF,10,Optimal,Low,Medium,0.86
3,43,Optimal,Low,Medium,Heater OFF,7,Optimal,Optimal,Medium,0.86
3,44,Optimal,Optimal,Medium,Heater ON,10,Optimal,High,Medium,0.86
3,45,Optimal,High,Medium,Water Pump OFF,7,Dry,High,Medium,0.86
3,46,Dry,High,Medium,Water Pump OFF,2,Optimal,High,Medium,0.86
3,47,Optimal,High,Medium,Open shade curtains,7,Optimal,High,High,0.86
3,48,Optimal,High,High,Open shade curtains,3,Optimal,High,High,0.86
3,49,Optimal,High,High,Heater ON,-2,Optimal,High,High,0.86
3,50,Optimal,High,High,Heater ON,-2,Optimal,High,High,0.86
4,1,Wet,Optimal,High,Do nothing,3,Wet,Optimal,High,0.84
4,2,Wet,Optimal,High,Water Pump OFF,3,Optimal,Optimal,High,0.84
4,3,Optimal,Optimal,High,Open shade curtains,6,Optimal,Optimal,High,0.84
4,4,Optimal,Optimal,High,Water Pump ON,6,Wet,Optimal,High,0.84
4,5,Wet,Optimal,High,Open shade curtains,3,Wet,Optimal,High,0.84
4,6,Wet,Optimal,High,Open shade curtains,3,Wet,Optimal,High,0.84
4,7,Wet,Optimal,High,Open shade curtains,3,Wet,Optimal,Medium,0.84
4,8,Wet,Optimal,Medium,Heater OFF,7,Wet,Low,Medium,0.84
4,9,Wet,Low,Medium,Open shade curtains,4,Wet,Low,High,0.84
4,10,Wet,Low,High,Do nothing,0,Wet,Low,Low,0.84
4,11,Wet,Low,Low,Water Pump ON,-5,Wet,Low,Low,0.84
4,12,Wet,Low,Low,Heater ON,0,Wet,Optimal,Low,0.84
4,13,Wet,Optimal,Low,Water Pump OFF,3,Optimal,Optimal,Low,0.84
4,14,Optimal,Optimal,Low,Water Pump ON,6,Wet,Optimal,Low,0.84
4,15,Wet,Optimal,Low,Heater ON,3,Wet,High,Low,0.84
4,16,Wet,High,Low,Close shade curtains,0,Wet,High,Low,0.84
4,17,Wet,High,Low,Do nothing,0,Wet,High,Low,0.84
4,18,Wet,High,Low,Water Pump ON,-5,Wet,High,Low,0.84
4,19,Wet,High,Low,Water Pump ON,-5,Wet,High,Low,0.84
4,20,Wet,High,Low,Heater ON,-5,Wet,High,Low,0.84
4,21,Wet,High,Low,Heater ON,-5,Wet,High,Low,0.84
4,22,Wet,High,Low,Water Pump OFF,0,Optimal,High,Low,0.84
4,23,Optimal,High,Low,Do nothing,3,Optimal,High,Low,0.84
4,24,Optimal,High,Low,Do nothing,3,Optimal,High,Low,0.84
4,25,Optimal,High,Low,Heater ON,-2,Optimal,High,Low,0.84
4,26,Optimal,High,Low,Heater ON,-2,Optimal,High,Low,0.84
4,27,Optimal,High,Low,Heater OFF,3,Optimal,Optimal,Low,0.84
4,28,Optimal,Optimal,Low,Water Pump OFF,6,Dry,Optimal,Low,0.84
4,29,Dry,Optimal,Low,Heater ON,3,Dry,High,Low,0.84
4,30,Dry,High,Low,Water Pump ON,0,Optimal,High,Low,0.84
4,31,Optimal,High,Low,Water Pump ON,3,Wet,High,Low,0.84
4,32,Wet,High,Low,Close shade curtains,0,Wet,High,Low,0.84
4,33,Wet,High,Low,Water Pump OFF,0,Wet,High,Low,0.84
4,34,Wet,High,Low,Water Pump ON,-5,Wet,High,Low,0.84
4,35,Wet,High,Low,Close shade curtains,0,Wet,High,Low,0.84
4,36,Wet,High,Low,Open shade curtains,0,Wet,High,Medium,0.84
4,37,Wet,High,Medium,Water Pump OFF,4,Optimal,High,Medium,0.84
4,38,Optimal,High,Medium,Water Pump ON,7,Wet,High,Medium,0.84
4,39,Wet,High,Medium,Close shade curtains,4,Wet,High,Medium,0.84
4,40,Wet,High,Medium,Close shade curtains,4,Wet,High,Low,0.84
4,41,Wet,High,Low,Do nothing,0,Wet,High,Low,0.84
4,42,Wet,High,Low,Close shade curtains,0,Wet,High,Low,0.84
4,43,Wet,High,Low,Open shade curtains,0,Wet,High,Medium,0.84
4,44,Wet,High,Medium,Water Pump OFF,4,Optimal,High,Medium,0.84
4,45,Optimal,High,Medium,Do nothing,7,Optimal,High,Medium,0.84
4,46,Optimal,High,Medium,Close shade curtains,7,Optimal,High,Low,0.84
4,47,Optimal,High,Low,Water Pump OFF,3,Dry,High,Low,0.84
4,48,Dry,High,Low,Water Pump ON,0,Optimal,High,Low,0.84
4,49,Optimal,High,Low,Do nothing,3,Optimal,High,Low,0.84
4,50,Optimal,High,Low,Heater OFF,3,Optimal,Optimal,Low,0.84
5,1,Optimal,High,Low,Water Pump OFF,3,Dry,High,Low,0.82
5,2,Dry,High,Low,Close shade curtains,0,Dry,High,Low,0.82
5,3,Dry,High,Low,Close shade curtains,0,Dry,High,High,0.82
5,4,Dry,High,High,Close shade curtains,0,Dry,High,Medium,0.82
5,5,Dry,High,Medium,Water Pump ON,4,Optimal,High,Medium,0.82
5,6,Optimal,High,Medium,Close shade curtains,7,Optimal,High,Low,0.82
5,7,Optimal,High,Low,Water Pump OFF,3,Dry,High,Low,0.82
5,8,Dry,High,Low,Water Pump OFF,-2,Dry,High,Low,0.82
5,9,Dry,High,Low,Heater OFF,0,Dry,Optimal,Low,0.82
5,10,Dry,Optimal,Low,Water Pump ON,3,Optimal,Optimal,Low,0.82
5,11,Optimal,Optimal,Low,Water Pump OFF,6,Dry,Optimal,Low,0.82
5,12,Dry,Optimal,Low,Water Pump ON,3,Optimal,Optimal,High,0.82
5,13,Optimal,Optimal,High,Close shade curtains,6,Optimal,Optimal,Medium,0.82
5,14,Optimal,Optimal,Medium,Close shade curtains,10,Optimal,Optimal,Medium,0.82
5,15,Optimal,Optimal,Medium,Open shade curtains,10,Optimal,Optimal,High,0.82
5,16,Optimal,Optimal,High,Heater OFF,6,Optimal,Optimal,High,0.82
5,17,Optimal,Optimal,High,Do nothing,6,Optimal,Optimal,High,0.82
5,18,Optimal,Optimal,High,Do nothing,6,Optimal,Optimal,Low,0.82
5,19,Optimal,Optimal,Low,Close shade curtains,6,Optimal,Optimal,Low,0.82
5,20,Optimal,Optimal,Low,Heater OFF,6,Optimal,Low,Low,0.82
5,21,Optimal,Low,Low,Do nothing,3,Optimal,Low,Low,0.82
5,22,Optimal,Low,Low,Water Pump ON,3,Optimal,Low,Low,0.82
5,23,Optimal,Low,Low,Water Pump ON,3,Wet,Low,Low,0.82
5,24,Wet,Low,Low,Close shade curtains,0,Wet,Low,Low,0.82
5,25,Wet,Low,Low,Do nothing,0,Wet,Low,Low,0.82
5,26,Wet,Low,Low,Heater ON,0,Wet,Optimal,Medium,0.82
5,27,Wet,Optimal,Medium,Open shade curtains,7,Wet,Optimal,High,0.82
5,28,Wet,Optimal,High,Heater ON,3,Wet,High,High,0.82
5,29,Wet,High,High,Heater ON,-5,Wet,High,High,0.82
5,30,Wet,High,High,Open shade curtains,0,Wet,High,High,0.82
5,31,Wet,High,High,Water Pump OFF,0,Optimal,High,High,0.82
5,32,Optimal,High,High,Water Pump ON,3,Optimal,High,High,0.82
5,33,Optimal,High,High,Heater ON,-2,Optimal,High,High,0.82
5,34,Optimal,High,High,Do nothing,3,Optimal,High,High,0.82
5,35,Optimal,High,High,Heater ON,-2,Optimal,High,High,0.82
5,36,Optimal,High,High,Heater ON,-2,Optimal,High,High,0.82
5,37,Optimal,High,High,Open shade curtains,3,Optimal,High,High,0.82
5,38,Optimal,High,High,Close shade curtains,3,Optimal,High,Medium,0.82
5,39,Optimal,High,Medium,Close shade curtains,7,Optimal,High,Low,0.82
5,40,Optimal,High,Low,Open shade curtains,3,Optimal,High,Medium,0.82
5,41,Optimal,High,Medium,Do nothing,7,Optimal,High,Medium,0.82
5,42,Optimal,High,Medium,Water Pump ON,7,Wet,High,Medium,0.82
5,43,Wet,High,Medium,Do nothing,4,Wet,High,Medium,0.82
5,44,Wet,High,Medium,Open shade curtains,4,Wet,High,High,0.82
5,45,Wet,High,High,Heater OFF,0,Wet,Optimal,High,0.82
5,46,Wet,Optimal,High,Heater OFF,3,Wet,Low,High,0.82
5,47,Wet,Low,High,Close shade curtains,0,Wet,Low,Medium,0.82
5,48,Wet,Low,Medium,Do nothing,4,Wet,Low,Medium,0.82
5,49,Wet,Low,Medium,Heater ON,4,Wet,Optimal,Medium,0.82
5,50,Wet,Optimal,Medium,Water Pump OFF,7,Optimal,Optimal,Medium,0.82
6,1,Wet,Optimal,Low,Open shade curtains,3,Wet,Optimal,Medium,0.8
6,2,Wet,Optimal,Medium,Water Pump ON,2,Wet,Optimal,Medium,0.8
6,3,Wet,Optimal,Medium,Open shade curtains,7,Wet,Optimal,High,0.8
6,4,Wet,Optimal,High,Water Pump ON,-2,Wet,Optimal,High,0.8
6,5,Wet,Optimal,High,Do nothing,3,Wet,Optimal,High,0.8
6,6,Wet,Optimal,High,Water Pump ON,-2,Wet,Optimal,High,0.8
6,7,Wet,Optimal,High,Water Pump ON,-2,Wet,Optimal,High,0.8
6,8,Wet,Optimal,High,Heater OFF,3,Wet,Low,High,0.8
6,9,Wet,Low,High,Heater ON,0,Wet,Low,High,0.8
6,10,Wet,Low,High,Do nothing,0,Wet,Low,High,0.8
6,11,Wet,Low,High,Heater OFF,0,Wet,Optimal,Low,0.8
6,12,Wet,Optimal,Low,Water Pump OFF,3,Wet,Optimal,Low,0.8
6,13,Wet,Optimal,Low,Do nothing,3,Wet,Optimal,Low,0.8
6,14,Wet,Optimal,Low,Open shade curtains,3,Wet,Optimal,Medium,0.8
6,15,Wet,Optimal,Medium,Open shade curtains,7,Wet,Optimal,High,0.8
6,16,Wet,Optimal,High,Water Pump ON,-2,Wet,Optimal,High,0.8
6,17,Wet,Optimal,High,Heater ON,3,Wet,High,High,0.8
6,18,Wet,High,High,Heater ON,-5,Wet,High,High,0.8
6,19,Wet,High,High,Do nothing,0,Wet,High,High,0.8
6,20,Wet,High,High,Water Pump OFF,0,Wet,High,High,0.8
6,21,Wet,High,High,Water Pump ON,-5,Wet,High,High,0.8
6,22,Wet,High,High,Heater ON,-5,Wet,High,High,0.8
6,23,Wet,High,High,Do nothing,0,Wet,High,High,0.8
6,24,Wet,High,High,Do nothing,0,Wet,High,High,0.8
6,25,Wet,High,High,Open shade curtains,0,Wet,High,High,0.8
6,26,Wet,High,High,Open shade curtains,0,Wet,High,High,0.8
6,27,Wet,High,High,Water Pump OFF,0,Wet,High,High,0.8
6,28,Wet,High,High,Do nothing,0,Wet,High,High,0.8
6,29,Wet,High,High,Water Pump OFF,0,Optimal,High,High,0.8
6,30,Optimal,High,High,Water Pump OFF,3,Dry,High,High,0.8
6,31,Dry,High,High,Water Pump OFF,-2,Optimal,High,High,0.8
6,32,Optimal,High,High,Heater ON,-2,Optimal,High,High,0.8
6,33,Optimal,High,High,Water Pump OFF,3,Optimal,High,High,0.8
6,34,Optimal,High,High,Open shade curtains,3,Optimal,High,High,0.8
6,35,Optimal,High,High,Water Pump OFF,3,Dry,High,High,0.8
6,36,Dry,High,High,Close shade curtains,0,Dry,High,Medium,0.8
6,37,Dry,High,Medium,Open shade curtains,4,Dry,High,High,0.8
6,38,Dry,High,High,Close shade curtains,0,Dry,High,Medium,0.8
6,39,Dry,High,Medium,Heater OFF,4,Dry,Optimal,Medium,0.8
6,40,Dry,Optimal,Medium,Heater ON,7,Dry,Optimal,Medium,0.8
6,41,Dry,Optimal,Medium,Heater OFF,7,Dry,Low,Medium,0.8
6,42,Dry,Low,Medium,Do nothing,4,Dry,Low,Medium,0.8
6,43,Dry,Low,Medium,Heater OFF,4,Dry,Optimal,Medium,0.8
6,44,Dry,Optimal,Medium,Water Pump ON,7,Optimal,Optimal,Medium,0.8
6,45,Optimal,Optimal,Medium,Open shade curtains,10,Optimal,Optimal,High,0.8
6,46,Optimal,Optimal,High,Heater OFF,6,Optimal,Low,High,0.8
6,47,Optimal,Low,High,Heater OFF,3,Optimal,Optimal,High,0.8
6,48,Optimal,Optimal,High,Open shade curtains,6,Optimal,Optimal,High,0.8
6,49,Optimal,Optimal,High,Open shade curtains,6,Optimal,Optimal,High,0.8
6,50,Optimal,Optimal,High,Water Pump ON,6,Wet,Optimal,High,0.8
7,1,Dry,High,Low,Do nothing,0,Dry,High,Low,0.78
7,2,Dry,High,Low,Open shade curtains,0,Dry,High,Medium,0.78
7,3,Dry,High,Medium,Heater ON,-1,Dry,High,Medium,0.78
7,4,Dry,High,Medium,Open shade curtains,4,Dry,High,High,0.78
7,5,Dry,High,High,Open shade curtains,0,Dry,High,High,0.78
7,6,Dry,High,High,Water Pump ON,0,Optimal,High,High,0.78
7,7,Optimal,High,High,Water Pump OFF,3,Dry,High,High,0.78
7,8,Dry,High,High,Open shade curtains,0,Dry,High,High,0.78
7,9,Dry,High,High,Do nothing,0,Dry,High,High,0.78
7,10,Dry,High,High,Heater OFF,0,Dry,Optimal,High,0.78
7,11,Dry,Optimal,High,Heater ON,3,Dry,High,High,0.78
7,12,Dry,High,High,Heater OFF,0,Dry,Optimal,High,0.78
7,13,Dry,Optimal,High,Do nothing,3,Dry,Optimal,High,0.78
7,14,Dry,Optimal,High,Heater OFF,3,Dry,Low,High,0.78
7,15,Dry,Low,High,Water Pump OFF,-2,Optimal,Low,High,0.78
7,16,Optimal,Low,High,Heater ON,3,Optimal,Optimal,High,0.78
7,17,Optimal,Optimal,High,Water Pump OFF,6,Dry,Optimal,High,0.78
7,18,Dry,Optimal,High,Heater ON,3,Dry,High,High,0.78
7,19,Dry,High,High,Heater OFF,0,Dry,Optimal,High,0.78
7,20,Dry,Optimal,High,Water Pump OFF,1,Optimal,Optimal,High,0.78
7,21,Optimal,Optimal,High,Water Pump ON,6,Wet,Optimal,High,0.78
7,22,Wet,Optimal,High,Water Pump ON,-2,Wet,Optimal,High,0.78
7,23,Wet,Optimal,High,Heater OFF,3,Wet,Low,High,0.78
7,24,Wet,Low,High,Do nothing,0,Wet,Low,High,0.78
7,25,Wet,Low,High,Water Pump OFF,0,Optimal,Low,High,0.78
7,26,Optimal,Low,High,Open shade curtains,3,Optimal,Low,High,0.78
7,27,Optimal,Low,High,Open shade curtains,3,Optimal,Low,High,0.78
7,28,Optimal,Low,High,Water Pump ON,3,Wet,Low,High,0.78
7,29,Wet,Low,High,Heater OFF,0,Wet,Optimal,High,0.78
7,30,Wet,Optimal,High,Water Pump OFF,3,Optimal,Optimal,Low,0.78
7,31,Optimal,Optimal,Low,Do nothing,6,Optimal,Optimal,Low,0.78
7,32,Optimal,Optimal,Low,Water Pump ON,6,Wet,Optimal,Low,0.78
7,33,Wet,Optimal,Low,Close shade curtains,3,Wet,Optimal,Low,0.78
7,34,Wet,Optimal,Low,Water Pump OFF,3,Optimal,Optimal,Low,0.78
7,35,Optimal,Optimal,Low,Water Pump OFF,6,Dry,Optimal,Low,0.78
7,36,Dry,Optimal,Low,Water Pump OFF,1,Dry,Optimal,Low,0.78
7,37,Dry,Optimal,Low,Water Pump OFF,1,Optimal,Optimal,Low,0.78
7,38,Optimal,Optimal,Low,Water Pump ON,6,Wet,Optimal,Low,0.78
7,39,Wet,Optimal,Low,Heater OFF,3,Wet,Low,Low,0.78
7,40,Wet,Low,Low,Water Pump ON,-5,Wet,Low,Medium,0.78
7,41,Wet,Low,Medium,Heater ON,4,Wet,Optimal,Medium,0.78
7,42,Wet,Optimal,Medium,Heater ON,7,Wet,High,Low,0.78
7,43,Wet,High,Low,Water Pump ON,-5,Wet,High,Low,0.78
7,44,Wet,High,Low,Water Pump OFF,0,Optimal,High,Low,0.78
7,45,Optimal,High,Low,Open shade curtains,3,Optimal,High,Medium,0.78
7,46,Optimal,High,Medium,Do nothing,7,Optimal,High,Medium,0.78
7,47,Optimal,High,Medium,Water Pump OFF,7,Dry,High,Medium,0.78
7,48,Dry,High,Medium,Heater OFF,4,Dry,High,Medium,0.78
7,49,Dry,High,Medium,Heater OFF,4,Dry,Optimal,Medium,0.78
7,50,Dry,Optimal,Medium,Heater OFF,7,Dry,Low,Medium,0.78
8,1,Wet,Optimal,Medium,Water Pump OFF,7,Optimal,Optimal,Medium,0.76
8,2,Optimal,Optimal,Medium,Close shade curtains,10,Optimal,Optimal,Medium,0.76
8,3,Optimal,Optimal,Medium,Water Pump OFF,10,Dry,Optimal,Medium,0.76
8,4,Dry,Optimal,Medium,Heater OFF,7,Dry,Low,Medium,0.76
8,5,Dry,Low,Medium,Water Pump OFF,2,Optimal,Low,Medium,0.76
8,6,Optimal,Low,Medium,Open shade curtains,7,Optimal,Low,High,0.76
8,7,Optimal,Low,High,Heater OFF,3,Optimal,Low,High,0.76
8,8,Optimal,Low,High,Heater OFF,3,Optimal,Optimal,High,0.76
8,9,Optimal,Optimal,High,Water Pump OFF,6,Dry,Optimal,High,0.76
8,10,Dry,Optimal,High,Heater ON,3,Dry,High,High,0.76
8,11,Dry,High,High,Heater OFF,0,Dry,Optimal,High,0.76
8,12,Dry,Optimal,High,Heater OFF,3,Dry,Low,High,0.76
8,13,Dry,Low,High,Do nothing,0,Dry,Low,High,0.76
8,14,Dry,Low,High,Open shade curtains,0,Dry,Low,Medium,0.76
8,15,Dry,Low,Medium,Close shade curtains,4,Dry,Low,Low,0.76
8,16,Dry,Low,Low,Water Pump ON,0,Optimal,Low,Low,0.76
8,17,Optimal,Low,Low,Close shade curtains,3,Optimal,Low,Low,0.76
8,18,Optimal,Low,Low,Water Pump ON,3,Wet,Low,Low,0.76
8,19,Wet,Low,Low,Do nothing,0,Wet,Low,Low,0.76
8,20,Wet,Low,Low,Heater OFF,0,Wet,Optimal,Low,0.76
8,21,Wet,Optimal,Low,Heater OFF,3,Wet,Low,Low,0.76
8,22,Wet,Low,Low,Close shade curtains,0,Wet,Low,Low,0.76
8,23,Wet,Low,Low,Heater OFF,0,Wet,Optimal,High,0.76
8,24,Wet,Optimal,High,Heater ON,3,Wet,High,High,0.76
8,25,Wet,High,High,Water Pump OFF,0,Optimal,High,High,0.76
8,26,Optimal,High,High,Open shade curtains,3,Optimal,High,High,0.76
8,27,Optimal,High,High,Water Pump OFF,3,Dry,High,High,0.76
8,28,Dry,High,High,Open shade curtains,0,Dry,High,High,0.76
8,29,Dry,High,High,Open shade curtains,0,Dry,High,High,0.76
8,30,Dry,High,High,Open shade curtains,0,Dry,High,High,0.76
8,31,Dry,High,High,Water Pump OFF,-2,Optimal,High,High,0.76
8,32,Optimal,High,High,Open shade curtains,3,Optimal,High,High,0.76
8,33,Optimal,High,High,Open shade curtains,3,Optimal,High,High,0.76
8,34,Optimal,High,High,Do nothing,3,Optimal,High,High,0.76
8,35,Optimal,High,High,Heater OFF,3,Optimal,Optimal,High,0.76
8,36,Optimal,Optimal,High,Open shade curtains,6,Optimal,Optimal,High,0.76
8,37,Optimal,Optimal,High,Do nothing,6,Optimal,Optimal,High,0.76
8,38,Optimal,Optimal,High,Open shade curtains,6,Optimal,Optimal,High,0.76
8,39,Optimal,Optimal,High,Do nothing,6,Optimal,Optimal,High,0.76
8,40,Optimal,Optimal,High,Water Pump ON,6,Optimal,Optimal,High,0.76
8,41,Optimal,Optimal,High,Close shade curtains,6,Optimal,Optimal,Medium,0.76
8,42,Optimal,Optimal,Medium,Close shade curtains,10,Optimal,Optimal,Low,0.76
8,43,Optimal,Optimal,Low,Water Pump ON,6,Optimal,Optimal,Low,0.76
8,44,Optimal,Optimal,Low,Water Pump OFF,6,Optimal,Optimal,Low,0.76
8,45,Optimal,Optimal,Low,Water Pump ON,6,Optimal,Optimal,Low,0.76
8,46,Optimal,Optimal,Low,Close shade curtains,6,Optimal,Optimal,Low,0.76
8,47,Optimal,Optimal,Low,Close shade curtains,6,Optimal,Optimal,Low,0.76
8,48,Optimal,Optimal,Low,Heater OFF,6,Optimal,Low,Low,0.76
8,49,Optimal,Low,Low,Close shade curtains,3,Optimal,Low,Low,0.76
8,50,Optimal,Low,Low,Open shade curtains,3,Optimal,Low,Medium,0.76
9,1,Optimal,Optimal,High,Close shade curtains,6,Optimal,Optimal,Medium,0.74
9,2,Optimal,Optimal,Medium,Heater ON,10,Optimal,High,Medium,0.74
9,3,Optimal,High,Medium,Water Pump OFF,7,Dry,High,High,0.74
9,4,Dry,High,High,Close shade curtains,0,Dry,High,Medium,0.74
9,5,Dry,High,Medium,Close shade curtains,4,Dry,High,Medium,0.74
9,6,Dry,High,Medium,Close shade curtains,4,Dry,High,Low,0.74
9,7,Dry,High,Low,Water Pump ON,0,Optimal,High,Low,0.74
9,8,Optimal,High,Low,Water Pump ON,3,Wet,High,Low,0.74
9,9,Wet,High,Low,Close shade curtains,0,Wet,High,Low,0.74
9,10,Wet,High,Low,Water Pump ON,-5,Wet,High,Low,0.74
9,11,Wet,High,Low,Water Pump ON,-5,Wet,High,Low,0.74
9,12,Wet,High,Low,Close shade curtains,0,Wet,High,Low,0.74
9,13,Wet,High,Low,Do nothing,0,Wet,High,Low,0.74
9,14,Wet,High,Low,Close shade curtains,0,Wet,High,Low,0.74
9,15,Wet,High,Low,Open shade curtains,0,Wet,High,Medium,0.74
9,16,Wet,High,Medium,Close shade curtains,4,Wet,High,Medium,0.74
9,17,Wet,High,Medium,Heater OFF,4,Wet,Optimal,Medium,0.74
9,18,Wet,Optimal,Medium,Close shade curtains,7,Wet,Optimal,Low,0.74
9,19,Wet,Optimal,Low,Close shade curtains,3,Wet,Optimal,Low,0.74
9,20,Wet,Optimal,Low,Close shade curtains,3,Wet,Optimal,Low,0.74
9,21,Wet,Optimal,Low,Do nothing,3,Wet,Optimal,Low,0.74
9,22,Wet,Optimal,Low,Water Pump ON,-2,Wet,Optimal,Low,0.74
9,23,Wet,Optimal,Low,Water Pump OFF,3,Optimal,Optimal,Low,0.74
9,24,Optimal,Optimal,Low,Water Pump OFF,6,Dry,Optimal,Low,0.74
9,25,Dry,Optimal,Low,Close shade curtains,3,Dry,Optimal,Low,0.74
9,26,Dry,Optimal,Low,Heater OFF,3,Dry,Low,Low,0.74
9,27,Dry,Low,Low,Heater OFF,0,Dry,Optimal,Low,0.74
9,28,Dry,Optimal,Low,Heater OFF,3,Dry,Optimal,Low,0.74
9,29,Dry,Optimal,Low,Heater OFF,3,Dry,Low,Low,0.74
9,30,Dry,Low,Low,Open shade curtains,0,Dry,Low,Medium,0.74
9,31,Dry,Low,Medium,Open shade curtains,4,Dry,Low,High,0.74
9,32,Dry,Low,High,Open shade curtains,0,Dry,Low,High,0.74
9,33,Dry,Low,High,Do nothing,0,Dry,Low,High,0.74
9,34,Dry,Low,High,Heater ON,0,Dry,Optimal,High,0.74
9,35,Dry,Optimal,High,Close shade curtains,3,Dry,Optimal,Medium,0.74
9,36,Dry,Optimal,Medium,Heater ON,7,Dry,High,Medium,0.74
9,37,Dry,High,Medium,Do nothing,4,Dry,High,Medium,0.74
9,38,Dry,High,Medium,Close shade curtains,4,Dry,High,Low,0.74
9,39,Dry,High,Low,Heater ON,-5,Dry,High,Low,0.74
9,40,Dry,High,Low,Close shade curtains,0,Dry,High,Low,0.74
9,41,Dry,High,Low,Do nothing,0,Dry,High,Low,0.74
9,42,Dry,High,Low,Heater OFF,0,Dry,Optimal,Low,0.74
9,43,Dry,Optimal,Low,Water Pump OFF,1,Optimal,Optimal,Low,0.74
9,44,Optimal,Optimal,Low,Water Pump ON,6,Wet,Optimal,Low,0.74
9,45,Wet,Optimal,Low,Water Pump OFF,3,Optimal,Optimal,Low,0.74
9,46,Optimal,Optimal,Low,Heater OFF,6,Optimal,Low,Low,0.74
9,47,Optimal,Low,Low,Water Pump ON,3,Wet,Low,Low,0.74
9,48,Wet,Low,Low,Close shade curtains,0,Wet,Low,Low,0.74
9,49,Wet,Low,Low,Heater ON,0,Wet,Optimal,Low,0.74
9,50,Wet,Optimal,Low,Close shade curtains,3,Wet,Optimal,Low,0.74
10,1,Optimal,Optimal,High,Water Pump OFF,6,Dry,Optimal,High,0.72
10,2,Dry,Optimal,High,Heater OFF,3,Dry,Low,High,0.72
10,3,Dry,Low,High,Heater ON,0,Dry,Optimal,High,0.72
10,4,Dry,Optimal,High,Water Pump OFF,1,Optimal,Optimal,High,0.72
10,5,Optimal,Optimal,High,Water Pump OFF,6,Dry,Optimal,High,0.72
10,6,Dry,Optimal,High,Heater OFF,3,Dry,Low,High,0.72
10,7,Dry,Low,High,Open shade curtains,0,Dry,Low,High,0.72
10,8,Dry,Low,High,Do nothing,0,Dry,Low,High,0.72
10,9,Dry,Low,High,Heater OFF,0,Dry,Optimal,High,0.72
10,10,Dry,Optimal,High,Water Pump OFF,1,Optimal,Optimal,High,0.72
10,11,Optimal,Optimal,High,Do nothing,6,Optimal,Optimal,High,0.72
10,12,Optimal,Optimal,High,Water Pump OFF,6,Dry,Optimal,High,0.72
10,13,Dry,Optimal,High,Do nothing,3,Dry,Optimal,High,0.72
10,14,Dry,Optimal,High,Close shade curtains,3,Dry,Optimal,High,0.72
10,15,Dry,Optimal,High,Open shade curtains,3,Dry,Optimal,High,0.72
10,16,Dry,Optimal,High,Heater ON,3,Dry,High,High,0.72
10,17,Dry,High,High,Do nothing,0,Dry,High,High,0.72
10,18,Dry,High,High,Water Pump OFF,-2,Optimal,High,High,0.72
10,19,Optimal,High,High,Water Pump ON,3,Wet,High,High,0.72
10,20,Wet,High,High,Water Pump ON,-5,Wet,High,High,0.72
10,21,Wet,High,High,Heater OFF,0,Wet,Optimal,High,0.72
10,22,Wet,Optimal,High,Close shade curtains,3,Wet,Optimal,Medium,0.72
10,23,Wet,Optimal,Medium,Close shade curtains,7,Wet,Optimal,Low,0.72
10,24,Wet,Optimal,Low,Water Pump OFF,3,Optimal,Optimal,Low,0.72
10,25,Optimal,Optimal,Low,Close shade curtains,6,Optimal,Optimal,Low,0.72
10,26,Optimal,Optimal,Low,Heater OFF,6,Optimal,Low,Low,0.72
10,27,Optimal,Low,Low,Close shade curtains,3,Optimal,Low,Low,0.72
10,28,Optimal,Low,Low,Heater OFF,3,Optimal,Optimal,Low,0.72
10,29,Optimal,Optimal,Low,Open shade curtains,6,Optimal,Optimal,Low,0.72
10,30,Optimal,Optimal,Low,Do nothing,6,Optimal,Optimal,Low,0.72
10,31,Optimal,Optimal,Low,Open shade curtains,6,Optimal,Optimal,Medium,0.72
10,32,Optimal,Optimal,Medium,Close shade curtains,10,Optimal,Optimal,Medium,0.72
10,33,Optimal,Optimal,Medium,Heater OFF,10,Optimal,Low,Medium,0.72
10,34,Optimal,Low,Medium,Water Pump OFF,7,Dry,Low,Medium,0.72
10,35,Dry,Low,Medium,Close shade curtains,4,Dry,Low,Low,0.72
10,36,Dry,Low,Low,Do nothing,0,Dry,Low,Low,0.72
10,37,Dry,Low,Low,Do nothing,0,Dry,Low,Low,0.72
10,38,Dry,Low,Low,Water Pump ON,0,Optimal,Low,Low,0.72
10,39,Optimal,Low,Low,Close shade curtains,3,Optimal,Low,Low,0.72
10,40,Optimal,Low,Low,Close shade curtains,3,Optimal,Low,Low,0.72
10,41,Optimal,Low,Low,Close shade curtains,3,Optimal,Low,Low,0.72
10,42,Optimal,Low,Low,Close shade curtains,3,Optimal,Low,Low,0.72
10,43,Optimal,Low,Low,Do nothing,3,Optimal,Low,Low,0.72
10,44,Optimal,Low,Low,Close shade curtains,3,Optimal,Low,Low,0.72
10,45,Optimal,Low,Low,Close shade curtains,3,Optimal,Low,Low,0.72
10,46,Optimal,Low,Low,Open shade curtains,3,Optimal,Low,Medium,0.72
10,47,Optimal,Low,Medium,Open shade curtains,7,Optimal,Low,High,0.72
10,48,Optimal,Low,High,Open shade curtains,3,Optimal,Low,High,0.72
10,49,Optimal,Low,High,Water Pump OFF,3,Dry,Low,High,0.72
10,50,Dry,Low,High,Open shade curtains,0,Dry,Low,High,0.72
11,1,Wet,Low,High,Heater ON,0,Wet,Optimal,High,0.7
11,2,Wet,Optimal,High,Close shade curtains,3,Wet,Optimal,Medium,0.7
11,3,Wet,Optimal,Medium,Water Pump ON,2,Wet,Optimal,Medium,0.7
11,4,Wet,Optimal,Medium,Water Pump OFF,7,Wet,Optimal,Medium,0.7
11,5,Wet,Optimal,Medium,Open shade curtains,7,Wet,Optimal,High,0.7
11,6,Wet,Optimal,High,Water Pump ON,-2,Wet,Optimal,High,0.7
11,7,Wet,Optimal,High,Do nothing,3,Wet,Optimal,High,0.7
11,8,Wet,Optimal,High,Open shade curtains,3,Wet,Optimal,High,0.7
11,9,Wet,Optimal,High,Open shade curtains,3,Wet,Optimal,High,0.7
11,10,Wet,Optimal,High,Close shade curtains,3,Wet,Optimal,Medium,0.7
11,11,Wet,Optimal,Medium,Heater OFF,7,Wet,Low,Medium,0.7
11,12,Wet,Low,Medium,Water Pump OFF,4,Optimal,Low,Medium,0.7
11,13,Optimal,Low,Medium,Close shade curtains,7,Optimal,Low,Low,0.7
11,14,Optimal,Low,Low,Close shade curtains,3,Optimal,Low,Low,0.7
11,15,Optimal,Low,Low,Water Pump OFF,3,Dry,Low,Low,0.7
11,16,Dry,Low,Low,Close shade curtains,0,Dry,Low,Low,0.7
11,17,Dry,Low,Low,Close shade curtains,0,Dry,Low,Low,0.7
11,18,Dry,Low,Low,Water Pump ON,0,Dry,Low,Low,0.7
11,19,Dry,Low,Low,Close shade curtains,0,Dry,Low,Low,0.7
11,20,Dry,Low,Low,Water Pump ON,0,Optimal,Low,Medium,0.7
11,21,Optimal,Low,Medium,Close shade curtains,7,Optimal,Low,Low,0.7
11,22,Optimal,Low,Low,Do nothing,3,Optimal,Low,Low,0.7
11,23,Optimal,Low,Low,Water Pump OFF,3,Dry,Low,Low,0.7
11,24,Dry,Low,Low,Close shade curtains,0,Dry,Low,Low,0.7
11,25,Dry,Low,Low,Do nothing,0,Dry,Low,Low,0.7
11,26,Dry,Low,Low,Heater ON,0,Dry,Optimal,Low,0.7
11,27,Dry,Optimal,Low,Heater OFF,3,Dry,Low,Low,0.7
11,28,Dry,Low,Low,Do nothing,0,Dry,Low,Low,0.7
11,29,Dry,Low,Low,Open shade curtains,0,Dry,Low,Medium,0.7
11,30,Dry,Low,Medium,Heater ON,4,Dry,Optimal,Medium,0.7
11,31,Dry,Optimal,Medium,Water Pump OFF,5,Optimal,Optimal,Medium,0.7
11,32,Optimal,Optimal,Medium,Water Pump OFF,10,Dry,Optimal,Medium,0.7
11,33,Dry,Optimal,Medium,Heater ON,7,Dry,High,Medium,0.7
11,34,Dry,High,Medium,Water Pump OFF,2,Optimal,High,Medium,0.7
11,35,Optimal,High,Medium,Water Pump ON,7,Wet,High,Medium,0.7
11,36,Wet,High,Medium,Water Pump OFF,4,Optimal,High,Medium,0.7
11,37,Optimal,High,Medium,Open shade curtains,7,Optimal,High,High,0.7
11,38,Optimal,High,High,Water Pump OFF,3,Dry,High,High,0.7
11,39,Dry,High,High,Close shade curtains,0,Dry,High,Medium,0.7
11,40,Dry,High,Medium,Close shade curtains,4,Dry,High,Low,0.7
11,41,Dry,High,Low,Close shade curtains,0,Dry,High,Low,0.7
11,42,Dry,High,Low,Water Pump OFF,-2,Optimal,High,Low,0.7
11,43,Optimal,High,Low,Do nothing,3,Optimal,High,Low,0.7
11,44,Optimal,High,Low,Do nothing,3,Optimal,High,Low,0.7
11,45,Optimal,High,Low,Water Pump ON,3,Wet,High,Low,0.7
11,46,Wet,High,Low,Heater ON,-5,Wet,High,Low,0.7
11,47,Wet,High,Low,Water Pump OFF,0,Optimal,High,Low,0.7
11,48,Optimal,High,Low,Do nothing,3,Optimal,High,Low,0.7
11,49,Optimal,High,Low,Heater ON,-2,Optimal,High,Low,0.7
11,50,Optimal,High,Low,Open shade curtains,3,Optimal,High,Medium,0.7
12,1,Wet,Low,Low,Heater ON,0,Wet,Optimal,Low,0.68
12,2,Wet,Optimal,Low,Do nothing,3,Wet,Optimal,Low,0.68
12,3,Wet,Optimal,Low,Water Pump OFF,3,Optimal,Optimal,Low,0.68
12,4,Optimal,Optimal,Low,Close shade curtains,6,Optimal,Optimal,Low,0.68
12,5,Optimal,Optimal,Low,Open shade curtains,6,Optimal,Optimal,Medium,0.68
12,6,Optimal,Optimal,Medium,Heater OFF,10,Optimal,Low,Medium,0.68
12,7,Optimal,Low,Medium,Open shade curtains,7,Optimal,Low,High,0.68
12,8,Optimal,Low,High,Water Pump OFF,3,Dry,Low,High,0.68
12,9,Dry,Low,High,Do nothing,0,Dry,Low,High,0.68
12,10,Dry,Low,High,Water Pump ON,0,Optimal,Low,High,0.68
12,11,Optimal,Low,High,Open shade curtains,3,Optimal,Low,Low,0.68
12,12,Optimal,Low,Low,Open shade curtains,3,Optimal,Low,Medium,0.68
12,13,Optimal,Low,Medium,Open shade curtains,7,Optimal,Low,Medium,0.68
12,14,Optimal,Low,Medium,Heater OFF,7,Optimal,Optimal,Medium,0.68
12,15,Optimal,Optimal,Medium,Water Pump OFF,10,Optimal,Optimal,Medium,0.68
12,16,Optimal,Optimal,Medium,Open shade curtains,10,Optimal,Optimal,High,0.68
12,17,Optimal,Optimal,High,Open shade curtains,6,Optimal,Optimal,High,0.68
12,18,Optimal,Optimal,High,Open shade curtains,6,Optimal,Optimal,High,0.68
12,19,Optimal,Optimal,High,Close shade curtains,6,Optimal,Optimal,Medium,0.68
12,20,Optimal,Optimal,Medium,Do nothing,10,Optimal,Optimal,Medium,0.68
12,21,Optimal,Optimal,Medium,Heater ON,10,Optimal,High,Medium,0.68
12,22,Optimal,High,Medium,Water Pump ON,7,Optimal,High,Medium,0.68
12,23,Optimal,High,Medium,Close shade curtains,7,Optimal,High,Low,0.68
12,24,Optimal,High,Low,Open shade curtains,3,Optimal,High,Medium,0.68
12,25,Optimal,High,Medium,Open shade curtains,7,Optimal,High,High,0.68
12,26,Optimal,High,High,Open shade curtains,3,Optimal,High,High,0.68
12,27,Optimal,High,High,Open shade curtains,3,Optimal,High,High,0.68
12,28,Optimal,High,High,Open shade curtains,3,Optimal,High,High,0.68
12,29,Optimal,High,High,Open shade curtains,3,Optimal,High,High,0.68
12,30,Optimal,High,High,Open shade curtains,3,Optimal,High,Medium,0.68
12,31,Optimal,High,Medium,Water Pump OFF,7,Dry,High,Medium,0.68
12,32,Dry,High,Medium,Close shade curtains,4,Dry,High,Medium,0.68
12,33,Dry,High,Medium,Water Pump ON,4,Dry,High,Medium,0.68
12,34,Dry,High,Medium,Heater ON,-1,Dry,High,Medium,0.68
12,35,Dry,High,Medium,Do nothing,4,Dry,High,Medium,0.68
12,36,Dry,High,Medium,Do nothing,4,Dry,High,Medium,0.68
12,37,Dry,High,Medium,Water Pump ON,4,Dry,High,Medium,0.68
12,38,Dry,High,Medium,Do nothing,4,Dry,High,Medium,0.68
12,39,Dry,High,Medium,Do nothing,4,Dry,High,Medium,0.68
12,40,Dry,High,Medium,Heater OFF,4,Dry,Optimal,Medium,0.68
12,41,Dry,Optimal,Medium,Open shade curtains,7,Dry,Optimal,High,0.68
12,42,Dry,Optimal,High,Water Pump OFF,1,Optimal,Optimal,High,0.68
12,43,Optimal,Optimal,High,Heater ON,6,Optimal,High,High,0.68
12,44,Optimal,High,High,Heater OFF,3,Optimal,Optimal,High,0.68
12,45,Optimal,Optimal,High,Water Pump ON,6,Wet,Optimal,High,0.68
12,46,Wet,Optimal,High,Close shade curtains,3,Wet,Optimal,Medium,0.68
12,47,Wet,Optimal,Medium,Water Pump OFF,7,Optimal,Optimal,Medium,0.68
12,48,Optimal,Optimal,Medium,Heater ON,10,Optimal,High,Medium,0.68
12,49,Optimal,High,Medium,Heater OFF,7,Optimal,Optimal,Medium,0.68
12,50,Optimal,Optimal,Medium,Heater OFF,10,Optimal,Optimal,Medium,0.68
13,1,Optimal,High,Medium,Heater OFF,7,Optimal,Optimal,Medium,0.66
13,2,Optimal,Optimal,Medium,Do nothing,10,Optimal,Optimal,Medium,0.66
13,3,Optimal,Optimal,Medium,Water Pump ON,10,Wet,Optimal,Medium,0.66
13,4,Wet,Optimal,Medium,Heater OFF,7,Wet,Low,Medium,0.66
13,5,Wet,Low,Medium,Heater OFF,4,Wet,Low,Medium,0.66
13,6,Wet,Low,Medium,Heater OFF,4,Wet,Optimal,Medium,0.66
13,7,Wet,Optimal,Medium,Heater OFF,7,Wet,Low,Medium,0.66
13,8,Wet,Low,Medium,Heater OFF,4,Wet,Low,Medium,0.66
13,9,Wet,Low,Medium,Open shade curtains,4,Wet,Low,Medium,0.66
13,10,Wet,Low,Medium,Heater OFF,4,Wet,Optimal,Medium,0.66
13,11,Wet,Optimal,Medium,Heater OFF,7,Wet,Low,Medium,0.66
13,12,Wet,Low,Medium,Open shade curtains,4,Wet,Low,High,0.66
13,13,Wet,Low,High,Do nothing,0,Wet,Low,High,0.66
13,14,Wet,Low,High,Heater OFF,0,Wet,Optimal,High,0.66
13,15,Wet,Optimal,High,Close shade curtains,3,Wet,Optimal,High,0.66
13,16,Wet,Optimal,High,Do nothing,3,Wet,Optimal,High,0.66
13,17,Wet,Optimal,High,Water Pump OFF,3,Optimal,Optimal,High,0.66
13,18,Optimal,Optimal,High,Do nothing,6,Optimal,Optimal,High,0.66
13,19,Optimal,Optimal,High,Do nothing,6,Optimal,Optimal,High,0.66
13,20,Optimal,Optimal,High,Heater OFF,6,Optimal,Low,High,0.66
13,21,Optimal,Low,High,Heater OFF,3,Optimal,Low,High,0.66
13,22,Optimal,Low,High,Water Pump ON,3,Wet,Low,High,0.66
13,23,Wet,Low,High,Heater OFF,0,Wet,Optimal,High,0.66
13,24,Wet,Optimal,High,Do nothing,3,Wet,Optimal,High,0.66
13,25,Wet,Optimal,High,Close shade curtains,3,Wet,Optimal,Medium,0.66
13,26,Wet,Optimal,Medium,Close shade curtains,7,Wet,Optimal,Low,0.66
13,27,Wet,Optimal,Low,Heater ON,3,Wet,High,Low,0.66
13,28,Wet,High,Low,Open shade curtains,0,Wet,High,Medium,0.66
13,29,Wet,High,Medium,Heater OFF,4,Wet,Optimal,Medium,0.66
13,30,Wet,Optimal,Medium,Water Pump OFF,7,Optimal,Optimal,Medium,0.66
13,31,Optimal,Optimal,Medium,Water Pump OFF,10,Dry,Optimal,Medium,0.66
13,32,Dry,Optimal,Medium,Open shade curtains,7,Dry,Optimal,High,0.66
13,33,Dry,Optimal,High,Water Pump OFF,1,Optimal,Optimal,High,0.66
13,34,Optimal,Optimal,High,Do nothing,6,Optimal,Optimal,High,0.66
13,35,Optimal,Optimal,High,Do nothing,6,Optimal,Optimal,High,0.66
13,36,Optimal,Optimal,High,Do nothing,6,Optimal,Optimal,High,0.66
13,37,Optimal,Optimal,High,Close shade curtains,6,Optimal,Optimal,Medium,0.66
13,38,Optimal,Optimal,Medium,Close shade curtains,10,Optimal,Optimal,Medium,0.66
13,39,Optimal,Optimal,Medium,Close shade curtains,10,Optimal,Optimal,Low,0.66
13,40,Optimal,Optimal,Low,Water Pump OFF,6,Dry,Optimal,Low,0.66
13,41,Dry,Optimal,Low,Close shade curtains,3,Dry,Optimal,Low,0.66
13,42,Dry,Optimal,Low,Open shade curtains,3,Dry,Optimal,Medium,0.66
13,43,Dry,Optimal,Medium,Open shade curtains,7,Dry,Optimal,High,0.66
13,44,Dry,Optimal,High,Water Pump OFF,1,Optimal,Optimal,High,0.66
13,45,Optimal,Optimal,High,Close shade curtains,6,Optimal,Optimal,Medium,0.66
13,46,Optimal,Optimal,Medium,Water Pump OFF,10,Dry,Optimal,Medium,0.66
13,47,Dry,Optimal,Medium,Open shade curtains,7,Dry,Optimal,High,0.66
13,48,Dry,Optimal,High,Heater ON,3,Dry,High,High,0.66
13,49,Dry,High,High,Water Pump ON,0,Optimal,High,High,0.66
13,50,Optimal,High,High,Close shade curtains,3,Optimal,High,Medium,0.66
14,1,Wet,Optimal,Low,Water Pump OFF,3,Optimal,Optimal,Low,0.64
14,2,Optimal,Optimal,Low,Close shade curtains,6,Optimal,Optimal,Low,0.64
14,3,Optimal,Optimal,Low,Close shade curtains,6,Optimal,Optimal,Low,0.64
14,4,Optimal,Optimal,Low,Close shade curtains,6,Optimal,Optimal,Low,0.64
14,5,Optimal,Optimal,Low,Open shade curtains,6,Optimal,Optimal,Medium,0.64
14,6,Optimal,Optimal,Medium,Open shade curtains,10,Optimal,Optimal,High,0.64
14,7,Optimal,Optimal,High,Close shade curtains,6,Optimal,Optimal,Medium,0.64
14,8,Optimal,Optimal,Medium,Heater OFF,10,Optimal,Low,Medium,0.64
14,9,Optimal,Low,Medium,Close shade curtains,7,Optimal,Low,Low,0.64
14,10,Optimal,Low,Low,Close shade curtains,3,Optimal,Low,Low,0.64
14,11,Optimal,Low,Low,Close shade curtains,3,Optimal,Low,Low,0.64
14,12,Optimal,Low,Low,Open shade curtains,3,Optimal,Low,Medium,0.64
14,13,Optimal,Low,Medium,Open shade curtains,7,Optimal,Low,High,0.64
14,14,Optimal,Low,High,Do nothing,3,Optimal,Low,High,0.64
14,15,Optimal,Low,High,Open shade curtains,3,Optimal,Low,High,0.64
14,16,Optimal,Low,High,Water Pump ON,3,Wet,Low,High,0.64
14,17,Wet,Low,High,Heater OFF,0,Wet,Low,High,0.64
14,18,Wet,Low,High,Do nothing,0,Wet,Low,High,0.64
14,19,Wet,Low,High,Open shade curtains,0,Wet,Low,High,0.64
14,20,Wet,Low,High,Close shade curtains,0,Wet,Low,Medium,0.64
14,21,Wet,Low,Medium,Open shade curtains,4,Wet,Low,High,0.64
14,22,Wet,Low,High,Close shade curtains,0,Wet,Low,Medium,0.64
14,23,Wet,Low,Medium,Close shade curtains,4,Wet,Low,Low,0.64
14,24,Wet,Low,Low,Close shade curtains,0,Wet,Low,Low,0.64
14,25,Wet,Low,Low,Close shade curtains,0,Wet,Low,Low,0.64
14,26,Wet,Low,Low,Close shade curtains,0,Wet,Low,Low,0.64
14,27,Wet,Low,Low,Close shade curtains,0,Wet,Low,Low,0.64
14,28,Wet,Low,Low,Do nothing,0,Wet,Low,Low,0.64
14,29,Wet,Low,Low,Do nothing,0,Wet,Low,Low,0.64
14,30,Wet,Low,Low,Do nothing,0,Wet,Low,Low,0.64
14,31,Wet,Low,Low,Heater OFF,0,Wet,Optimal,Low,0.64
14,32,Wet,Optimal,Low,Heater OFF,3,Wet,Low,Low,0.64
14,33,Wet,Low,Low,Heater OFF,0,Wet,Optimal,Low,0.64
14,34,Wet,Optimal,Low,Heater OFF,3,Wet,Low,Low,0.64
14,35,Wet,Low,Low,Water Pump ON,-5,Wet,Low,Low,0.64
14,36,Wet,Low,Low,Open shade curtains,0,Wet,Low,Low,0.64
14,37,Wet,Low,Low,Open shade curtains,0,Wet,Low,Medium,0.64
14,38,Wet,Low,Medium,Water Pump ON,-1,Wet,Low,Medium,0.64
14,39,Wet,Low,Medium,Heater ON,4,Wet,Optimal,Low,0.64
14,40,Wet,Optimal,Low,Close shade curtains,3,Wet,Optimal,Low,0.64
14,41,Wet,Optimal,Low,Do nothing,3,Wet,Optimal,Low,0.64
14,42,Wet,Optimal,Low,Water Pump OFF,3,Optimal,Optimal,Low,0.64
14,43,Optimal,Optimal,Low,Water Pump OFF,6,Dry,Optimal,Low,0.64
14,44,Dry,Optimal,Low,Close shade curtains,3,Dry,Optimal,Low,0.64
14,45,Dry,Optimal,Low,Water Pump ON,3,Dry,Optimal,Low,0.64
14,46,Dry,Optimal,Low,Do nothing,3,Dry,Optimal,Low,0.64
14,47,Dry,Optimal,Low,Open shade curtains,3,Dry,Optimal,Medium,0.64
14,48,Dry,Optimal,Medium,Heater ON,7,Dry,Optimal,Medium,0.64
14,49,Dry,Optimal,Medium,Heater ON,7,Dry,High,Medium,0.64
14,50,Dry,High,Medium,Do nothing,4,Dry,High,Medium,0.64
15,1,Wet,Low,Medium,Open shade curtains,4,Wet,Low,High,0.62
15,2,Wet,Low,High,Do nothing,0,Wet,Low,High,0.62
15,3,Wet,Low,High,Do nothing,0,Wet,Low,High,0.62
15,4,Wet,Low,High,Heater ON,0,Wet,Optimal,High,0.62
15,5,Wet,Optimal,High,Water Pump OFF,3,Optimal,Optimal,High,0.62
15,6,Optimal,Optimal,High,Open shade curtains,6,Optimal,Optimal,High,0.62
15,7,Optimal,Optimal,High,Do nothing,6,Optimal,Optimal,High,0.62
15,8,Optimal,Optimal,High,Open shade curtains,6,Optimal,Optimal,High,0.62
15,9,Optimal,Optimal,High,Water Pump ON,6,Wet,Optimal,High,0.62
15,10,Wet,Optimal,High,Open shade curtains,3,Wet,Optimal,High,0.62
15,11,Wet,Optimal,High,Water Pump ON,-2,Wet,Optimal,High,0.62
15,12,Wet,Optimal,High,Heater ON,3,Wet,High,High,0.62
15,13,Wet,High,High,Heater ON,-5,Wet,High,High,0.62
15,14,Wet,High,High,Heater ON,-5,Wet,High,High,0.62
15,15,Wet,High,High,Do nothing,0,Wet,High,High,0.62
15,16,Wet,High,High,Heater OFF,0,Wet,Optimal,High,0.62
15,17,Wet,Optimal,High,Water Pump ON,-2,Wet,Optimal,High,0.62
15,18,Wet,Optimal,High,Water Pump OFF,3,Optimal,Optimal,Low,0.62
15,19,Optimal,Optimal,Low,Open shade curtains,6,Optimal,Optimal,Medium,0.62
15,20,Optimal,Optimal,Medium,Do nothing,10,Optimal,Optimal,Medium,0.62
15,21,Optimal,Optimal,Medium,Close shade curtains,10,Optimal,Optimal,Low,0.62
15,22,Optimal,Optimal,Low,Open shade curtains,6,Optimal,Optimal,Medium,0.62
15,23,Optimal,Optimal,Medium,Open shade curtains,10,Optimal,Optimal,High,0.62
15,24,Optimal,Optimal,High,Open shade curtains,6,Optimal,Optimal,High,0.62
15,25,Optimal,Optimal,High,Open shade curtains,6,Optimal,Optimal,High,0.62
15,26,Optimal,Optimal,High,Open shade curtains,6,Optimal,Optimal,High,0.62
15,27,Optimal,Optimal,High,Water Pump ON,6,Wet,Optimal,High,0.62
15,28,Wet,Optimal,High,Open shade curtains,3,Wet,Optimal,High,0.62
15,29,Wet,Optimal,High,Open shade curtains,3,Wet,Optimal,High,0.62
15,30,Wet,Optimal,High,Open shade curtains,3,Wet,Optimal,High,0.62
15,31,Wet,Optimal,High,Open shade curtains,3,Wet,Optimal,High,0.62
15,32,Wet,Optimal,High,Heater ON,3,Wet,High,High,0.62
15,33,Wet,High,High,Heater OFF,0,Wet,Optimal,High,0.62
15,34,Wet,Optimal,High,Water Pump OFF,3,Optimal,Optimal,High,0.62
15,35,Optimal,Optimal,High,Close shade curtains,6,Optimal,Optimal,Medium,0.62
15,36,Optimal,Optimal,Medium,Do nothing,10,Optimal,Optimal,Medium,0.62
15,37,Optimal,Optimal,Medium,Do nothing,10,Optimal,Optimal,Medium,0.62
15,38,Optimal,Optimal,Medium,Water Pump ON,10,Wet,Optimal,Medium,0.62
15,39,Wet,Optimal,Medium,Water Pump OFF,7,Optimal,Optimal,Medium,0.62
15,40,Optimal,Optimal,Medium,Open shade curtains,10,Optimal,Optimal,High,0.62
15,41,Optimal,Optimal,High,Close shade curtains,6,Optimal,Optimal,Medium,0.62
15,42,Optimal,Optimal,Medium,Do nothing,10,Optimal,Optimal,Medium,0.62
15,43,Optimal,Optimal,Medium,Do nothing,10,Optimal,Optimal,Medium,0.62
15,44,Optimal,Optimal,Medium,Open shade curtains,10,Optimal,Optimal,High,0.62
15,45,Optimal,Optimal,High,Do nothing,6,Optimal,Optimal,High,0.62
15,46,Optimal,Optimal,High,Do nothing,6,Optimal,Optimal,High,0.62
15,47,Optimal,Optimal,High,Do nothing,6,Optimal,Optimal,High,0.62
15,48,Optimal,Optimal,High,Heater OFF,6,Optimal,Low,High,0.62
15,49,Optimal,Low,High,Do nothing,3,Optimal,Low,High,0.62
15,50,Optimal,Low,High,Heater OFF,3,Optimal,Optimal,High,0.62
16,1,Wet,Low,Low,Water Pump OFF,0,Optimal,Low,Low,0.6
16,2,Optimal,Low,Low,Do nothing,3,Optimal,Low,Low,0.6
16,3,Optimal,Low,Low,Water Pump OFF,3,Dry,Low,Low,0.6
16,4,Dry,Low,Low,Open shade curtains,0,Dry,Low,Medium,0.6
16,5,Dry,Low,Medium,Water Pump OFF,2,Optimal,Low,Medium,0.6
16,6,Optimal,Low,Medium,Heater OFF,7,Optimal,Optimal,Medium,0.6
16,7,Optimal,Optimal,Medium,Do nothing,10,Optimal,Optimal,Low,0.6
16,8,Optimal,Optimal,Low,Heater OFF,6,Optimal,Low,Low,0.6
16,9,Optimal,Low,Low,Close shade curtains,3,Optimal,Low,Low,0.6
16,10,Optimal,Low,Low,Heater ON,3,Optimal,Optimal,Low,0.6
16,11,Optimal,Optimal,Low,Heater ON,6,Optimal,High,Low,0.6
16,12,Optimal,High,Low,Heater OFF,3,Optimal,Optimal,Low,0.6
16,13,Optimal,Optimal,Low,Heater ON,6,Optimal,High,Low,0.6
16,14,Optimal,High,Low,Close shade curtains,3,Optimal,High,Low,0.6
16,15,Optimal,High,Low,Water Pump OFF,3,Dry,High,Low,0.6
16,16,Dry,High,Low,Heater ON,-5,Dry,High,Low,0.6
16,17,Dry,High,Low,Heater OFF,0,Dry,Optimal,Low,0.6
16,18,Dry,Optimal,Low,Heater ON,3,Dry,High,Low,0.6
16,19,Dry,High,Low,Heater OFF,0,Dry,Optimal,Low,0.6
16,20,Dry,Optimal,Low,Heater OFF,3,Dry,Optimal,Low,0.6
16,21,Dry,Optimal,Low,Heater OFF,3,Dry,Low,Low,0.6
16,22,Dry,Low,Low,Heater OFF,0,Dry,Optimal,Low,0.6
16,23,Dry,Optimal,Low,Heater OFF,3,Dry,Low,Low,0.6
16,24,Dry,Low,Low,Water Pump OFF,-2,Optimal,Low,Low,0.6
16,25,Optimal,Low,Low,Heater OFF,3,Optimal,Optimal,Low,0.6
16,26,Optimal,Optimal,Low,Open shade curtains,6,Optimal,Optimal,High,0.6
16,27,Optimal,Optimal,High,Close shade curtains,6,Optimal,Optimal,Medium,0.6
16,28,Optimal,Optimal,Medium,Open shade curtains,10,Optimal,Optimal,High,0.6
16,29,Optimal,Optimal,High,Close shade curtains,6,Optimal,Optimal,Medium,0.6
16,30,Optimal,Optimal,Medium,Heater OFF,10,Optimal,Low,High,0.6
16,31,Optimal,Low,High,Water Pump ON,3,Wet,Low,High,0.6
16,32,Wet,Low,High,Heater OFF,0,Wet,Optimal,High,0.6
16,33,Wet,Optimal,High,Close shade curtains,3,Wet,Optimal,Medium,0.6
16,34,Wet,Optimal,Medium,Close shade curtains,7,Wet,Optimal,Low,0.6
16,35,Wet,Optimal,Low,Close shade curtains,3,Wet,Optimal,Low,0.6
16,36,Wet,Optimal,Low,Close shade curtains,3,Wet,Optimal,Low,0.6
16,37,Wet,Optimal,Low,Heater OFF,3,Wet,Low,Low,0.6
16,38,Wet,Low,Low,Heater OFF,0,Wet,Optimal,Low,0.6
16,39,Wet,Optimal,Low,Open shade curtains,3,Wet,Optimal,Medium,0.6
16,40,Wet,Optimal,Medium,Close shade curtains,7,Wet,Optimal,Low,0.6
16,41,Wet,Optimal,Low,Close shade curtains,3,Wet,Optimal,Medium,0.6
16,42,Wet,Optimal,Medium,Open shade curtains,7,Wet,Optimal,High,0.6
16,43,Wet,Optimal,High,Close shade curtains,3,Wet,Optimal,Medium,0.6
16,44,Wet,Optimal,Medium,Open shade curtains,7,Wet,Optimal,High,0.6
16,45,Wet,Optimal,High,Do nothing,3,Wet,Optimal,High,0.6
16,46,Wet,Optimal,High,Close shade curtains,3,Wet,Optimal,Medium,0.6
16,47,Wet,Optimal,Medium,Water Pump ON,2,Wet,Optimal,Medium,0.6
16,48,Wet,Optimal,Medium,Close shade curtains,7,Wet,Optimal,Low,0.6
16,49,Wet,Optimal,Low,Close shade curtains,3,Wet,Optimal,Low,0.6
16,50,Wet,Optimal,Low,Close shade curtains,3,Wet,Optimal,Low,0.6
17,1,Wet,Optimal,Low,Close shade curtains,3,Wet,Optimal,Low,0.58
17,2,Wet,Optimal,Low,Open shade curtains,3,Wet,Optimal,Medium,0.58
17,3,Wet,Optimal,Medium,Open shade curtains,7,Wet,Optimal,High,0.58
17,4,Wet,Optimal,High,Water Pump OFF,3,Optimal,Optimal,High,0.58
17,5,Optimal,Optimal,High,Water Pump OFF,6,Dry,Optimal,Low,0.58
17,6,Dry,Optimal,Low,Heater ON,3,Dry,High,Low,0.58
17,7,Dry,High,Low,Open shade curtains,0,Dry,High,Medium,0.58
17,8,Dry,High,Medium,Water Pump OFF,2,Optimal,High,Medium,0.58
17,9,Optimal,High,Medium,Open shade curtains,7,Optimal,High,High,0.58
17,10,Optimal,High,High,Do nothing,3,Optimal,High,High,0.58
17,11,Optimal,High,High,Open shade curtains,3,Optimal,High,High,0.58
17,12,Optimal,High,High,Open shade curtains,3,Optimal,High,High,0.58
17,13,Optimal,High,High,Do nothing,3,Optimal,High,High,0.58
17,14,Optimal,High,High,Heater ON,-2,Optimal,High,High,0.58
17,15,Optimal,High,High,Open shade curtains,3,Optimal,High,High,0.58
17,16,Optimal,High,High,Heater ON,-2,Optimal,High,High,0.58
17,17,Optimal,High,High,Heater OFF,3,Optimal,Optimal,High,0.58
17,18,Optimal,Optimal,High,Close shade curtains,6,Optimal,Optimal,Medium,0.58
17,19,Optimal,Optimal,Medium,Close shade curtains,10,Optimal,Optimal,Low,0.58
17,20,Optimal,Optimal,Low,Do nothing,6,Optimal,Optimal,Low,0.58
17,21,Optimal,Optimal,Low,Water Pump OFF,6,Dry,Optimal,Low,0.58
17,22,Dry,Optimal,Low,Water Pump ON,3,Optimal,Optimal,Low,0.58
17,23,Optimal,Optimal,Low,Close shade curtains,6,Optimal,Optimal,Low,0.58
17,24,Optimal,Optimal,Low,Do nothing,6,Optimal,Optimal,Low,0.58
17,25,Optimal,Optimal,Low,Water Pump ON,6,Wet,Optimal,Low,0.58
17,26,Wet,Optimal,Low,Heater ON,3,Wet,Optimal,Low,0.58
17,27,Wet,Optimal,Low,Water Pump OFF,3,Optimal,Optimal,Low,0.58
17,28,Optimal,Optimal,Low,Do nothing,6,Optimal,Optimal,Low,0.58
17,29,Optimal,Optimal,Low,Water Pump ON,6,Wet,Optimal,Low,0.58
17,30,Wet,Optimal,Low,Heater OFF,3,Wet,Low,Low,0.58
17,31,Wet,Low,Low,Water Pump ON,-5,Wet,Low,Low,0.58
17,32,Wet,Low,Low,Heater OFF,0,Wet,Optimal,Low,0.58
17,33,Wet,Optimal,Low,Heater ON,3,Wet,High,Low,0.58
17,34,Wet,High,Low,Open shade curtains,0,Wet,High,Medium,0.58
17,35,Wet,High,Medium,Do nothing,4,Wet,High,Medium,0.58
17,36,Wet,High,Medium,Open shade curtains,4,Wet,High,High,0.58
17,37,Wet,High,High,Do nothing,0,Wet,High,High,0.58
17,38,Wet,High,High,Heater ON,-5,Wet,High,High,0.58
17,39,Wet,High,High,Heater ON,-5,Wet,High,High,0.58
17,40,Wet,High,High,Open shade curtains,0,Wet,High,High,0.58
17,41,Wet,High,High,Water Pump OFF,0,Optimal,High,High,0.58
17,42,Optimal,High,High,Water Pump OFF,3,Dry,High,High,0.58
17,43,Dry,High,High,Heater OFF,0,Dry,Optimal,High,0.58
17,44,Dry,Optimal,High,Do nothing,3,Dry,Optimal,High,0.58
17,45,Dry,Optimal,High,Open shade curtains,3,Dry,Optimal,High,0.58
17,46,Dry,Optimal,High,Close shade curtains,3,Dry,Optimal,High,0.58
17,47,Dry,Optimal,High,Water Pump ON,3,Optimal,Optimal,High,0.58
17,48,Optimal,Optimal,High,Water Pump ON,6,Optimal,Optimal,High,0.58
17,49,Optimal,Optimal,High,Close shade curtains,6,Optimal,Optimal,Medium,0.58
17,50,Optimal,Optimal,Medium,Heater OFF,10,Optimal,Low,Medium,0.58
18,1,Optimal,Optimal,Low,Close shade curtains,6,Optimal,Optimal,Low,0.56
18,2,Optimal,Optimal,Low,Do nothing,6,Optimal,Optimal,Low,0.56
18,3,Optimal,Optimal,Low,Water Pump ON,6,Wet,Optimal,Low,0.56
18,4,Wet,Optimal,Low,Heater ON,3,Wet,High,Low,0.56
18,5,Wet,High,Low,Water Pump OFF,0,Optimal,High,Low,0.56
18,6,Optimal,High,Low,Heater OFF,3,Optimal,Optimal,Low,0.56
18,7,Optimal,Optimal,Low,Heater OFF,6,Optimal,Low,Low,0.56
18,8,Optimal,Low,Low,Open shade curtains,3,Optimal,Low,Low,0.56
18,9,Optimal,Low,Low,Close shade curtains,3,Optimal,Low,Low,0.56
18,10,Optimal,Low,Low,Heater OFF,3,Optimal,Optimal,Low,0.56
18,11,Optimal,Optimal,Low,Do nothing,6,Optimal,Optimal,Low,0.56
18,12,Optimal,Optimal,Low,Water Pump ON,6,Wet,Optimal,Low,0.56
18,13,Wet,Optimal,Low,Heater ON,3,Wet,High,Low,0.56
18,14,Wet,High,Low,Water Pump ON,-5,Wet,High,Low,0.56
18,15,Wet,High,Low,Water Pump ON,-5,Wet,High,Low,0.56
18,16,Wet,High,Low,Water Pump ON,-5,Wet,High,Low,0.56
18,17,Wet,High,Low,Water Pump OFF,0,Optimal,High,Low,0.56
18,18,Optimal,High,Low,Do nothing,3,Optimal,High,Low,0.56
18,19,Optimal,High,Low,Heater ON,-2,Optimal,High,Low,0.56
18,20,Optimal,High,Low,Water Pump OFF,3,Dry,High,Low,0.56
18,21,Dry,High,Low,Heater OFF,0,Dry,Optimal,Low,0.56
18,22,Dry,Optimal,Low,Close shade curtains,3,Dry,Optimal,Low,0.56
18,23,Dry,Optimal,Low,Open shade curtains,3,Dry,Optimal,Medium,0.56
18,24,Dry,Optimal,Medium,Water Pump OFF,5,Optimal,Optimal,Medium,0.56
18,25,Optimal,Optimal,Medium,Close shade curtains,10,Optimal,Optimal,Low,0.56
18,26,Optimal,Optimal,Low,Close shade curtains,6,Optimal,Optimal,Low,0.56
18,27,Optimal,Optimal,Low,Close shade curtains,6,Optimal,Optimal,Low,0.56
18,28,Optimal,Optimal,Low,Close shade curtains,6,Optimal,Optimal,Low,0.56
18,29,Optimal,Optimal,Low,Close shade curtains,6,Optimal,Optimal,Low,0.56
18,30,Optimal,Optimal,Low,Do nothing,6,Optimal,Optimal,Low,0.56
18,31,Optimal,Optimal,Low,Do nothing,6,Optimal,Optimal,Low,0.56
18,32,Optimal,Optimal,Low,Do nothing,6,Optimal,Optimal,Medium,0.56
18,33,Optimal,Optimal,Medium,Do nothing,10,Optimal,Optimal,High,0.56
18,34,Optimal,Optimal,High,Close shade curtains,6,Optimal,Optimal,Medium,0.56
18,35,Optimal,Optimal,Medium,Do nothing,10,Optimal,Optimal,Medium,0.56
18,36,Optimal,Optimal,Medium,Do nothing,10,Optimal,Optimal,Medium,0.56
18,37,Optimal,Optimal,Medium,Do nothing,10,Optimal,Optimal,Medium,0.56
18,38,Optimal,Optimal,Medium,Do nothing,10,Optimal,Optimal,Medium,0.56
18,39,Optimal,Optimal,Medium,Open shade curtains,10,Optimal,Optimal,High,0.56
18,40,Optimal,Optimal,High,Do nothing,6,Optimal,Optimal,High,0.56
18,41,Optimal,Optimal,High,Water Pump ON,6,Wet,Optimal,Medium,0.56
18,42,Wet,Optimal,Medium,Do nothing,7,Wet,Optimal,Medium,0.56
18,43,Wet,Optimal,Medium,Do nothing,7,Wet,Optimal,Medium,0.56
18,44,Wet,Optimal,Medium,Do nothing,7,Wet,Optimal,Medium,0.56
18,45,Wet,Optimal,Medium,Heater ON,7,Wet,High,Medium,0.56
18,46,Wet,High,Medium,Do nothing,4,Wet,High,Medium,0.56
18,47,Wet,High,Medium,Do nothing,4,Wet,High,Medium,0.56
18,48,Wet,High,Medium,Do nothing,4,Wet,High,Medium,0.56
18,49,Wet,High,Medium,Do nothing,4,Wet,High,Medium,0.56
18,50,Wet,High,Medium,Do nothing,4,Wet,High,Medium,0.56
19,1,Wet,Optimal,High,Do nothing,3,Wet,Optimal,High,0.54
19,2,Wet,Optimal,High,Heater OFF,3,Wet,Low,High,0.54
19,3,Wet,Low,High,Do nothing,0,Wet,Low,High,0.54
19,4,Wet,Low,High,Do nothing,0,Wet,Low,High,0.54
19,5,Wet,Low,High,Do nothing,0,Wet,Low,High,0.54
19,6,Wet,Low,High,Do nothing,0,Wet,Low,High,0.54
19,7,Wet,Low,High,Do nothing,0,Wet,Low,High,0.54
19,8,Wet,Low,High,Heater ON,0,Wet,Optimal,High,0.54
19,9,Wet,Optimal,High,Open shade curtains,3,Wet,Optimal,High,0.54
19,10,Wet,Optimal,High,Do nothing,3,Wet,Optimal,High,0.54
19,11,Wet,Optimal,High,Open shade curtains,3,Wet,Optimal,High,0.54
19,12,Wet,Optimal,High,Water Pump ON,-2,Wet,Optimal,High,0.54
19,13,Wet,Optimal,High,Water Pump OFF,3,Optimal,Optimal,High,0.54
19,14,Optimal,Optimal,High,Open shade curtains,6,Optimal,Optimal,High,0.54
19,15,Optimal,Optimal,High,Open shade curtains,6,Optimal,Optimal,High,0.54
19,16,Optimal,Optimal,High,Water Pump ON,6,Wet,Optimal,High,0.54
19,17,Wet,Optimal,High,Heater OFF,3,Wet,Low,High,0.54
19,18,Wet,Low,High,Open shade curtains,0,Wet,Low,High,0.54
19,19,Wet,Low,High,Open shade curtains,0,Wet,Low,High,0.54
19,20,Wet,Low,High,Heater ON,0,Wet,Optimal,High,0.54
19,21,Wet,Optimal,High,Water Pump OFF,3,Optimal,Optimal,High,0.54
19,22,Optimal,Optimal,High,Heater ON,6,Optimal,High,High,0.54
19,23,Optimal,High,High,Open shade curtains,3,Optimal,High,High,0.54
19,24,Optimal,High,High,Water Pump OFF,3,Dry,High,High,0.54
19,25,Dry,High,High,Close shade curtains,0,Dry,High,Low,0.54
19,26,Dry,High,Low,Water Pump OFF,-2,Optimal,High,Low,0.54
19,27,Optimal,High,Low,Water Pump OFF,3,Dry,High,Low,0.54
19,28,Dry,High,Low,Water Pump OFF,-2,Optimal,High,Low,0.54
19,29,Optimal,High,Low,Water Pump OFF,3,Dry,High,Low,0.54
19,30,Dry,High,Low,Water Pump OFF,-2,Optimal,High,Low,0.54
19,31,Optimal,High,Low,Open shade curtains,3,Optimal,High,Medium,0.54
19,32,Optimal,High,Medium,Heater ON,2,Optimal,High,Medium,0.54
19,33,Optimal,High,Medium,Water Pump ON,7,Wet,High,Medium,0.54
19,34,Wet,High,Medium,Heater OFF,4,Wet,Optimal,Medium,0.54
19,35,Wet,Optimal,Medium,Water Pump OFF,7,Wet,Optimal,Medium,0.54
19,36,Wet,Optimal,Medium,Water Pump OFF,7,Optimal,Optimal,Medium,0.54
19,37,Optimal,Optimal,Medium,Heater ON,10,Optimal,High,Medium,0.54
19,38,Optimal,High,Medium,Open shade curtains,7,Optimal,High,High,0.54
19,39,Optimal,High,High,Open shade curtains,3,Optimal,High,High,0.54
19,40,Optimal,High,High,Heater ON,-2,Optimal,High,High,0.54
19,41,Optimal,High,High,Heater OFF,3,Optimal,Optimal,High,0.54
19,42,Optimal,Optimal,High,Water Pump ON,6,Wet,Optimal,High,0.54
19,43,Wet,Optimal,High,Water Pump OFF,3,Optimal,Optimal,High,0.54
19,44,Optimal,Optimal,High,Water Pump OFF,6,Dry,Optimal,High,0.54
19,45,Dry,Optimal,High,Water Pump OFF,1,Optimal,Optimal,High,0.54
19,46,Optimal,Optimal,High,Open shade curtains,6,Optimal,Optimal,High,0.54
19,47,Optimal,Optimal,High,Water Pump OFF,6,Dry,Optimal,High,0.54
19,48,Dry,Optimal,High,Open shade curtains,3,Dry,Optimal,High,0.54
19,49,Dry,Optimal,High,Water Pump OFF,1,Optimal,Optimal,High,0.54
19,50,Optimal,Optimal,High,Close shade curtains,6,Optimal,Optimal,Medium,0.54
20,1,Wet,Optimal,Medium,Heater OFF,7,Wet,Low,Medium,0.52
20,2,Wet,Low,Medium,Do nothing,4,Wet,Low,Medium,0.52
20,3,Wet,Low,Medium,Close shade curtains,4,Wet,Low,Low,0.52
20,4,Wet,Low,Low,Heater OFF,0,Wet,Optimal,Low,0.52
20,5,Wet,Optimal,Low,Heater OFF,3,Wet,Low,Low,0.52
20,6,Wet,Low,Low,Water Pump OFF,0,Optimal,Low,Low,0.52
20,7,Optimal,Low,Low,Close shade curtains,3,Optimal,Low,Low,0.52
20,8,Optimal,Low,Low,Heater OFF,3,Optimal,Optimal,Low,0.52
20,9,Optimal,Optimal,Low,Close shade curtains,6,Optimal,Optimal,Medium,0.52
20,10,Optimal,Optimal,Medium,Heater OFF,10,Optimal,Low,High,0.52
20,11,Optimal,Low,High,Heater OFF,3,Optimal,Optimal,Medium,0.52
20,12,Optimal,Optimal,Medium,Close shade curtains,10,Optimal,Optimal,Low,0.52
20,13,Optimal,Optimal,Low,Close shade curtains,6,Optimal,Optimal,Low,0.52
20,14,Optimal,Optimal,Low,Close shade curtains,6,Optimal,Optimal,Low,0.52
20,15,Optimal,Optimal,Low,Close shade curtains,6,Optimal,Optimal,Low,0.52
20,16,Optimal,Optimal,Low,Close shade curtains,6,Optimal,Optimal,Low,0.52
20,17,Optimal,Optimal,Low,Close shade curtains,6,Optimal,Optimal,Low,0.52
20,18,Optimal,Optimal,Low,Close shade curtains,6,Optimal,Optimal,Low,0.52
20,19,Optimal,Optimal,Low,Open shade curtains,6,Optimal,Optimal,Medium,0.52
20,20,Optimal,Optimal,Medium,Close shade curtains,10,Optimal,Optimal,Low,0.52
20,21,Optimal,Optimal,Low,Close shade curtains,6,Optimal,Optimal,Low,0.52
20,22,Optimal,Optimal,Low,Close shade curtains,6,Optimal,Optimal,Low,0.52
20,23,Optimal,Optimal,Low,Close shade curtains,6,Optimal,Optimal,Low,0.52
20,24,Optimal,Optimal,Low,Do nothing,6,Optimal,Optimal,Low,0.52
20,25,Optimal,Optimal,Low,Water Pump ON,6,Wet,Optimal,Low,0.52
20,26,Wet,Optimal,Low,Water Pump OFF,3,Optimal,Optimal,Low,0.52
20,27,Optimal,Optimal,Low,Water Pump OFF,6,Optimal,Optimal,Low,0.52
20,28,Optimal,Optimal,Low,Close shade curtains,6,Optimal,Optimal,Low,0.52
20,29,Optimal,Optimal,Low,Heater OFF,6,Optimal,Low,Low,0.52
20,30,Optimal,Low,Low,Water Pump ON,3,Wet,Low,Low,0.52
20,31,Wet,Low,Low,Water Pump OFF,0,Optimal,Low,Low,0.52
20,32,Optimal,Low,Low,Water Pump OFF,3,Optimal,Low,High,0.52
20,33,Optimal,Low,High,Water Pump OFF,3,Dry,Low,High,0.52
20,34,Dry,Low,High,Close shade curtains,0,Dry,Low,High,0.52
20,35,Dry,Low,High,Water Pump OFF,-2,Optimal,Low,High,0.52
20,36,Optimal,Low,High,Heater OFF,3,Optimal,Optimal,High,0.52
20,37,Optimal,Optimal,High,Heater OFF,6,Optimal,Low,High,0.52
20,38,Optimal,Low,High,Open shade curtains,3,Optimal,Low,High,0.52
20,39,Optimal,Low,High,Heater OFF,3,Optimal,Low,High,0.52
20,40,Optimal,Low,High,Heater ON,3,Optimal,Optimal,High,0.52
20,41,Optimal,Optimal,High,Close shade curtains,6,Optimal,Optimal,Medium,0.52
20,42,Optimal,Optimal,Medium,Open shade curtains,10,Optimal,Optimal,High,0.52
20,43,Optimal,Optimal,High,Open shade curtains,6,Optimal,Optimal,High,0.52
20,44,Optimal,Optimal,High,Close shade curtains,6,Optimal,Optimal,Medium,0.52
20,45,Optimal,Optimal,Medium,Open shade curtains,10,Optimal,Optimal,High,0.52
20,46,Optimal,Optimal,High,Open shade curtains,6,Optimal,Optimal,High,0.52
20,47,Optimal,Optimal,High,Heater OFF,6,Optimal,Low,High,0.52
20,48,Optimal,Low,High,Close shade curtains,3,Optimal,Low,Medium,0.52
20,49,Optimal,Low,Medium,Heater OFF,7,Optimal,Optimal,Medium,0.52
20,50,Optimal,Optimal,Medium,Close shade curtains,10,Optimal,Optimal,Low,0.52
21,1,Dry,Optimal,Low,Open shade curtains,3,Dry,Optimal,Medium,0.5
21,2,Dry,Optimal,Medium,Water Pump ON,7,Optimal,Optimal,Medium,0.5
21,3,Optimal,Optimal,Medium,Open shade curtains,10,Optimal,Optimal,High,0.5
21,4,Optimal,Optimal,High,Open shade curtains,6,Optimal,Optimal,High,0.5
21,5,Optimal,Optimal,High,Heater OFF,6,Optimal,Low,High,0.5
21,6,Optimal,Low,High,Open shade curtains,3,Optimal,Low,High,0.5
21,7,Optimal,Low,High,Water Pump OFF,3,Optimal,Low,High,0.5
21,8,Optimal,Low,High,Water Pump ON,3,Wet,Low,High,0.5
21,9,Wet,Low,High,Close shade curtains,0,Wet,Low,Medium,0.5
21,10,Wet,Low,Medium,Heater OFF,4,Wet,Optimal,Medium,0.5
21,11,Wet,Optimal,Medium,Open shade curtains,7,Wet,Optimal,Medium,0.5
21,12,Wet,Optimal,Medium,Water Pump ON,2,Wet,Optimal,Medium,0.5
21,13,Wet,Optimal,Medium,Open shade curtains,7,Wet,Optimal,Medium,0.5
21,14,Wet,Optimal,Medium,Open shade curtains,7,Wet,Optimal,High,0.5
21,15,Wet,Optimal,High,Open shade curtains,3,Wet,Optimal,High,0.5
21,16,Wet,Optimal,High,Open shade curtains,3,Wet,Optimal,High,0.5
21,17,Wet,Optimal,High,Open shade curtains,3,Wet,Optimal,High,0.5
21,18,Wet,Optimal,High,Close shade curtains,3,Wet,Optimal,Medium,0.5
21,19,Wet,Optimal,Medium,Water Pump ON,2,Wet,Optimal,Medium,0.5
21,20,Wet,Optimal,Medium,Open shade curtains,7,Wet,Optimal,High,0.5
21,21,Wet,Optimal,High,Close shade curtains,3,Wet,Optimal,Medium,0.5
21,22,Wet,Optimal,Medium,Heater OFF,7,Wet,Low,Medium,0.5
21,23,Wet,Low,Medium,Water Pump OFF,4,Optimal,Low,Medium,0.5
21,24,Optimal,Low,Medium,Heater OFF,7,Optimal,Optimal,Medium,0.5
21,25,Optimal,Optimal,Medium,Heater OFF,10,Optimal,Low,Medium,0.5
21,26,Optimal,Low,Medium,Close shade curtains,7,Optimal,Low,Medium,0.5
21,27,Optimal,Low,Medium,Heater OFF,7,Optimal,Optimal,Medium,0.5
21,28,Optimal,Optimal,Medium,Heater OFF,10,Optimal,Low,Medium,0.5
21,29,Optimal,Low,Medium,Do nothing,7,Optimal,Low,Medium,0.5
21,30,Optimal,Low,Medium,Heater OFF,7,Optimal,Optimal,Medium,0.5
21,31,Optimal,Optimal,Medium,Close shade curtains,10,Optimal,Optimal,High,0.5
21,32,Optimal,Optimal,High,Close shade curtains,6,Optimal,Optimal,Medium,0.5
21,33,Optimal,Optimal,Medium,Close shade curtains,10,Optimal,Optimal,Low,0.5
21,34,Optimal,Optimal,Low,Close shade curtains,6,Optimal,Optimal,Low,0.5
21,35,Optimal,Optimal,Low,Close shade curtains,6,Optimal,Optimal,Low,0.5
21,36,Optimal,Optimal,Low,Heater OFF,6,Optimal,Low,Low,0.5
21,37,Optimal,Low,Low,Heater OFF,3,Optimal,Optimal,Low,0.5
21,38,Optimal,Optimal,Low,Heater OFF,6,Optimal,Low,Low,0.5
21,39,Optimal,Low,Low,Close shade curtains,3,Optimal,Low,Low,0.5
21,40,Optimal,Low,Low,Open shade curtains,3,Optimal,Low,Medium,0.5
21,41,Optimal,Low,Medium,Heater OFF,7,Optimal,Optimal,Medium,0.5
21,42,Optimal,Optimal,Medium,Heater ON,10,Optimal,High,Medium,0.5
21,43,Optimal,High,Medium,Heater ON,2,Optimal,High,Medium,0.5
21,44,Optimal,High,Medium,Heater OFF,7,Optimal,Optimal,Medium,0.5
21,45,Optimal,Optimal,Medium,Close shade curtains,10,Optimal,Optimal,Medium,0.5
21,46,Optimal,Optimal,Medium,Close shade curtains,10,Optimal,Optimal,Low,0.5
21,47,Optimal,Optimal,Low,Heater OFF,6,Optimal,Low,Low,0.5
21,48,Optimal,Low,Low,Heater OFF,3,Optimal,Optimal,Low,0.5
21,49,Optimal,Optimal,Low,Heater OFF,6,Optimal,Low,Low,0.5
21,50,Optimal,Low,Low,Close shade curtains,3,Optimal,Low,Low,0.5
22,1,Dry,Optimal,Medium,Heater OFF,7,Dry,Low,Medium,0.48
22,2,Dry,Low,Medium,Heater OFF,4,Dry,Low,Medium,0.48
22,3,Dry,Low,Medium,Heater OFF,4,Dry,Optimal,Medium,0.48
22,4,Dry,Optimal,Medium,Heater ON,7,Dry,Optimal,Medium,0.48
22,5,Dry,Optimal,Medium,Close shade curtains,7,Dry,Optimal,Medium,0.48
22,6,Dry,Optimal,Medium,Open shade curtains,7,Dry,Optimal,High,0.48
22,7,Dry,Optimal,High,Close shade curtains,3,Dry,Optimal,Medium,0.48
22,8,Dry,Optimal,Medium,Close shade curtains,7,Dry,Optimal,Low,0.48
22,9,Dry,Optimal,Low,Heater OFF,3,Dry,Low,Low,0.48
22,10,Dry,Low,Low,Do nothing,0,Dry,Low,Low,0.48
22,11,Dry,Low,Low,Water Pump ON,0,Optimal,Low,Medium,0.48
22,12,Optimal,Low,Medium,Heater OFF,7,Optimal,Optimal,Medium,0.48
22,13,Optimal,Optimal,Medium,Do nothing,10,Optimal,Optimal,Medium,0.48
22,14,Optimal,Optimal,Medium,Do nothing,10,Optimal,Optimal,Medium,0.48
22,15,Optimal,Optimal,Medium,Do nothing,10,Optimal,Optimal,Medium,0.48
22,16,Optimal,Optimal,Medium,Do nothing,10,Optimal,Optimal,Medium,0.48
22,17,Optimal,Optimal,Medium,Do nothing,10,Optimal,Optimal,Medium,0.48
22,18,Optimal,Optimal,Medium,Do nothing,10,Optimal,Optimal,Medium,0.48
22,19,Optimal,Optimal,Medium,Water Pump OFF,10,Optimal,Optimal,Medium,0.48
22,20,Optimal,Optimal,Medium,Do nothing,10,Optimal,Optimal,Medium,0.48
22,21,Optimal,Optimal,Medium,Water Pump OFF,10,Dry,Optimal,Medium,0.48
22,22,Dry,Optimal,Medium,Do nothing,7,Dry,Optimal,Medium,0.48
22,23,Dry,Optimal,Medium,Do nothing,7,Dry,Optimal,Medium,0.48
22,24,Dry,Optimal,Medium,Do nothing,7,Dry,Optimal,Medium,0.48
22,25,Dry,Optimal,Medium,Do nothing,7,Dry,Optimal,Medium,0.48
22,26,Dry,Optimal,Medium,Water Pump ON,7,Dry,Optimal,Medium,0.48
22,27,Dry,Optimal,Medium,Do nothing,7,Dry,Optimal,Low,0.48
22,28,Dry,Optimal,Low,Do nothing,3,Dry,Optimal,Low,0.48
22,29,Dry,Optimal,Low,Close shade curtains,3,Dry,Optimal,Low,0.48
22,30,Dry,Optimal,Low,Do nothing,3,Dry,Optimal,Low,0.48
22,31,Dry,Optimal,Low,Do nothing,3,Dry,Optimal,Low,0.48
22,32,Dry,Optimal,Low,Water Pump OFF,1,Optimal,Optimal,Low,0.48
22,33,Optimal,Optimal,Low,Water Pump OFF,6,Dry,Optimal,Low,0.48
22,34,Dry,Optimal,Low,Water Pump OFF,1,Optimal,Optimal,Low,0.48
22,35,Optimal,Optimal,Low,Heater ON,6,Optimal,Optimal,Low,0.48
22,36,Optimal,Optimal,Low,Water Pump ON,6,Wet,Optimal,Low,0.48
22,37,Wet,Optimal,Low,Water Pump OFF,3,Optimal,Optimal,Low,0.48
22,38,Optimal,Optimal,Low,Water Pump OFF,6,Dry,Optimal,Low,0.48
22,39,Dry,Optimal,Low,Water Pump OFF,1,Optimal,Optimal,Low,0.48
22,40,Optimal,Optimal,Low,Water Pump OFF,6,Dry,Optimal,Low,0.48
22,41,Dry,Optimal,Low,Heater OFF,3,Dry,Optimal,Low,0.48
22,42,Dry,Optimal,Low,Close shade curtains,3,Dry,Optimal,Low,0.48
22,43,Dry,Optimal,Low,Heater OFF,3,Dry,Low,Low,0.48
22,44,Dry,Low,Low,Water Pump ON,0,Optimal,Low,Low,0.48
22,45,Optimal,Low,Low,Water Pump ON,3,Wet,Low,Low,0.48
22,46,Wet,Low,Low,Water Pump OFF,0,Optimal,Low,Low,0.48
22,47,Optimal,Low,Low,Water Pump OFF,3,Dry,Low,Low,0.48
22,48,Dry,Low,Low,Water Pump ON,0,Optimal,Low,Low,0.48
22,49,Optimal,Low,Low,Heater OFF,3,Optimal,Optimal,Low,0.48
22,50,Optimal,Optimal,Low,Close shade curtains,6,Optimal,Optimal,Low,0.48
23,1,Wet,Optimal,Medium,Water Pump OFF,7,Optimal,Optimal,Medium,0.46
23,2,Optimal,Optimal,Medium,Water Pump ON,10,Wet,Optimal,Medium,0.46
23,3,Wet,Optimal,Medium,Heater OFF,7,Wet,Low,Medium,0.46
23,4,Wet,Low,Medium,Close shade curtains,4,Wet,Low,Low,0.46
23,5,Wet,Low,Low,Close shade curtains,0,Wet,Low,Low,0.46
23,6,Wet,Low,Low,Water Pump OFF,0,Optimal,Low,Low,0.46
23,7,Optimal,Low,Low,Heater OFF,3,Optimal,Optimal,Low,0.46
23,8,Optimal,Optimal,Low,Heater ON,6,Optimal,High,Low,0.46
23,9,Optimal,High,Low,Heater ON,-2,Optimal,High,Low,0.46
23,10,Optimal,High,Low,Water Pump OFF,3,Dry,High,Low,0.46
23,11,Dry,High,Low,Water Pump OFF,-2,Optimal,High,Low,0.46
23,12,Optimal,High,Low,Water Pump OFF,3,Dry,High,Low,0.46
23,13,Dry,High,Low,Water Pump OFF,-2,Optimal,High,Low,0.46
23,14,Optimal,High,Low,Do nothing,3,Optimal,High,Low,0.46
23,15,Optimal,High,Low,Do nothing,3,Optimal,High,Low,0.46
23,16,Optimal,High,Low,Heater OFF,3,Optimal,Optimal,Low,0.46
23,17,Optimal,Optimal,Low,Water Pump OFF,6,Dry,Optimal,Low,0.46
23,18,Dry,Optimal,Low,Water Pump OFF,1,Optimal,Optimal,Low,0.46
23,19,Optimal,Optimal,Low,Open shade curtains,6,Optimal,Optimal,Medium,0.46
23,20,Optimal,Optimal,Medium,Close shade curtains,10,Optimal,Optimal,Low,0.46
23,21,Optimal,Optimal,Low,Open shade curtains,6,Optimal,Optimal,Medium,0.46
23,22,Optimal,Optimal,Medium,Heater ON,10,Optimal,High,Medium,0.46
23,23,Optimal,High,Medium,Do nothing,7,Optimal,High,High,0.46
23,24,Optimal,High,High,Open shade curtains,3,Optimal,High,Low,0.46
23,25,Optimal,High,Low,Heater ON,-2,Optimal,High,Low,0.46
23,26,Optimal,High,Low,Open shade curtains,3,Optimal,High,Medium,0.46
23,27,Optimal,High,Medium,Close shade curtains,7,Optimal,High,Low,0.46
23,28,Optimal,High,Low,Open shade curtains,3,Optimal,High,Medium,0.46
23,29,Optimal,High,Medium,Open shade curtains,7,Optimal,High,High,0.46
23,30,Optimal,High,High,Do nothing,3,Optimal,High,High,0.46
23,31,Optimal,High,High,Close shade curtains,3,Optimal,High,Medium,0.46
23,32,Optimal,High,Medium,Do nothing,7,Optimal,High,Medium,0.46
23,33,Optimal,High,Medium,Open shade curtains,7,Optimal,High,High,0.46
23,34,Optimal,High,High,Open shade curtains,3,Optimal,High,High,0.46
23,35,Optimal,High,High,Open shade curtains,3,Optimal,High,High,0.46
23,36,Optimal,High,High,Heater OFF,3,Optimal,Optimal,High,0.46
23,37,Optimal,Optimal,High,Open shade curtains,6,Optimal,Optimal,High,0.46
23,38,Optimal,Optimal,High,Heater ON,6,Optimal,High,Medium,0.46
23,39,Optimal,High,Medium,Close shade curtains,7,Optimal,High,Medium,0.46
23,40,Optimal,High,Medium,Water Pump ON,7,Wet,High,Medium,0.46
23,41,Wet,High,Medium,Water Pump ON,-1,Wet,High,Medium,0.46
23,42,Wet,High,Medium,Open shade curtains,4,Wet,High,High,0.46
23,43,Wet,High,High,Open shade curtains,0,Wet,High,High,0.46
23,44,Wet,High,High,Heater OFF,0,Wet,Optimal,High,0.46
23,45,Wet,Optimal,High,Open shade curtains,3,Wet,Optimal,High,0.46
23,46,Wet,Optimal,High,Heater OFF,3,Wet,Low,High,0.46
23,47,Wet,Low,High,Close shade curtains,0,Wet,Low,Medium,0.46
23,48,Wet,Low,Medium,Heater OFF,4,Wet,Optimal,Medium,0.46
23,49,Wet,Optimal,Medium,Heater OFF,7,Wet,Low,Medium,0.46
23,50,Wet,Low,Medium,Heater OFF,4,Wet,Optimal,Medium,0.46
24,1,Optimal,Low,Medium,Heater OFF,7,Optimal,Low,Medium,0.44
24,2,Optimal,Low,Medium,Heater OFF,7,Optimal,Optimal,Medium,0.44
24,3,Optimal,Optimal,Medium,Heater OFF,10,Optimal,Low,Medium,0.44
24,4,Optimal,Low,Medium,Heater OFF,7,Optimal,Optimal,Medium,0.44
24,5,Optimal,Optimal,Medium,Heater ON,10,Optimal,High,Medium,0.44
24,6,Optimal,High,Medium,Do nothing,7,Optimal,High,Medium,0.44
24,7,Optimal,High,Medium,Do nothing,7,Optimal,High,Medium,0.44
24,8,Optimal,High,Medium,Close shade curtains,7,Optimal,High,Low,0.44
24,9,Optimal,High,Low,Do nothing,3,Optimal,High,Low,0.44
24,10,Optimal,High,Low,Open shade curtains,3,Optimal,High,Medium,0.44
24,11,Optimal,High,Medium,Do nothing,7,Optimal,High,High,0.44
24,12,Optimal,High,High,Close shade curtains,3,Optimal,High,Medium,0.44
24,13,Optimal,High,Medium,Heater OFF,7,Optimal,Optimal,Medium,0.44
24,14,Optimal,Optimal,Medium,Heater ON,10,Optimal,High,Medium,0.44
24,15,Optimal,High,Medium,Heater ON,2,Optimal,High,Medium,0.44
24,16,Optimal,High,Medium,Close shade curtains,7,Optimal,High,Low,0.44
24,17,Optimal,High,Low,Heater OFF,3,Optimal,Optimal,Low,0.44
24,18,Optimal,Optimal,Low,Close shade curtains,6,Optimal,Optimal,Low,0.44
24,19,Optimal,Optimal,Low,Open shade curtains,6,Optimal,Optimal,Medium,0.44
24,20,Optimal,Optimal,Medium,Heater OFF,10,Optimal,Low,Medium,0.44
24,21,Optimal,Low,Medium,Heater OFF,7,Optimal,Optimal,Medium,0.44
24,22,Optimal,Optimal,Medium,Heater OFF,10,Optimal,Optimal,Medium,0.44
24,23,Optimal,Optimal,Medium,Open shade curtains,10,Optimal,Optimal,High,0.44
24,24,Optimal,Optimal,High,Close shade curtains,6,Optimal,Optimal,Medium,0.44
24,25,Optimal,Optimal,Medium,Heater OFF,10,Optimal,Low,Medium,0.44
24,26,Optimal,Low,Medium,Heater OFF,7,Optimal,Optimal,Medium,0.44
24,27,Optimal,Optimal,Medium,Heater OFF,10,Optimal,Low,Medium,0.44
24,28,Optimal,Low,Medium,Heater OFF,7,Optimal,Optimal,Medium,0.44
24,29,Optimal,Optimal,Medium,Open shade curtains,10,Optimal,Optimal,High,0.44
24,30,Optimal,Optimal,High,Close shade curtains,6,Optimal,Optimal,High,0.44
24,31,Optimal,Optimal,High,Close shade curtains,6,Optimal,Optimal,Medium,0.44
24,32,Optimal,Optimal,Medium,Open shade curtains,10,Optimal,Optimal,High,0.44
24,33,Optimal,Optimal,High,Close shade curtains,6,Optimal,Optimal,Medium,0.44
24,34,Optimal,Optimal,Medium,Heater OFF,10,Optimal,Low,Medium,0.44
24,35,Optimal,Low,Medium,Heater OFF,7,Optimal,Optimal,Medium,0.44
24,36,Optimal,Optimal,Medium,Water Pump ON,10,Wet,Optimal,Medium,0.44
24,37,Wet,Optimal,Medium,Close shade curtains,7,Wet,Optimal,Low,0.44
24,38,Wet,Optimal,Low,Heater OFF,3,Wet,Low,Low,0.44
24,39,Wet,Low,Low,Heater OFF,0,Wet,Optimal,Low,0.44
24,40,Wet,Optimal,Low,Close shade curtains,3,Wet,Optimal,Low,0.44
24,41,Wet,Optimal,Low,Water Pump ON,-2,Wet,Optimal,Low,0.44
24,42,Wet,Optimal,Low,Heater OFF,3,Wet,Low,Low,0.44
24,43,Wet,Low,Low,Heater OFF,0,Wet,Optimal,Low,0.44
24,44,Wet,Optimal,Low,Close shade curtains,3,Wet,Optimal,Low,0.44
24,45,Wet,Optimal,Low,Close shade curtains,3,Wet,Optimal,Low,0.44
24,46,Wet,Optimal,Low,Open shade curtains,3,Wet,Optimal,Medium,0.44
24,47,Wet,Optimal,Medium,Heater ON,7,Wet,High,Medium,0.44
24,48,Wet,High,Medium,Do nothing,4,Wet,High,Medium,0.44
24,49,Wet,High,Medium,Heater OFF,4,Wet,Optimal,Medium,0.44
24,50,Wet,Optimal,Medium,Heater ON,7,Wet,Optimal,Medium,0.44
25,1,Dry,Low,Medium,Heater OFF,4,Dry,Optimal,Medium,0.42
25,2,Dry,Optimal,Medium,Heater ON,7,Dry,High,Medium,0.42
25,3,Dry,High,Medium,Heater OFF,4,Dry,Optimal,Medium,0.42
25,4,Dry,Optimal,Medium,Open shade curtains,7,Dry,Optimal,High,0.42
25,5,Dry,Optimal,High,Open shade curtains,3,Dry,Optimal,High,0.42
25,6,Dry,Optimal,High,Open shade curtains,3,Dry,Optimal,High,0.42
25,7,Dry,Optimal,High,Water Pump ON,3,Optimal,Optimal,High,0.42
25,8,Optimal,Optimal,High,Open shade curtains,6,Optimal,Optimal,High,0.42
25,9,Optimal,Optimal,High,Close shade curtains,6,Optimal,Optimal,Medium,0.42
25,10,Optimal,Optimal,Medium,Water Pump OFF,10,Dry,Optimal,Medium,0.42
25,11,Dry,Optimal,Medium,Heater ON,7,Dry,High,Medium,0.42
25,12,Dry,High,Medium,Heater OFF,4,Dry,Optimal,Medium,0.42
25,13,Dry,Optimal,Medium,Heater ON,7,Dry,High,Medium,0.42
25,14,Dry,High,Medium,Water Pump ON,4,Optimal,High,Medium,0.42
25,15,Optimal,High,Medium,Heater OFF,7,Optimal,Optimal,Medium,0.42
25,16,Optimal,Optimal,Medium,Water Pump ON,10,Wet,Optimal,Medium,0.42
25,17,Wet,Optimal,Medium,Water Pump ON,2,Wet,Optimal,Medium,0.42
25,18,Wet,Optimal,Medium,Open shade curtains,7,Wet,Optimal,High,0.42
25,19,Wet,Optimal,High,Water Pump ON,-2,Wet,Optimal,High,0.42
25,20,Wet,Optimal,High,Do nothing,3,Wet,Optimal,High,0.42
25,21,Wet,Optimal,High,Close shade curtains,3,Wet,Optimal,Medium,0.42
25,22,Wet,Optimal,Medium,Open shade curtains,7,Wet,Optimal,High,0.42
25,23,Wet,Optimal,High,Close shade curtains,3,Wet,Optimal,Medium,0.42
25,24,Wet,Optimal,Medium,Heater OFF,7,Wet,Low,Medium,0.42
25,25,Wet,Low,Medium,Open shade curtains,4,Wet,Low,Medium,0.42
25,26,Wet,Low,Medium,Heater OFF,4,Wet,Optimal,Medium,0.42
25,27,Wet,Optimal,Medium,Do nothing,7,Wet,Optimal,Medium,0.42
25,28,Wet,Optimal,Medium,Heater OFF,7,Wet,Low,Medium,0.42
25,29,Wet,Low,Medium,Heater OFF,4,Wet,Optimal,Medium,0.42
25,30,Wet,Optimal,Medium,Heater OFF,7,Wet,Low,Medium,0.42
25,31,Wet,Low,Medium,Heater OFF,4,Wet,Optimal,Medium,0.42
25,32,Wet,Optimal,Medium,Heater OFF,7,Wet,Low,Medium,0.42
25,33,Wet,Low,Medium,Water Pump ON,-1,Wet,Low,Medium,0.42
25,34,Wet,Low,Medium,Do nothing,4,Wet,Low,Medium,0.42
25,35,Wet,Low,Medium,Heater OFF,4,Wet,Optimal,Medium,0.42
25,36,Wet,Optimal,Medium,Heater OFF,7,Wet,Low,Medium,0.42
25,37,Wet,Low,Medium,Heater OFF,4,Wet,Optimal,Medium,0.42
25,38,Wet,Optimal,Medium,Heater OFF,7,Wet,Optimal,Medium,0.42
25,39,Wet,Optimal,Medium,Heater OFF,7,Wet,Low,Medium,0.42
25,40,Wet,Low,Medium,Do nothing,4,Wet,Low,Medium,0.42
25,41,Wet,Low,Medium,Do nothing,4,Wet,Low,Medium,0.42
25,42,Wet,Low,Medium,Do nothing,4,Wet,Low,Medium,0.42
25,43,Wet,Low,Medium,Water Pump ON,-1,Wet,Low,Medium,0.42
25,44,Wet,Low,Medium,Heater OFF,4,Wet,Optimal,Medium,0.42
25,45,Wet,Optimal,Medium,Close shade curtains,7,Wet,Optimal,Low,0.42
25,46,Wet,Optimal,Low,Close shade curtains,3,Wet,Optimal,Low,0.42
25,47,Wet,Optimal,Low,Heater ON,3,Wet,High,Low,0.42
25,48,Wet,High,Low,Close shade curtains,0,Wet,High,Low,0.42
25,49,Wet,High,Low,Close shade curtains,0,Wet,High,Low,0.42
25,50,Wet,High,Low,Close shade curtains,0,Wet,High,Low,0.42
26,1,Dry,High,Medium,Heater OFF,4,Dry,Optimal,Medium,0.4
26,2,Dry,Optimal,Medium,Water Pump OFF,5,Optimal,Optimal,Medium,0.4
26,3,Optimal,Optimal,Medium,Heater OFF,10,Optimal,Low,Medium,0.4
26,4,Optimal,Low,Medium,Heater OFF,7,Optimal,Optimal,Medium,0.4
26,5,Optimal,Optimal,Medium,Heater OFF,10,Optimal,Low,Medium,0.4
26,6,Optimal,Low,Medium,Heater OFF,7,Optimal,Optimal,Medium,0.4
26,7,Optimal,Optimal,Medium,Heater OFF,10,Optimal,Low,Medium,0.4
26,8,Optimal,Low,Medium,Heater OFF,7,Optimal,Optimal,Medium,0.4
26,9,Optimal,Optimal,Medium,Do nothing,10,Optimal,Optimal,Medium,0.4
26,10,Optimal,Optimal,Medium,Heater OFF,10,Optimal,Low,Medium,0.4
26,11,Optimal,Low,Medium,Heater OFF,7,Optimal,Optimal,Medium,0.4
26,12,Optimal,Optimal,Medium,Heater OFF,10,Optimal,Low,Medium,0.4
26,13,Optimal,Low,Medium,Close shade curtains,7,Optimal,Low,Low,0.4
26,14,Optimal,Low,Low,Heater OFF,3,Optimal,Optimal,Low,0.4
26,15,Optimal,Optimal,Low,Close shade curtains,6,Optimal,Optimal,Low,0.4
26,16,Optimal,Optimal,Low,Water Pump ON,6,Wet,Optimal,Low,0.4
26,17,Wet,Optimal,Low,Water Pump OFF,3,Optimal,Optimal,Low,0.4
26,18,Optimal,Optimal,Low,Heater OFF,6,Optimal,Low,Low,0.4
26,19,Optimal,Low,Low,Heater OFF,3,Optimal,Optimal,Low,0.4
26,20,Optimal,Optimal,Low,Do nothing,6,Optimal,Optimal,Low,0.4
26,21,Optimal,Optimal,Low,Do nothing,6,Optimal,Optimal,Low,0.4
26,22,Optimal,Optimal,Low,Do nothing,6,Optimal,Optimal,Low,0.4
26,23,Optimal,Optimal,Low,Close shade curtains,6,Optimal,Optimal,Low,0.4
26,24,Optimal,Optimal,Low,Do nothing,6,Optimal,Optimal,Low,0.4
26,25,Optimal,Optimal,Low,Water Pump ON,6,Optimal,Optimal,Low,0.4
26,26,Optimal,Optimal,Low,Do nothing,6,Optimal,Optimal,Low,0.4
26,27,Optimal,Optimal,Low,Do nothing,6,Optimal,Optimal,Low,0.4
26,28,Optimal,Optimal,Low,Open shade curtains,6,Optimal,Optimal,Medium,0.4
26,29,Optimal,Optimal,Medium,Heater OFF,10,Optimal,Low,Medium,0.4
26,30,Optimal,Low,Medium,Heater OFF,7,Optimal,Optimal,High,0.4
26,31,Optimal,Optimal,High,Heater OFF,6,Optimal,Low,High,0.4
26,32,Optimal,Low,High,Heater OFF,3,Optimal,Optimal,High,0.4
26,33,Optimal,Optimal,High,Water Pump OFF,6,Dry,Optimal,High,0.4
26,34,Dry,Optimal,High,Water Pump OFF,1,Optimal,Optimal,High,0.4
26,35,Optimal,Optimal,High,Open shade curtains,6,Optimal,Optimal,Low,0.4
26,36,Optimal,Optimal,Low,Heater ON,6,Optimal,High,Low,0.4
26,37,Optimal,High,Low,Open shade curtains,3,Optimal,High,Medium,0.4
26,38,Optimal,High,Medium,Heater OFF,7,Optimal,Optimal,Medium,0.4
26,39,Optimal,Optimal,Medium,Heater ON,10,Optimal,High,Medium,0.4
26,40,Optimal,High,Medium,Heater OFF,7,Optimal,Optimal,High,0.4
26,41,Optimal,Optimal,High,Open shade curtains,6,Optimal,Optimal,High,0.4
26,42,Optimal,Optimal,High,Do nothing,6,Optimal,Optimal,High,0.4
26,43,Optimal,Optimal,High,Open shade curtains,6,Optimal,Optimal,High,0.4
26,44,Optimal,Optimal,High,Water Pump ON,6,Wet,Optimal,High,0.4
26,45,Wet,Optimal,High,Close shade curtains,3,Wet,Optimal,High,0.4
26,46,Wet,Optimal,High,Water Pump OFF,3,Optimal,Optimal,High,0.4
26,47,Optimal,Optimal,High,Do nothing,6,Optimal,Optimal,High,0.4
26,48,Optimal,Optimal,High,Open shade curtains,6,Optimal,Optimal,High,0.4
26,49,Optimal,Optimal,High,Open shade curtains,6,Optimal,Optimal,High,0.4
26,50,Optimal,Optimal,High,Open shade curtains,6,Optimal,Optimal,High,0.4
27,1,Dry,High,High,Heater ON,-5,Dry,High,High,0.38
27,2,Dry,High,High,Heater OFF,0,Dry,Optimal,High,0.38
27,3,Dry,Optimal,High,Water Pump ON,3,Optimal,Optimal,High,0.38
27,4,Optimal,Optimal,High,Open shade curtains,6,Optimal,Optimal,High,0.38
27,5,Optimal,Optimal,High,Open shade curtains,6,Optimal,Optimal,High,0.38
27,6,Optimal,Optimal,High,Open shade curtains,6,Optimal,Optimal,High,0.38
27,7,Optimal,Optimal,High,Water Pump OFF,6,Dry,Optimal,High,0.38
27,8,Dry,Optimal,High,Close shade curtains,3,Dry,Optimal,Medium,0.38
27,9,Dry,Optimal,Medium,Water Pump OFF,5,Optimal,Optimal,Medium,0.38
27,10,Optimal,Optimal,Medium,Heater ON,10,Optimal,High,Medium,0.38
27,11,Optimal,High,Medium,Heater ON,2,Optimal,High,Medium,0.38
27,12,Optimal,High,Medium,Heater OFF,7,Optimal,Optimal,Medium,0.38
27,13,Optimal,Optimal,Medium,Heater OFF,10,Optimal,Low,Medium,0.38
27,14,Optimal,Low,Medium,Heater ON,7,Optimal,Optimal,Medium,0.38
27,15,Optimal,Optimal,Medium,Heater OFF,10,Optimal,Optimal,Medium,0.38
27,16,Optimal,Optimal,Medium,Heater OFF,10,Optimal,Low,Medium,0.38
27,17,Optimal,Low,Medium,Open shade curtains,7,Optimal,Low,High,0.38
27,18,Optimal,Low,High,Heater OFF,3,Optimal,Optimal,High,0.38
27,19,Optimal,Optimal,High,Open shade curtains,6,Optimal,Optimal,High,0.38
27,20,Optimal,Optimal,High,Do nothing,6,Optimal,Optimal,High,0.38
27,21,Optimal,Optimal,High,Heater ON,6,Optimal,High,High,0.38
27,22,Optimal,High,High,Water Pump OFF,3,Dry,High,High,0.38
27,23,Dry,High,High,Water Pump OFF,-2,Optimal,High,High,0.38
27,24,Optimal,High,High,Heater ON,-2,Optimal,High,High,0.38
27,25,Optimal,High,High,Do nothing,3,Optimal,High,High,0.38
27,26,Optimal,High,High,Heater OFF,3,Optimal,Optimal,High,0.38
27,27,Optimal,Optimal,High,Heater ON,6,Optimal,High,High,0.38
27,28,Optimal,High,High,Heater OFF,3,Optimal,High,High,0.38
27,29,Optimal,High,High,Open shade curtains,3,Optimal,High,High,0.38
27,30,Optimal,High,High,Do nothing,3,Optimal,High,High,0.38
27,31,Optimal,High,High,Heater OFF,3,Optimal,Optimal,High,0.38
27,32,Optimal,Optimal,High,Close shade curtains,6,Optimal,Optimal,Medium,0.38
27,33,Optimal,Optimal,Medium,Heater ON,10,Optimal,Optimal,Medium,0.38
27,34,Optimal,Optimal,Medium,Water Pump OFF,10,Optimal,Optimal,Medium,0.38
27,35,Optimal,Optimal,Medium,Heater OFF,10,Optimal,Low,Medium,0.38
27,36,Optimal,Low,Medium,Heater OFF,7,Optimal,Optimal,Medium,0.38
27,37,Optimal,Optimal,Medium,Heater OFF,10,Optimal,Low,Medium,0.38
27,38,Optimal,Low,Medium,Heater OFF,7,Optimal,Optimal,Medium,0.38
27,39,Optimal,Optimal,Medium,Water Pump OFF,10,Dry,Optimal,Medium,0.38
27,40,Dry,Optimal,Medium,Water Pump OFF,5,Dry,Optimal,Medium,0.38
27,41,Dry,Optimal,Medium,Water Pump OFF,5,Optimal,Optimal,Medium,0.38
27,42,Optimal,Optimal,Medium,Heater ON,10,Optimal,Optimal,Medium,0.38
27,43,Optimal,Optimal,Medium,Close shade curtains,10,Optimal,Optimal,Low,0.38
27,44,Optimal,Optimal,Low,Water Pump OFF,6,Dry,Optimal,Low,0.38
27,45,Dry,Optimal,Low,Water Pump OFF,1,Optimal,Optimal,Low,0.38
27,46,Optimal,Optimal,Low,Close shade curtains,6,Optimal,Optimal,Low,0.38
27,47,Optimal,Optimal,Low,Close shade curtains,6,Optimal,Optimal,Low,0.38
27,48,Optimal,Optimal,Low,Do nothing,6,Optimal,Optimal,Low,0.38
27,49,Optimal,Optimal,Low,Close shade curtains,6,Optimal,Optimal,Low,0.38
27,50,Optimal,Optimal,Low,Close shade curtains,6,Optimal,Optimal,Low,0.38
28,1,Optimal,Low,Medium,Do nothing,7,Optimal,Low,High,0.36
28,2,Optimal,Low,High,Heater OFF,3,Optimal,Optimal,High,0.36
28,3,Optimal,Optimal,High,Heater OFF,6,Optimal,Low,High,0.36
28,4,Optimal,Low,High,Water Pump OFF,3,Dry,Low,High,0.36
28,5,Dry,Low,High,Heater OFF,0,Dry,Optimal,High,0.36
28,6,Dry,Optimal,High,Heater ON,3,Dry,High,High,0.36
28,7,Dry,High,High,Heater OFF,0,Dry,Optimal,High,0.36
28,8,Dry,Optimal,High,Heater OFF,3,Dry,Optimal,High,0.36
28,9,Dry,Optimal,High,Heater OFF,3,Dry,Low,High,0.36
28,10,Dry,Low,High,Open shade curtains,0,Dry,Low,High,0.36
28,11,Dry,Low,High,Close shade curtains,0,Dry,Low,Medium,0.36
28,12,Dry,Low,Medium,Heater OFF,4,Dry,Optimal,Medium,0.36
28,13,Dry,Optimal,Medium,Heater OFF,7,Dry,Low,Medium,0.36
28,14,Dry,Low,Medium,Heater OFF,4,Dry,Optimal,Medium,0.36
28,15,Dry,Optimal,Medium,Water Pump OFF,5,Optimal,Optimal,Medium,0.36
28,16,Optimal,Optimal,Medium,Heater OFF,10,Optimal,Low,Medium,0.36
28,17,Optimal,Low,Medium,Heater OFF,7,Optimal,Low,Medium,0.36
28,18,Optimal,Low,Medium,Heater OFF,7,Optimal,Optimal,Medium,0.36
28,19,Optimal,Optimal,Medium,Heater OFF,10,Optimal,Low,Medium,0.36
28,20,Optimal,Low,Medium,Heater OFF,7,Optimal,Optimal,Medium,0.36
28,21,Optimal,Optimal,Medium,Open shade curtains,10,Optimal,Optimal,High,0.36
28,22,Optimal,Optimal,High,Heater ON,6,Optimal,High,High,0.36
28,23,Optimal,High,High,Heater ON,-2,Optimal,High,High,0.36
28,24,Optimal,High,High,Heater OFF,3,Optimal,Optimal,High,0.36
28,25,Optimal,Optimal,High,Water Pump OFF,6,Dry,Optimal,High,0.36
28,26,Dry,Optimal,High,Close shade curtains,3,Dry,Optimal,Medium,0.36
28,27,Dry,Optimal,Medium,Water Pump OFF,5,Optimal,Optimal,Medium,0.36
28,28,Optimal,Optimal,Medium,Heater OFF,10,Optimal,Low,Medium,0.36
28,29,Optimal,Low,Medium,Heater OFF,7,Optimal,Optimal,Medium,0.36
28,30,Optimal,Optimal,Medium,Heater OFF,10,Optimal,Low,Medium,0.36
28,31,Optimal,Low,Medium,Heater OFF,7,Optimal,Optimal,Medium,0.36
28,32,Optimal,Optimal,Medium,Heater OFF,10,Optimal,Low,Medium,0.36
28,33,Optimal,Low,Medium,Heater OFF,7,Optimal,Optimal,Medium,0.36
28,34,Optimal,Optimal,Medium,Heater OFF,10,Optimal,Optimal,Medium,0.36
28,35,Optimal,Optimal,Medium,Close shade curtains,10,Optimal,Optimal,Low,0.36
28,36,Optimal,Optimal,Low,Close shade curtains,6,Optimal,Optimal,Low,0.36
28,37,Optimal,Optimal,Low,Close shade curtains,6,Optimal,Optimal,Low,0.36
28,38,Optimal,Optimal,Low,Close shade curtains,6,Optimal,Optimal,Low,0.36
28,39,Optimal,Optimal,Low,Close shade curtains,6,Optimal,Optimal,Low,0.36
28,40,Optimal,Optimal,Low,Close shade curtains,6,Optimal,Optimal,Low,0.36
28,41,Optimal,Optimal,Low,Close shade curtains,6,Optimal,Optimal,Low,0.36
28,42,Optimal,Optimal,Low,Open shade curtains,6,Optimal,Optimal,Medium,0.36
28,43,Optimal,Optimal,Medium,Open shade curtains,10,Optimal,Optimal,High,0.36
28,44,Optimal,Optimal,High,Close shade curtains,6,Optimal,Optimal,High,0.36
28,45,Optimal,Optimal,High,Close shade curtains,6,Optimal,Optimal,Medium,0.36
28,46,Optimal,Optimal,Medium,Heater ON,10,Optimal,Optimal,Medium,0.36
28,47,Optimal,Optimal,Medium,Heater OFF,10,Optimal,Low,Medium,0.36
28,48,Optimal,Low,Medium,Heater OFF,7,Optimal,Optimal,Medium,0.36
28,49,Optimal,Optimal,Medium,Heater OFF,10,Optimal,Low,Medium,0.36
28,50,Optimal,Low,Medium,Heater OFF,7,Optimal,Low,Medium,0.36
29,1,Dry,High,Low,Heater OFF,0,Dry,High,Low,0.34
29,2,Dry,High,Low,Water Pump OFF,-2,Optimal,High,Low,0.34
29,3,Optimal,High,Low,Heater OFF,3,Optimal,Optimal,Low,0.34
29,4,Optimal,Optimal,Low,Heater OFF,6,Optimal,Low,Low,0.34
29,5,Optimal,Low,Low,Heater OFF,3,Optimal,Low,Low,0.34
29,6,Optimal,Low,Low,Heater OFF,3,Optimal,Optimal,Low,0.34
29,7,Optimal,Optimal,Low,Water Pump OFF,6,Dry,Optimal,Low,0.34
29,8,Dry,Optimal,Low,Water Pump OFF,1,Optimal,Optimal,Low,0.34
29,9,Optimal,Optimal,Low,Open shade curtains,6,Optimal,Optimal,Medium,0.34
29,10,Optimal,Optimal,Medium,Heater OFF,10,Optimal,Low,Medium,0.34
29,11,Optimal,Low,Medium,Water Pump ON,7,Wet,Low,Medium,0.34
29,12,Wet,Low,Medium,Water Pump OFF,4,Wet,Low,Medium,0.34
29,13,Wet,Low,Medium,Water Pump OFF,4,Optimal,Low,Medium,0.34
29,14,Optimal,Low,Medium,Heater OFF,7,Optimal,Optimal,Medium,0.34
29,15,Optimal,Optimal,Medium,Open shade curtains,10,Optimal,Optimal,High,0.34
29,16,Optimal,Optimal,High,Open shade curtains,6,Optimal,Optimal,High,0.34
29,17,Optimal,Optimal,High,Open shade curtains,6,Optimal,Optimal,High,0.34
29,18,Optimal,Optimal,High,Close shade curtains,6,Optimal,Optimal,Medium,0.34
29,19,Optimal,Optimal,Medium,Water Pump OFF,10,Dry,Optimal,Medium,0.34
29,20,Dry,Optimal,Medium,Water Pump OFF,5,Optimal,Optimal,Medium,0.34
29,21,Optimal,Optimal,Medium,Water Pump OFF,10,Dry,Optimal,Medium,0.34
29,22,Dry,Optimal,Medium,Water Pump OFF,5,Optimal,Optimal,Medium,0.34
29,23,Optimal,Optimal,Medium,Water Pump OFF,10,Dry,Optimal,Medium,0.34
29,24,Dry,Optimal,Medium,Water Pump OFF,5,Optimal,Optimal,Medium,0.34
29,25,Optimal,Optimal,Medium,Water Pump OFF,10,Dry,Optimal,Medium,0.34
29,26,Dry,Optimal,Medium,Water Pump OFF,5,Optimal,Optimal,Medium,0.34
29,27,Optimal,Optimal,Medium,Open shade curtains,10,Optimal,Optimal,Medium,0.34
29,28,Optimal,Optimal,Medium,Water Pump OFF,10,Dry,Optimal,Medium,0.34
29,29,Dry,Optimal,Medium,Water Pump OFF,5,Optimal,Optimal,Medium,0.34
29,30,Optimal,Optimal,Medium,Water Pump OFF,10,Dry,Optimal,Medium,0.34
29,31,Dry,Optimal,Medium,Water Pump OFF,5,Optimal,Optimal,Medium,0.34
29,32,Optimal,Optimal,Medium,Water Pump OFF,10,Dry,Optimal,Medium,0.34
29,33,Dry,Optimal,Medium,Water Pump OFF,5,Optimal,Optimal,Medium,0.34
29,34,Optimal,Optimal,Medium,Heater OFF,10,Optimal,Optimal,Medium,0.34
29,35,Optimal,Optimal,Medium,Heater OFF,10,Optimal,Low,Medium,0.34
29,36,Optimal,Low,Medium,Heater OFF,7,Optimal,Optimal,Medium,0.34
29,37,Optimal,Optimal,Medium,Heater OFF,10,Optimal,Low,Medium,0.34
29,38,Optimal,Low,Medium,Heater OFF,7,Optimal,Optimal,Medium,0.34
29,39,Optimal,Optimal,Medium,Heater OFF,10,Optimal,Low,Medium,0.34
29,40,Optimal,Low,Medium,Open shade curtains,7,Optimal,Low,Medium,0.34
29,41,Optimal,Low,Medium,Heater OFF,7,Optimal,Optimal,Medium,0.34
29,42,Optimal,Optimal,Medium,Open shade curtains,10,Optimal,Optimal,High,0.34
29,43,Optimal,Optimal,High,Do nothing,6,Optimal,Optimal,High,0.34
29,44,Optimal,Optimal,High,Close shade curtains,6,Optimal,Optimal,Medium,0.34
29,45,Optimal,Optimal,Medium,Open shade curtains,10,Optimal,Optimal,High,0.34
29,46,Optimal,Optimal,High,Close shade curtains,6,Optimal,Optimal,High,0.34
29,47,Optimal,Optimal,High,Close shade curtains,6,Optimal,Optimal,Medium,0.34
29,48,Optimal,Optimal,Medium,Open shade curtains,10,Optimal,Optimal,High,0.34
29,49,Optimal,Optimal,High,Close shade curtains,6,Optimal,Optimal,Medium,0.34
29,50,Optimal,Optimal,Medium,Open shade curtains,10,Optimal,Optimal,High,0.34
30,1,Optimal,High,High,Open shade curtains,3,Optimal,High,High,0.32
30,2,Optimal,High,High,Heater ON,-2,Optimal,High,High,0.32
30,3,Optimal,High,High,Open shade curtains,3,Optimal,High,High,0.32
30,4,Optimal,High,High,Do nothing,3,Optimal,High,High,0.32
30,5,Optimal,High,High,Open shade curtains,3,Optimal,High,High,0.32
30,6,Optimal,High,High,Open shade curtains,3,Optimal,High,High,0.32
30,7,Optimal,High,High,Heater OFF,3,Optimal,Optimal,High,0.32
30,8,Optimal,Optimal,High,Close shade curtains,6,Optimal,Optimal,High,0.32
30,9,Optimal,Optimal,High,Close shade curtains,6,Optimal,Optimal,Medium,0.32
30,10,Optimal,Optimal,Medium,Heater OFF,10,Optimal,Low,Medium,0.32
30,11,Optimal,Low,Medium,Heater OFF,7,Optimal,Optimal,Medium,0.32
30,12,Optimal,Optimal,Medium,Heater OFF,10,Optimal,Low,Medium,0.32
30,13,Optimal,Low,Medium,Heater OFF,7,Optimal,Optimal,Medium,0.32
30,14,Optimal,Optimal,Medium,Heater OFF,10,Optimal,Low,Medium,0.32
30,15,Optimal,Low,Medium,Close shade curtains,7,Optimal,Low,Low,0.32
30,16,Optimal,Low,Low,Heater OFF,3,Optimal,Optimal,Low,0.32
30,17,Optimal,Optimal,Low,Do nothing,6,Optimal,Optimal,Low,0.32
30,18,Optimal,Optimal,Low,Do nothing,6,Optimal,Optimal,Low,0.32
30,19,Optimal,Optimal,Low,Water Pump OFF,6,Dry,Optimal,Low,0.32
30,20,Dry,Optimal,Low,Heater OFF,3,Dry,Low,Low,0.32
30,21,Dry,Low,Low,Heater OFF,0,Dry,Optimal,Low,0.32
30,22,Dry,Optimal,Low,Heater OFF,3,Dry,Low,Low,0.32
30,23,Dry,Low,Low,Heater OFF,0,Dry,Optimal,Medium,0.32
30,24,Dry,Optimal,Medium,Heater OFF,7,Dry,Low,Medium,0.32
30,25,Dry,Low,Medium,Heater OFF,4,Dry,Optimal,Medium,0.32
30,26,Dry,Optimal,Medium,Water Pump OFF,5,Optimal,Optimal,Medium,0.32
30,27,Optimal,Optimal,Medium,Heater OFF,10,Optimal,Low,Medium,0.32
30,28,Optimal,Low,Medium,Heater OFF,7,Optimal,Low,Medium,0.32
30,29,Optimal,Low,Medium,Heater ON,7,Optimal,Optimal,Medium,0.32
30,30,Optimal,Optimal,Medium,Heater OFF,10,Optimal,Low,Medium,0.32
30,31,Optimal,Low,Medium,Close shade curtains,7,Optimal,Low,Low,0.32
30,32,Optimal,Low,Low,Heater OFF,3,Optimal,Optimal,Low,0.32
30,33,Optimal,Optimal,Low,Close shade curtains,6,Optimal,Optimal,Low,0.32
30,34,Optimal,Optimal,Low,Do nothing,6,Optimal,Optimal,Low,0.32
30,35,Optimal,Optimal,Low,Do nothing,6,Optimal,Optimal,Low,0.32
30,36,Optimal,Optimal,Low,Close shade curtains,6,Optimal,Optimal,Low,0.32
30,37,Optimal,Optimal,Low,Do nothing,6,Optimal,Optimal,Low,0.32
30,38,Optimal,Optimal,Low,Open shade curtains,6,Optimal,Optimal,Low,0.32
30,39,Optimal,Optimal,Low,Open shade curtains,6,Optimal,Optimal,Medium,0.32
30,40,Optimal,Optimal,Medium,Water Pump OFF,10,Optimal,Optimal,Medium,0.32
30,41,Optimal,Optimal,Medium,Heater ON,10,Optimal,High,Medium,0.32
30,42,Optimal,High,Medium,Water Pump OFF,7,Dry,High,Medium,0.32
30,43,Dry,High,Medium,Open shade curtains,4,Dry,High,High,0.32
30,44,Dry,High,High,Water Pump OFF,-2,Optimal,High,High,0.32
30,45,Optimal,High,High,Heater OFF,3,Optimal,Optimal,High,0.32
30,46,Optimal,Optimal,High,Close shade curtains,6,Optimal,Optimal,Medium,0.32
30,47,Optimal,Optimal,Medium,Heater ON,10,Optimal,High,Medium,0.32
30,48,Optimal,High,Medium,Open shade curtains,7,Optimal,High,High,0.32
30,49,Optimal,High,High,Heater OFF,3,Optimal,Optimal,High,0.32
30,50,Optimal,Optimal,High,Close shade curtains,6,Optimal,Optimal,High,0.32
31,1,Optimal,Optimal,High,Close shade curtains,6,Optimal,Optimal,Medium,0.3
31,2,Optimal,Optimal,Medium,Heater OFF,10,Optimal,Low,Medium,0.3
31,3,Optimal,Low,Medium,Heater OFF,7,Optimal,Optimal,Medium,0.3
31,4,Optimal,Optimal,Medium,Heater OFF,10,Optimal,Low,Medium,0.3
31,5,Optimal,Low,Medium,Heater OFF,7,Optimal,Optimal,Medium,0.3
31,6,Optimal,Optimal,Medium,Water Pump ON,10,Wet,Optimal,Medium,0.3
31,7,Wet,Optimal,Medium,Heater OFF,7,Wet,Low,Medium,0.3
31,8,Wet,Low,Medium,Heater OFF,4,Wet,Optimal,Medium,0.3
31,9,Wet,Optimal,Medium,Heater OFF,7,Wet,Low,Medium,0.3
31,10,Wet,Low,Medium,Heater OFF,4,Wet,Optimal,Medium,0.3
31,11,Wet,Optimal,Medium,Heater OFF,7,Wet,Low,Medium,0.3
31,12,Wet,Low,Medium,Open shade curtains,4,Wet,Low,High,0.3
31,13,Wet,Low,High,Close shade curtains,0,Wet,Low,Medium,0.3
31,14,Wet,Low,Medium,Heater OFF,4,Wet,Optimal,Medium,0.3
31,15,Wet,Optimal,Medium,Heater OFF,7,Wet,Low,Medium,0.3
31,16,Wet,Low,Medium,Heater OFF,4,Wet,Optimal,Medium,0.3
31,17,Wet,Optimal,Medium,Heater OFF,7,Wet,Low,Medium,0.3
31,18,Wet,Low,Medium,Heater OFF,4,Wet,Optimal,Medium,0.3
31,19,Wet,Optimal,Medium,Heater OFF,7,Wet,Low,Medium,0.3
31,20,Wet,Low,Medium,Heater OFF,4,Wet,Optimal,Medium,0.3
31,21,Wet,Optimal,Medium,Water Pump OFF,7,Optimal,Optimal,Medium,0.3
31,22,Optimal,Optimal,Medium,Heater OFF,10,Optimal,Low,Medium,0.3
31,23,Optimal,Low,Medium,Water Pump ON,7,Wet,Low,Medium,0.3
31,24,Wet,Low,Medium,Water Pump OFF,4,Optimal,Low,Medium,0.3
31,25,Optimal,Low,Medium,Heater OFF,7,Optimal,Optimal,Medium,0.3
31,26,Optimal,Optimal,Medium,Heater OFF,10,Optimal,Low,Medium,0.3
31,27,Optimal,Low,Medium,Heater OFF,7,Optimal,Optimal,Medium,0.3
31,28,Optimal,Optimal,Medium,Water Pump OFF,10,Dry,Optimal,Medium,0.3
31,29,Dry,Optimal,Medium,Water Pump OFF,5,Optimal,Optimal,Medium,0.3
31,30,Optimal,Optimal,Medium,Water Pump OFF,10,Dry,Optimal,Medium,0.3
31,31,Dry,Optimal,Medium,Water Pump OFF,5,Dry,Optimal,Medium,0.3
31,32,Dry,Optimal,Medium,Heater ON,7,Dry,High,Medium,0.3
31,33,Dry,High,Medium,Close shade curtains,4,Dry,High,Low,0.3
31,34,Dry,High,Low,Water Pump OFF,-2,Optimal,High,Low,0.3
31,35,Optimal,High,Low,Water Pump OFF,3,Dry,High,Low,0.3
31,36,Dry,High,Low,Water Pump OFF,-2,Optimal,High,Low,0.3
31,37,Optimal,High,Low,Water Pump OFF,3,Dry,High,Low,0.3
31,38,Dry,High,Low,Open shade curtains,0,Dry,High,Medium,0.3
31,39,Dry,High,Medium,Heater ON,-1,Dry,High,Medium,0.3
31,40,Dry,High,Medium,Water Pump OFF,2,Optimal,High,Medium,0.3
31,41,Optimal,High,Medium,Heater OFF,7,Optimal,Optimal,Medium,0.3
31,42,Optimal,Optimal,Medium,Heater OFF,10,Optimal,Low,Medium,0.3
31,43,Optimal,Low,Medium,Open shade curtains,7,Optimal,Low,High,0.3
31,44,Optimal,Low,High,Heater OFF,3,Optimal,Optimal,High,0.3
31,45,Optimal,Optimal,High,Close shade curtains,6,Optimal,Optimal,Medium,0.3
31,46,Optimal,Optimal,Medium,Water Pump ON,10,Wet,Optimal,Medium,0.3
31,47,Wet,Optimal,Medium,Water Pump OFF,7,Optimal,Optimal,Medium,0.3
31,48,Optimal,Optimal,Medium,Heater OFF,10,Optimal,Low,Medium,0.3
31,49,Optimal,Low,Medium,Heater OFF,7,Optimal,Optimal,Medium,0.3
31,50,Optimal,Optimal,Medium,Heater OFF,10,Optimal,Optimal,Medium,0.3
32,1,Dry,High,Low,Heater OFF,0,Dry,Optimal,Low,0.28
32,2,Dry,Optimal,Low,Water Pump OFF,1,Optimal,Optimal,Low,0.28
32,3,Optimal,Optimal,Low,Water Pump OFF,6,Dry,Optimal,Low,0.28
32,4,Dry,Optimal,Low,Close shade curtains,3,Dry,Optimal,Low,0.28
32,5,Dry,Optimal,Low,Water Pump OFF,1,Optimal,Optimal,High,0.28
32,6,Optimal,Optimal,High,Close shade curtains,6,Optimal,Optimal,Medium,0.28
32,7,Optimal,Optimal,Medium,Open shade curtains,10,Optimal,Optimal,High,0.28
32,8,Optimal,Optimal,High,Close shade curtains,6,Optimal,Optimal,Medium,0.28
32,9,Optimal,Optimal,Medium,Water Pump OFF,10,Dry,Optimal,Medium,0.28
32,10,Dry,Optimal,Medium,Water Pump OFF,5,Optimal,Optimal,Medium,0.28
32,11,Optimal,Optimal,Medium,Close shade curtains,10,Optimal,Optimal,Low,0.28
32,12,Optimal,Optimal,Low,Close shade curtains,6,Optimal,Optimal,Low,0.28
32,13,Optimal,Optimal,Low,Heater ON,6,Optimal,High,Low,0.28
32,14,Optimal,High,Low,Heater OFF,3,Optimal,Optimal,Low,0.28
32,15,Optimal,Optimal,Low,Close shade curtains,6,Optimal,Optimal,Low,0.28
32,16,Optimal,Optimal,Low,Open shade curtains,6,Optimal,Optimal,Medium,0.28
32,17,Optimal,Optimal,Medium,Heater OFF,10,Optimal,Low,Medium,0.28
32,18,Optimal,Low,Medium,Heater ON,7,Optimal,Optimal,Medium,0.28
32,19,Optimal,Optimal,Medium,Heater OFF,10,Optimal,Low,Medium,0.28
32,20,Optimal,Low,Medium,Heater OFF,7,Optimal,Optimal,Medium,0.28
32,21,Optimal,Optimal,Medium,Heater ON,10,Optimal,Optimal,Medium,0.28
32,22,Optimal,Optimal,Medium,Heater OFF,10,Optimal,Optimal,Medium,0.28
32,23,Optimal,Optimal,Medium,Water Pump OFF,10,Dry,Optimal,Medium,0.28
32,24,Dry,Optimal,Medium,Heater ON,7,Dry,High,Medium,0.28
32,25,Dry,High,Medium,Close shade curtains,4,Dry,High,Low,0.28
32,26,Dry,High,Low,Water Pump OFF,-2,Dry,High,Low,0.28
32,27,Dry,High,Low,Water Pump OFF,-2,Dry,High,Low,0.28
32,28,Dry,High,Low,Open shade curtains,0,Dry,High,Medium,0.28
32,29,Dry,High,Medium,Close shade curtains,4,Dry,High,Low,0.28
32,30,Dry,High,Low,Open shade curtains,0,Dry,High,Medium,0.28
32,31,Dry,High,Medium,Water Pump OFF,2,Optimal,High,Medium,0.28
32,32,Optimal,High,Medium,Heater OFF,7,Optimal,Optimal,Medium,0.28
32,33,Optimal,Optimal,Medium,Heater OFF,10,Optimal,Optimal,Medium,0.28
32,34,Optimal,Optimal,Medium,Heater OFF,10,Optimal,Low,Medium,0.28
32,35,Optimal,Low,Medium,Heater OFF,7,Optimal,Low,Medium,0.28
32,36,Optimal,Low,Medium,Heater OFF,7,Optimal,Optimal,Medium,0.28
32,37,Optimal,Optimal,Medium,Heater OFF,10,Optimal,Low,Medium,0.28
32,38,Optimal,Low,Medium,Heater OFF,7,Optimal,Optimal,Medium,0.28
32,39,Optimal,Optimal,Medium,Heater ON,10,Optimal,High,Medium,0.28
32,40,Optimal,High,Medium,Heater OFF,7,Optimal,Optimal,Medium,0.28
32,41,Optimal,Optimal,Medium,Heater ON,10,Optimal,High,Medium,0.28
32,42,Optimal,High,Medium,Open shade curtains,7,Optimal,High,High,0.28
32,43,Optimal,High,High,Heater OFF,3,Optimal,Optimal,High,0.28
32,44,Optimal,Optimal,High,Close shade curtains,6,Optimal,Optimal,Medium,0.28
32,45,Optimal,Optimal,Medium,Heater OFF,10,Optimal,Low,Medium,0.28
32,46,Optimal,Low,Medium,Heater OFF,7,Optimal,Optimal,Medium,0.28
32,47,Optimal,Optimal,Medium,Heater OFF,10,Optimal,Low,Medium,0.28
32,48,Optimal,Low,Medium,Heater OFF,7,Optimal,Optimal,Medium,0.28
32,49,Optimal,Optimal,Medium,Heater OFF,10,Optimal,Optimal,Medium,0.28
32,50,Optimal,Optimal,Medium,Heater OFF,10,Optimal,Low,Medium,0.28
33,1,Wet,Low,High,Close shade curtains,0,Wet,Low,Medium,0.26
33,2,Wet,Low,Medium,Heater OFF,4,Wet,Optimal,Medium,0.26
33,3,Wet,Optimal,Medium,Water Pump ON,2,Wet,Optimal,Medium,0.26
33,4,Wet,Optimal,Medium,Heater ON,7,Wet,High,Medium,0.26
33,5,Wet,High,Medium,Heater OFF,4,Wet,Optimal,Medium,0.26
33,6,Wet,Optimal,Medium,Close shade curtains,7,Wet,Optimal,Low,0.26
33,7,Wet,Optimal,Low,Water Pump OFF,3,Optimal,Optimal,Low,0.26
33,8,Optimal,Optimal,Low,Heater ON,6,Optimal,High,Low,0.26
33,9,Optimal,High,Low,Water Pump OFF,3,Dry,High,Low,0.26
33,10,Dry,High,Low,Heater ON,-5,Dry,High,Low,0.26
33,11,Dry,High,Low,Heater OFF,0,Dry,High,Low,0.26
33,12,Dry,High,Low,Water Pump OFF,-2,Optimal,High,Low,0.26
33,13,Optimal,High,Low,Heater OFF,3,Optimal,Optimal,Low,0.26
33,14,Optimal,Optimal,Low,Open shade curtains,6,Optimal,Optimal,Medium,0.26
33,15,Optimal,Optimal,Medium,Water Pump OFF,10,Dry,Optimal,Medium,0.26
33,16,Dry,Optimal,Medium,Water Pump OFF,5,Optimal,Optimal,Medium,0.26
33,17,Optimal,Optimal,Medium,Heater ON,10,Optimal,High,Medium,0.26
33,18,Optimal,High,Medium,Heater OFF,7,Optimal,Optimal,Medium,0.26
33,19,Optimal,Optimal,Medium,Heater OFF,10,Optimal,Optimal,Medium,0.26
33,20,Optimal,Optimal,Medium,Heater OFF,10,Optimal,Low,Medium,0.26
33,21,Optimal,Low,Medium,Heater ON,7,Optimal,Optimal,Medium,0.26
33,22,Optimal,Optimal,Medium,Heater ON,10,Optimal,High,Low,0.26
33,23,Optimal,High,Low,Heater OFF,3,Optimal,Optimal,Low,0.26
33,24,Optimal,Optimal,Low,Heater OFF,6,Optimal,Optimal,Low,0.26
33,25,Optimal,Optimal,Low,Open shade curtains,6,Optimal,Optimal,Medium,0.26
33,26,Optimal,Optimal,Medium,Heater OFF,10,Optimal,Low,Medium,0.26
33,27,Optimal,Low,Medium,Heater OFF,7,Optimal,Optimal,Medium,0.26
33,28,Optimal,Optimal,Medium,Heater OFF,10,Optimal,Low,Medium,0.26
33,29,Optimal,Low,Medium,Open shade curtains,7,Optimal,Low,High,0.26
33,30,Optimal,Low,High,Heater OFF,3,Optimal,Optimal,High,0.26
33,31,Optimal,Optimal,High,Open shade curtains,6,Optimal,Optimal,High,0.26
33,32,Optimal,Optimal,High,Heater ON,6,Optimal,High,High,0.26
33,33,Optimal,High,High,Heater OFF,3,Optimal,Optimal,High,0.26
33,34,Optimal,Optimal,High,Open shade curtains,6,Optimal,Optimal,High,0.26
33,35,Optimal,Optimal,High,Open shade curtains,6,Optimal,Optimal,High,0.26
33,36,Optimal,Optimal,High,Water Pump OFF,6,Dry,Optimal,Medium,0.26
33,37,Dry,Optimal,Medium,Heater ON,7,Dry,High,Medium,0.26
33,38,Dry,High,Medium,Open shade curtains,4,Dry,High,High,0.26
33,39,Dry,High,High,Heater OFF,0,Dry,High,High,0.26
33,40,Dry,High,High,Water Pump ON,0,Optimal,High,High,0.26
33,41,Optimal,High,High,Close shade curtains,3,Optimal,High,Medium,0.26
33,42,Optimal,High,Medium,Heater OFF,7,Optimal,High,Medium,0.26
33,43,Optimal,High,Medium,Heater OFF,7,Optimal,Optimal,Medium,0.26
33,44,Optimal,Optimal,Medium,Heater OFF,10,Optimal,Low,Medium,0.26
33,45,Optimal,Low,Medium,Heater OFF,7,Optimal,Optimal,High,0.26
33,46,Optimal,Optimal,High,Close shade curtains,6,Optimal,Optimal,Medium,0.26
33,47,Optimal,Optimal,Medium,Water Pump OFF,10,Dry,Optimal,Medium,0.26
33,48,Dry,Optimal,Medium,Water Pump OFF,5,Optimal,Optimal,Medium,0.26
33,49,Optimal,Optimal,Medium,Heater OFF,10,Optimal,Low,High,0.26
33,50,Optimal,Low,High,Heater OFF,3,Optimal,Optimal,High,0.26
34,1,Wet,Optimal,Low,Water Pump OFF,3,Optimal,Optimal,Low,0.24
34,2,Optimal,Optimal,Low,Close shade curtains,6,Optimal,Optimal,Low,0.24
34,3,Optimal,Optimal,Low,Close shade curtains,6,Optimal,Optimal,Low,0.24
34,4,Optimal,Optimal,Low,Close shade curtains,6,Optimal,Optimal,Low,0.24
34,5,Optimal,Optimal,Low,Close shade curtains,6,Optimal,Optimal,Low,0.24
34,6,Optimal,Optimal,Low,Close shade curtains,6,Optimal,Optimal,Low,0.24
34,7,Optimal,Optimal,Low,Close shade curtains,6,Optimal,Optimal,Low,0.24
34,8,Optimal,Optimal,Low,Heater OFF,6,Optimal,Low,Low,0.24
34,9,Optimal,Low,Low,Water Pump OFF,3,Dry,Low,Low,0.24
34,10,Dry,Low,Low,Water Pump OFF,-2,Optimal,Low,Low,0.24
34,11,Optimal,Low,Low,Water Pump ON,3,Wet,Low,Low,0.24
34,12,Wet,Low,Low,Water Pump OFF,0,Optimal,Low,Low,0.24
34,13,Optimal,Low,Low,Heater ON,3,Optimal,Optimal,Low,0.24
34,14,Optimal,Optimal,Low,Close shade curtains,6,Optimal,Optimal,Low,0.24
34,15,Optimal,Optimal,Low,Open shade curtains,6,Optimal,Optimal,Medium,0.24
34,16,Optimal,Optimal,Medium,Heater ON,10,Optimal,High,Medium,0.24
34,17,Optimal,High,Medium,Heater ON,2,Optimal,High,Medium,0.24
34,18,Optimal,High,Medium,Heater ON,2,Optimal,High,Medium,0.24
34,19,Optimal,High,Medium,Heater ON,2,Optimal,High,Medium,0.24
34,20,Optimal,High,Medium,Heater ON,2,Optimal,High,Medium,0.24
34,21,Optimal,High,Medium,Heater ON,2,Optimal,High,Medium,0.24
34,22,Optimal,High,Medium,Water Pump ON,7,Wet,High,Medium,0.24
34,23,Wet,High,Medium,Water Pump OFF,4,Optimal,High,Medium,0.24
34,24,Optimal,High,Medium,Water Pump ON,7,Wet,High,Medium,0.24
34,25,Wet,High,Medium,Do nothing,4,Wet,High,Medium,0.24
34,26,Wet,High,Medium,Water Pump OFF,4,Optimal,High,Medium,0.24
34,27,Optimal,High,Medium,Heater OFF,7,Optimal,Optimal,Medium,0.24
34,28,Optimal,Optimal,Medium,Water Pump ON,10,Wet,Optimal,Medium,0.24
34,29,Wet,Optimal,Medium,Water Pump OFF,7,Optimal,Optimal,Medium,0.24
34,30,Optimal,Optimal,Medium,Water Pump ON,10,Wet,Optimal,Medium,0.24
34,31,Wet,Optimal,Medium,Heater ON,7,Wet,High,Medium,0.24
34,32,Wet,High,Medium,Water Pump OFF,4,Optimal,High,Medium,0.24
34,33,Optimal,High,Medium,Heater OFF,7,Optimal,Optimal,Medium,0.24
34,34,Optimal,Optimal,Medium,Water Pump ON,10,Wet,Optimal,Medium,0.24
34,35,Wet,Optimal,Medium,Water Pump ON,2,Wet,Optimal,Medium,0.24
34,36,Wet,Optimal,Medium,Water Pump OFF,7,Optimal,Optimal,Medium,0.24
34,37,Optimal,Optimal,Medium,Do nothing,10,Optimal,Optimal,Medium,0.24
34,38,Optimal,Optimal,Medium,Do nothing,10,Optimal,Optimal,High,0.24
34,39,Optimal,Optimal,High,Close shade curtains,6,Optimal,Optimal,Medium,0.24
34,40,Optimal,Optimal,Medium,Open shade curtains,10,Optimal,Optimal,High,0.24
34,41,Optimal,Optimal,High,Do nothing,6,Optimal,Optimal,High,0.24
34,42,Optimal,Optimal,High,Do nothing,6,Optimal,Optimal,High,0.24
34,43,Optimal,Optimal,High,Do nothing,6,Optimal,Optimal,High,0.24
34,44,Optimal,Optimal,High,Open shade curtains,6,Optimal,Optimal,High,0.24
34,45,Optimal,Optimal,High,Open shade curtains,6,Optimal,Optimal,High,0.24
34,46,Optimal,Optimal,High,Open shade curtains,6,Optimal,Optimal,High,0.24
34,47,Optimal,Optimal,High,Heater OFF,6,Optimal,Low,High,0.24
34,48,Optimal,Low,High,Heater OFF,3,Optimal,Optimal,High,0.24
34,49,Optimal,Optimal,High,Close shade curtains,6,Optimal,Optimal,Medium,0.24
34,50,Optimal,Optimal,Medium,Heater OFF,10,Optimal,Low,Medium,0.24
35,1,Optimal,High,High,Close shade curtains,3,Optimal,High,Medium,0.22
35,2,Optimal,High,Medium,Heater OFF,7,Optimal,High,Medium,0.22
35,3,Optimal,High,Medium,Heater OFF,7,Optimal,Optimal,Medium,0.22
35,4,Optimal,Optimal,Medium,Heater OFF,10,Optimal,Low,Medium,0.22
35,5,Optimal,Low,Medium,Heater OFF,7,Optimal,Low,Medium,0.22
35,6,Optimal,Low,Medium,Heater OFF,7,Optimal,Optimal,Medium,0.22
35,7,Optimal,Optimal,Medium,Water Pump ON,10,Wet,Optimal,Medium,0.22
35,8,Wet,Optimal,Medium,Water Pump OFF,7,Wet,Optimal,Medium,0.22
35,9,Wet,Optimal,Medium,Water Pump OFF,7,Optimal,Optimal,Medium,0.22
35,10,Optimal,Optimal,Medium,Heater OFF,10,Optimal,Low,Medium,0.22
35,11,Optimal,Low,Medium,Heater OFF,7,Optimal,Optimal,Medium,0.22
35,12,Optimal,Optimal,Medium,Heater OFF,10,Optimal,Low,Medium,0.22
35,13,Optimal,Low,Medium,Heater OFF,7,Optimal,Optimal,Medium,0.22
35,14,Optimal,Optimal,Medium,Heater OFF,10,Optimal,Low,Medium,0.22
35,15,Optimal,Low,Medium,Heater OFF,7,Optimal,Optimal,Medium,0.22
35,16,Optimal,Optimal,Medium,Water Pump ON,10,Wet,Optimal,Medium,0.22
35,17,Wet,Optimal,Medium,Water Pump OFF,7,Wet,Optimal,Medium,0.22
35,18,Wet,Optimal,Medium,Water Pump OFF,7,Optimal,Optimal,Medium,0.22
35,19,Optimal,Optimal,Medium,Heater OFF,10,Optimal,Low,Medium,0.22
35,20,Optimal,Low,Medium,Heater OFF,7,Optimal,Optimal,Medium,0.22
35,21,Optimal,Optimal,Medium,Close shade curtains,10,Optimal,Optimal,Low,0.22
35,22,Optimal,Optimal,Low,Open shade curtains,6,Optimal,Optimal,Medium,0.22
35,23,Optimal,Optimal,Medium,Heater OFF,10,Optimal,Low,Medium,0.22
35,24,Optimal,Low,Medium,Heater OFF,7,Optimal,Optimal,Medium,0.22
35,25,Optimal,Optimal,Medium,Heater OFF,10,Optimal,Low,Medium,0.22
35,26,Optimal,Low,Medium,Heater OFF,7,Optimal,Optimal,Medium,0.22
35,27,Optimal,Optimal,Medium,Water Pump OFF,10,Dry,Optimal,Medium,0.22
35,28,Dry,Optimal,Medium,Water Pump OFF,5,Optimal,Optimal,Medium,0.22
35,29,Optimal,Optimal,Medium,Heater ON,10,Optimal,High,Medium,0.22
35,30,Optimal,High,Medium,Heater OFF,7,Optimal,High,Medium,0.22
35,31,Optimal,High,Medium,Water Pump ON,7,Wet,High,Medium,0.22
35,32,Wet,High,Medium,Water Pump OFF,4,Wet,High,Medium,0.22
35,33,Wet,High,Medium,Heater OFF,4,Wet,Optimal,Medium,0.22
35,34,Wet,Optimal,Medium,Water Pump OFF,7,Optimal,Optimal,Medium,0.22
35,35,Optimal,Optimal,Medium,Heater OFF,10,Optimal,Low,Medium,0.22
35,36,Optimal,Low,Medium,Heater OFF,7,Optimal,Optimal,Medium,0.22
35,37,Optimal,Optimal,Medium,Heater OFF,10,Optimal,Low,Medium,0.22
35,38,Optimal,Low,Medium,Heater OFF,7,Optimal,Low,Medium,0.22
35,39,Optimal,Low,Medium,Heater OFF,7,Optimal,Low,Medium,0.22
35,40,Optimal,Low,Medium,Heater OFF,7,Optimal,Optimal,Medium,0.22
35,41,Optimal,Optimal,Medium,Heater OFF,10,Optimal,Low,High,0.22
35,42,Optimal,Low,High,Heater OFF,3,Optimal,Optimal,High,0.22
35,43,Optimal,Optimal,High,Heater OFF,6,Optimal,Low,High,0.22
35,44,Optimal,Low,High,Heater OFF,3,Optimal,Optimal,High,0.22
35,45,Optimal,Optimal,High,Close shade curtains,6,Optimal,Optimal,Medium,0.22
35,46,Optimal,Optimal,Medium,Heater ON,10,Optimal,High,Medium,0.22
35,47,Optimal,High,Medium,Heater OFF,7,Optimal,Optimal,Medium,0.22
35,48,Optimal,Optimal,Medium,Water Pump ON,10,Wet,Optimal,Medium,0.22
35,49,Wet,Optimal,Medium,Water Pump OFF,7,Optimal,Optimal,Medium,0.22
35,50,Optimal,Optimal,Medium,Water Pump ON,10,Wet,Optimal,Medium,0.22
36,1,Wet,Optimal,High,Water Pump OFF,3,Optimal,Optimal,High,0.2
36,2,Optimal,Optimal,High,Close shade curtains,6,Optimal,Optimal,Medium,0.2
36,3,Optimal,Optimal,Medium,Water Pump ON,10,Wet,Optimal,Medium,0.2
36,4,Wet,Optimal,Medium,Open shade curtains,7,Wet,Optimal,High,0.2
36,5,Wet,Optimal,High,Water Pump OFF,3,Optimal,Optimal,High,0.2
36,6,Optimal,Optimal,High,Close shade curtains,6,Optimal,Optimal,High,0.2
36,7,Optimal,Optimal,High,Close shade curtains,6,Optimal,Optimal,Medium,0.2
36,8,Optimal,Optimal,Medium,Water Pump ON,10,Wet,Optimal,Medium,0.2
36,9,Wet,Optimal,Medium,Water Pump OFF,7,Optimal,Optimal,Medium,0.2
36,10,Optimal,Optimal,Medium,Water Pump ON,10,Wet,Optimal,Medium,0.2
36,11,Wet,Optimal,Medium,Water Pump OFF,7,Optimal,Optimal,Medium,0.2
36,12,Optimal,Optimal,Medium,Water Pump ON,10,Wet,Optimal,Medium,0.2
36,13,Wet,Optimal,Medium,Water Pump OFF,7,Optimal,Optimal,Medium,0.2
36,14,Optimal,Optimal,Medium,Water Pump ON,10,Wet,Optimal,Medium,0.2
36,15,Wet,Optimal,Medium,Water Pump OFF,7,Optimal,Optimal,Medium,0.2
36,16,Optimal,Optimal,Medium,Water Pump ON,10,Wet,Optimal,Medium,0.2
36,17,Wet,Optimal,Medium,Water Pump OFF,7,Optimal,Optimal,Medium,0.2
36,18,Optimal,Optimal,Medium,Close shade curtains,10,Optimal,Optimal,Low,0.2
36,19,Optimal,Optimal,Low,Water Pump OFF,6,Dry,Optimal,Low,0.2
36,20,Dry,Optimal,Low,Open shade curtains,3,Dry,Optimal,Medium,0.2
36,21,Dry,Optimal,Medium,Open shade curtains,7,Dry,Optimal,High,0.2
36,22,Dry,Optimal,High,Water Pump OFF,1,Optimal,Optimal,High,0.2
36,23,Optimal,Optimal,High,Close shade curtains,6,Optimal,Optimal,Medium,0.2
36,24,Optimal,Optimal,Medium,Water Pump ON,10,Wet,Optimal,Medium,0.2
36,25,Wet,Optimal,Medium,Water Pump ON,2,Wet,Optimal,Medium,0.2
36,26,Wet,Optimal,Medium,Water Pump ON,2,Wet,Optimal,Medium,0.2
36,27,Wet,Optimal,Medium,Water Pump OFF,7,Optimal,Optimal,Medium,0.2
36,28,Optimal,Optimal,Medium,Water Pump ON,10,Wet,Optimal,Low,0.2
36,29,Wet,Optimal,Low,Water Pump OFF,3,Optimal,Optimal,Low,0.2
36,30,Optimal,Optimal,Low,Open shade curtains,6,Optimal,Optimal,Medium,0.2
36,31,Optimal,Optimal,Medium,Water Pump ON,10,Wet,Optimal,Medium,0.2
36,32,Wet,Optimal,Medium,Water Pump OFF,7,Optimal,Optimal,Medium,0.2
36,33,Optimal,Optimal,Medium,Close shade curtains,10,Optimal,Optimal,Low,0.2
36,34,Optimal,Optimal,Low,Open shade curtains,6,Optimal,Optimal,Medium,0.2
36,35,Optimal,Optimal,Medium,Water Pump OFF,10,Dry,Optimal,Medium,0.2
36,36,Dry,Optimal,Medium,Water Pump OFF,5,Dry,Optimal,Medium,0.2
36,37,Dry,Optimal,Medium,Water Pump OFF,5,Optimal,Optimal,Medium,0.2
36,38,Optimal,Optimal,Medium,Water Pump OFF,10,Dry,Optimal,Medium,0.2
36,39,Dry,Optimal,Medium,Heater OFF,7,Dry,Low,Medium,0.2
36,40,Dry,Low,Medium,Open shade curtains,4,Dry,Low,High,0.2
36,41,Dry,Low,High,Water Pump OFF,-2,Optimal,Low,High,0.2
36,42,Optimal,Low,High,Heater OFF,3,Optimal,Optimal,High,0.2
36,43,Optimal,Optimal,High,Close shade curtains,6,Optimal,Optimal,Medium,0.2
36,44,Optimal,Optimal,Medium,Heater ON,10,Optimal,High,Medium,0.2
36,45,Optimal,High,Medium,Close shade curtains,7,Optimal,High,Low,0.2
36,46,Optimal,High,Low,Open shade curtains,3,Optimal,High,Medium,0.2
36,47,Optimal,High,Medium,Heater OFF,7,Optimal,Optimal,Medium,0.2
36,48,Optimal,Optimal,Medium,Heater ON,10,Optimal,High,Medium,0.2
36,49,Optimal,High,Medium,Heater OFF,7,Optimal,High,Medium,0.2
36,50,Optimal,High,Medium,Heater OFF,7,Optimal,Optimal,Low,0.2
37,1,Optimal,Low,High,Heater OFF,3,Optimal,Optimal,High,0.18
37,2,Optimal,Optimal,High,Heater OFF,6,Optimal,Low,High,0.18
37,3,Optimal,Low,High,Heater ON,3,Optimal,Optimal,High,0.18
37,4,Optimal,Optimal,High,Close shade curtains,6,Optimal,Optimal,Medium,0.18
37,5,Optimal,Optimal,Medium,Heater OFF,10,Optimal,Low,Medium,0.18
37,6,Optimal,Low,Medium,Do nothing,7,Optimal,Low,Medium,0.18
37,7,Optimal,Low,Medium,Do nothing,7,Optimal,Low,Medium,0.18
37,8,Optimal,Low,Medium,Heater OFF,7,Optimal,Optimal,Medium,0.18
37,9,Optimal,Optimal,Medium,Do nothing,10,Optimal,Optimal,Medium,0.18
37,10,Optimal,Optimal,Medium,Heater ON,10,Optimal,High,Medium,0.18
37,11,Optimal,High,Medium,Heater OFF,7,Optimal,Optimal,Medium,0.18
37,12,Optimal,Optimal,Medium,Do nothing,10,Optimal,Optimal,Medium,0.18
37,13,Optimal,Optimal,Medium,Do nothing,10,Optimal,Optimal,Medium,0.18
37,14,Optimal,Optimal,Medium,Do nothing,10,Optimal,Optimal,Medium,0.18
37,15,Optimal,Optimal,Medium,Do nothing,10,Optimal,Optimal,Medium,0.18
37,16,Optimal,Optimal,Medium,Water Pump ON,10,Wet,Optimal,Medium,0.18
37,17,Wet,Optimal,Medium,Do nothing,7,Wet,Optimal,Medium,0.18
37,18,Wet,Optimal,Medium,Do nothing,7,Wet,Optimal,Medium,0.18
37,19,Wet,Optimal,Medium,Do nothing,7,Wet,Optimal,Medium,0.18
37,20,Wet,Optimal,Medium,Do nothing,7,Wet,Optimal,High,0.18
37,21,Wet,Optimal,High,Do nothing,3,Wet,Optimal,Medium,0.18
37,22,Wet,Optimal,Medium,Do nothing,7,Wet,Optimal,Medium,0.18
37,23,Wet,Optimal,Medium,Do nothing,7,Wet,Optimal,Medium,0.18
37,24,Wet,Optimal,Medium,Do nothing,7,Wet,Optimal,Medium,0.18
37,25,Wet,Optimal,Medium,Open shade curtains,7,Wet,Optimal,High,0.18
37,26,Wet,Optimal,High,Open shade curtains,3,Wet,Optimal,High,0.18
37,27,Wet,Optimal,High,Open shade curtains,3,Wet,Optimal,High,0.18
37,28,Wet,Optimal,High,Open shade curtains,3,Wet,Optimal,High,0.18
37,29,Wet,Optimal,High,Close shade curtains,3,Wet,Optimal,Medium,0.18
37,30,Wet,Optimal,Medium,Heater OFF,7,Wet,Optimal,Medium,0.18
37,31,Wet,Optimal,Medium,Heater OFF,7,Wet,Low,Medium,0.18
37,32,Wet,Low,Medium,Heater OFF,4,Wet,Optimal,Medium,0.18
37,33,Wet,Optimal,Medium,Heater ON,7,Wet,High,Medium,0.18
37,34,Wet,High,Medium,Heater OFF,4,Wet,Optimal,Medium,0.18
37,35,Wet,Optimal,Medium,Water Pump OFF,7,Optimal,Optimal,Medium,0.18
37,36,Optimal,Optimal,Medium,Heater ON,10,Optimal,Optimal,Medium,0.18
37,37,Optimal,Optimal,Medium,Heater ON,10,Optimal,Optimal,Medium,0.18
37,38,Optimal,Optimal,Medium,Heater ON,10,Optimal,High,Medium,0.18
37,39,Optimal,High,Medium,Heater OFF,7,Optimal,Optimal,Medium,0.18
37,40,Optimal,Optimal,Medium,Heater ON,10,Optimal,High,Medium,0.18
37,41,Optimal,High,Medium,Water Pump OFF,7,Dry,High,Medium,0.18
37,42,Dry,High,Medium,Close shade curtains,4,Dry,High,Low,0.18
37,43,Dry,High,Low,Heater OFF,0,Dry,Optimal,Low,0.18
37,44,Dry,Optimal,Low,Water Pump OFF,1,Dry,Optimal,Low,0.18
37,45,Dry,Optimal,Low,Water Pump OFF,1,Optimal,Optimal,Low,0.18
37,46,Optimal,Optimal,Low,Close shade curtains,6,Optimal,Optimal,Low,0.18
37,47,Optimal,Optimal,Low,Open shade curtains,6,Optimal,Optimal,Medium,0.18
37,48,Optimal,Optimal,Medium,Heater ON,10,Optimal,High,Medium,0.18
37,49,Optimal,High,Medium,Heater OFF,7,Optimal,Optimal,Medium,0.18
37,50,Optimal,Optimal,Medium,Water Pump ON,10,Wet,Optimal,Medium,0.18
38,1,Dry,High,Medium,Close shade curtains,4,Dry,High,Low,0.16
38,2,Dry,High,Low,Heater OFF,0,Dry,Optimal,Low,0.16
38,3,Dry,Optimal,Low,Water Pump OFF,1,Optimal,Optimal,Low,0.16
38,4,Optimal,Optimal,Low,Open shade curtains,6,Optimal,Optimal,Medium,0.16
38,5,Optimal,Optimal,Medium,Heater OFF,10,Optimal,Low,Medium,0.16
38,6,Optimal,Low,Medium,Heater OFF,7,Optimal,Low,Medium,0.16
38,7,Optimal,Low,Medium,Heater OFF,7,Optimal,Optimal,Medium,0.16
38,8,Optimal,Optimal,Medium,Water Pump OFF,10,Dry,Optimal,Medium,0.16
38,9,Dry,Optimal,Medium,Water Pump OFF,5,Optimal,Optimal,Medium,0.16
38,10,Optimal,Optimal,Medium,Heater OFF,10,Optimal,Low,Medium,0.16
38,11,Optimal,Low,Medium,Heater OFF,7,Optimal,Optimal,Medium,0.16
38,12,Optimal,Optimal,Medium,Open shade curtains,10,Optimal,Optimal,High,0.16
38,13,Optimal,Optimal,High,Close shade curtains,6,Optimal,Optimal,High,0.16
38,14,Optimal,Optimal,High,Close shade curtains,6,Optimal,Optimal,Medium,0.16
38,15,Optimal,Optimal,Medium,Heater OFF,10,Optimal,Low,Medium,0.16
38,16,Optimal,Low,Medium,Heater OFF,7,Optimal,Optimal,Medium,0.16
38,17,Optimal,Optimal,Medium,Heater OFF,10,Optimal,Low,Medium,0.16
38,18,Optimal,Low,Medium,Heater OFF,7,Optimal,Optimal,Medium,0.16
38,19,Optimal,Optimal,Medium,Heater OFF,10,Optimal,Low,Medium,0.16
38,20,Optimal,Low,Medium,Water Pump ON,7,Wet,Low,Medium,0.16
38,21,Wet,Low,Medium,Water Pump OFF,4,Optimal,Low,Medium,0.16
38,22,Optimal,Low,Medium,Heater OFF,7,Optimal,Low,Medium,0.16
38,23,Optimal,Low,Medium,Heater OFF,7,Optimal,Optimal,Medium,0.16
38,24,Optimal,Optimal,Medium,Heater OFF,10,Optimal,Low,Medium,0.16
38,25,Optimal,Low,Medium,Heater OFF,7,Optimal,Optimal,Medium,0.16
38,26,Optimal,Optimal,Medium,Heater OFF,10,Optimal,Low,Medium,0.16
38,27,Optimal,Low,Medium,Heater OFF,7,Optimal,Optimal,Low,0.16
38,28,Optimal,Optimal,Low,Open shade curtains,6,Optimal,Optimal,Medium,0.16
38,29,Optimal,Optimal,Medium,Heater OFF,10,Optimal,Low,Medium,0.16
38,30,Optimal,Low,Medium,Heater OFF,7,Optimal,Optimal,Medium,0.16
38,31,Optimal,Optimal,Medium,Water Pump OFF,10,Dry,Optimal,Medium,0.16
38,32,Dry,Optimal,Medium,Water Pump OFF,5,Dry,Optimal,Medium,0.16
38,33,Dry,Optimal,Medium,Water Pump OFF,5,Optimal,Optimal,Medium,0.16
38,34,Optimal,Optimal,Medium,Water Pump OFF,10,Dry,Optimal,Medium,0.16
38,35,Dry,Optimal,Medium,Water Pump OFF,5,Dry,Optimal,Medium,0.16
38,36,Dry,Optimal,Medium,Water Pump OFF,5,Optimal,Optimal,Medium,0.16
38,37,Optimal,Optimal,Medium,Do nothing,10,Optimal,Optimal,Medium,0.16
38,38,Optimal,Optimal,Medium,Do nothing,10,Optimal,Optimal,Medium,0.16
38,39,Optimal,Optimal,Medium,Do nothing,10,Optimal,Optimal,Medium,0.16
38,40,Optimal,Optimal,Medium,Do nothing,10,Optimal,Optimal,Medium,0.16
38,41,Optimal,Optimal,Medium,Do nothing,10,Optimal,Optimal,Medium,0.16
38,42,Optimal,Optimal,Medium,Do nothing,10,Optimal,Optimal,Medium,0.16
38,43,Optimal,Optimal,Medium,Do nothing,10,Optimal,Optimal,Medium,0.16
38,44,Optimal,Optimal,Medium,Open shade curtains,10,Optimal,Optimal,High,0.16
38,45,Optimal,Optimal,High,Do nothing,6,Optimal,Optimal,High,0.16
38,46,Optimal,Optimal,High,Do nothing,6,Optimal,Optimal,High,0.16
38,47,Optimal,Optimal,High,Do nothing,6,Optimal,Optimal,High,0.16
38,48,Optimal,Optimal,High,Close shade curtains,6,Optimal,Optimal,Medium,0.16
38,49,Optimal,Optimal,Medium,Do nothing,10,Optimal,Optimal,Medium,0.16
38,50,Optimal,Optimal,Medium,Do nothing,10,Optimal,Optimal,Medium,0.16
39,1,Dry,High,Low,Do nothing,0,Dry,High,Low,0.14
39,2,Dry,High,Low,Open shade curtains,0,Dry,High,Medium,0.14
39,3,Dry,High,Medium,Water Pump OFF,2,Optimal,High,Medium,0.14
39,4,Optimal,High,Medium,Heater OFF,7,Optimal,Optimal,Medium,0.14
39,5,Optimal,Optimal,Medium,Do nothing,10,Optimal,Optimal,Medium,0.14
39,6,Optimal,Optimal,Medium,Do nothing,10,Optimal,Optimal,Medium,0.14
39,7,Optimal,Optimal,Medium,Do nothing,10,Optimal,Optimal,Medium,0.14
39,8,Optimal,Optimal,Medium,Do nothing,10,Optimal,Optimal,Medium,0.14
39,9,Optimal,Optimal,Medium,Do nothing,10,Optimal,Optimal,Medium,0.14
39,10,Optimal,Optimal,Medium,Water Pump ON,10,Wet,Optimal,Medium,0.14
39,11,Wet,Optimal,Medium,Water Pump OFF,7,Optimal,Optimal,Medium,0.14
39,12,Optimal,Optimal,Medium,Do nothing,10,Optimal,Optimal,Low,0.14
39,13,Optimal,Optimal,Low,Heater OFF,6,Optimal,Low,Low,0.14
39,14,Optimal,Low,Low,Heater OFF,3,Optimal,Optimal,Low,0.14
39,15,Optimal,Optimal,Low,Open shade curtains,6,Optimal,Optimal,Medium,0.14
39,16,Optimal,Optimal,Medium,Do nothing,10,Optimal,Optimal,Medium,0.14
39,17,Optimal,Optimal,Medium,Do nothing,10,Optimal,Optimal,Medium,0.14
39,18,Optimal,Optimal,Medium,Do nothing,10,Optimal,Optimal,Medium,0.14
39,19,Optimal,Optimal,Medium,Do nothing,10,Optimal,Optimal,Medium,0.14
39,20,Optimal,Optimal,Medium,Do nothing,10,Optimal,Optimal,Medium,0.14
39,21,Optimal,Optimal,Medium,Do nothing,10,Optimal,Optimal,Medium,0.14
39,22,Optimal,Optimal,Medium,Do nothing,10,Optimal,Optimal,Medium,0.14
39,23,Optimal,Optimal,Medium,Do nothing,10,Optimal,Optimal,Medium,0.14
39,24,Optimal,Optimal,Medium,Do nothing,10,Optimal,Optimal,Medium,0.14
39,25,Optimal,Optimal,Medium,Do nothing,10,Optimal,Optimal,Medium,0.14
39,26,Optimal,Optimal,Medium,Do nothing,10,Optimal,Optimal,Low,0.14
39,27,Optimal,Optimal,Low,Open shade curtains,6,Optimal,Optimal,Medium,0.14
39,28,Optimal,Optimal,Medium,Water Pump ON,10,Optimal,Optimal,Medium,0.14
39,29,Optimal,Optimal,Medium,Do nothing,10,Optimal,Optimal,Medium,0.14
39,30,Optimal,Optimal,Medium,Do nothing,10,Optimal,Optimal,Medium,0.14
39,31,Optimal,Optimal,Medium,Do nothing,10,Optimal,Optimal,Medium,0.14
39,32,Optimal,Optimal,Medium,Do nothing,10,Optimal,Optimal,Medium,0.14
39,33,Optimal,Optimal,Medium,Do nothing,10,Optimal,Optimal,Medium,0.14
39,34,Optimal,Optimal,Medium,Do nothing,10,Optimal,Optimal,Medium,0.14
39,35,Optimal,Optimal,Medium,Do nothing,10,Optimal,Optimal,Medium,0.14
39,36,Optimal,Optimal,Medium,Do nothing,10,Optimal,Optimal,Medium,0.14
39,37,Optimal,Optimal,Medium,Do nothing,10,Optimal,Optimal,Medium,0.14
39,38,Optimal,Optimal,Medium,Do nothing,10,Optimal,Optimal,Medium,0.14
39,39,Optimal,Optimal,Medium,Do nothing,10,Optimal,Optimal,Medium,0.14
39,40,Optimal,Optimal,Medium,Do nothing,10,Optimal,Optimal,Medium,0.14
39,41,Optimal,Optimal,Medium,Do nothing,10,Optimal,Optimal,Medium,0.14
39,42,Optimal,Optimal,Medium,Do nothing,10,Optimal,Optimal,Medium,0.14
39,43,Optimal,Optimal,Medium,Do nothing,10,Optimal,Optimal,Medium,0.14
39,44,Optimal,Optimal,Medium,Do nothing,10,Optimal,Optimal,Medium,0.14
39,45,Optimal,Optimal,Medium,Do nothing,10,Optimal,Optimal,Medium,0.14
39,46,Optimal,Optimal,Medium,Do nothing,10,Optimal,Optimal,Medium,0.14
39,47,Optimal,Optimal,Medium,Do nothing,10,Optimal,Optimal,Medium,0.14
39,48,Optimal,Optimal,Medium,Do nothing,10,Optimal,Optimal,Medium,0.14
39,49,Optimal,Optimal,Medium,Close shade curtains,10,Optimal,Optimal,Low,0.14
39,50,Optimal,Optimal,Low,Open shade curtains,6,Optimal,Optimal,Medium,0.14
40,1,Optimal,High,Medium,Heater OFF,7,Optimal,Optimal,Medium,0.12
40,2,Optimal,Optimal,Medium,Do nothing,10,Optimal,Optimal,Medium,0.12
40,3,Optimal,Optimal,Medium,Do nothing,10,Optimal,Optimal,Medium,0.12
40,4,Optimal,Optimal,Medium,Do nothing,10,Optimal,Optimal,Medium,0.12
40,5,Optimal,Optimal,Medium,Do nothing,10,Optimal,Optimal,Medium,0.12
40,6,Optimal,Optimal,Medium,Do nothing,10,Optimal,Optimal,Medium,0.12
40,7,Optimal,Optimal,Medium,Do nothing,10,Optimal,Optimal,Medium,0.12
40,8,Optimal,Optimal,Medium,Do nothing,10,Optimal,Optimal,Medium,0.12
40,9,Optimal,Optimal,Medium,Do nothing,10,Optimal,Optimal,Medium,0.12
40,10,Optimal,Optimal,Medium,Do nothing,10,Optimal,Optimal,Medium,0.12
40,11,Optimal,Optimal,Medium,Do nothing,10,Optimal,Optimal,Medium,0.12
40,12,Optimal,Optimal,Medium,Do nothing,10,Optimal,Optimal,Medium,0.12
40,13,Optimal,Optimal,Medium,Do nothing,10,Optimal,Optimal,Medium,0.12
40,14,Optimal,Optimal,Medium,Do nothing,10,Optimal,Optimal,Medium,0.12
40,15,Optimal,Optimal,Medium,Do nothing,10,Optimal,Optimal,Medium,0.12
40,16,Optimal,Optimal,Medium,Open shade curtains,10,Optimal,Optimal,High,0.12
40,17,Optimal,Optimal,High,Open shade curtains,6,Optimal,Optimal,High,0.12
40,18,Optimal,Optimal,High,Close shade curtains,6,Optimal,Optimal,Medium,0.12
40,19,Optimal,Optimal,Medium,Do nothing,10,Optimal,Optimal,Medium,0.12
40,20,Optimal,Optimal,Medium,Do nothing,10,Optimal,Optimal,Medium,0.12
40,21,Optimal,Optimal,Medium,Do nothing,10,Optimal,Optimal,Medium,0.12
40,22,Optimal,Optimal,Medium,Do nothing,10,Optimal,Optimal,Medium,0.12
40,23,Optimal,Optimal,Medium,Do nothing,10,Optimal,Optimal,Medium,0.12
40,24,Optimal,Optimal,Medium,Do nothing,10,Optimal,Optimal,Medium,0.12
40,25,Optimal,Optimal,Medium,Do nothing,10,Optimal,Optimal,Medium,0.12
40,26,Optimal,Optimal,Medium,Heater ON,10,Optimal,High,Medium,0.12
40,27,Optimal,High,Medium,Heater OFF,7,Optimal,High,Medium,0.12
40,28,Optimal,High,Medium,Heater OFF,7,Optimal,Optimal,Medium,0.12
40,29,Optimal,Optimal,Medium,Do nothing,10,Optimal,Optimal,Medium,0.12
40,30,Optimal,Optimal,Medium,Do nothing,10,Optimal,Optimal,Medium,0.12
40,31,Optimal,Optimal,Medium,Do nothing,10,Optimal,Optimal,Medium,0.12
40,32,Optimal,Optimal,Medium,Do nothing,10,Optimal,Optimal,Medium,0.12
40,33,Optimal,Optimal,Medium,Do nothing,10,Optimal,Optimal,Medium,0.12
40,34,Optimal,Optimal,Medium,Do nothing,10,Optimal,Optimal,Medium,0.12
40,35,Optimal,Optimal,Medium,Do nothing,10,Optimal,Optimal,Medium,0.12
40,36,Optimal,Optimal,Medium,Do nothing,10,Optimal,Optimal,Medium,0.12
40,37,Optimal,Optimal,Medium,Do nothing,10,Optimal,Optimal,Medium,0.12
40,38,Optimal,Optimal,Medium,Do nothing,10,Optimal,Optimal,Medium,0.12
40,39,Optimal,Optimal,Medium,Do nothing,10,Optimal,Optimal,Medium,0.12
40,40,Optimal,Optimal,Medium,Do nothing,10,Optimal,Optimal,Medium,0.12
40,41,Optimal,Optimal,Medium,Do nothing,10,Optimal,Optimal,Medium,0.12
40,42,Optimal,Optimal,Medium,Do nothing,10,Optimal,Optimal,Medium,0.12
40,43,Optimal,Optimal,Medium,Do nothing,10,Optimal,Optimal,Medium,0.12
40,44,Optimal,Optimal,Medium,Do nothing,10,Optimal,Optimal,Medium,0.12
40,45,Optimal,Optimal,Medium,Do nothing,10,Optimal,Optimal,Medium,0.12
40,46,Optimal,Optimal,Medium,Do nothing,10,Optimal,Optimal,Medium,0.12
40,47,Optimal,Optimal,Medium,Do nothing,10,Optimal,Optimal,Medium,0.12
40,48,Optimal,Optimal,Medium,Heater ON,10,Optimal,High,Medium,0.12
40,49,Optimal,High,Medium,Heater OFF,7,Optimal,Optimal,Medium,0.12
40,50,Optimal,Optimal,Medium,Water Pump OFF,10,Dry,Optimal,Medium,0.12
41,1,Dry,Low,High,Heater OFF,0,Dry,Optimal,High,0.1
41,2,Dry,Optimal,High,Close shade curtains,3,Dry,Optimal,Medium,0.1
41,3,Dry,Optimal,Medium,Water Pump OFF,5,Optimal,Optimal,Medium,0.1
41,4,Optimal,Optimal,Medium,Do nothing,10,Optimal,Optimal,Medium,0.1
41,5,Optimal,Optimal,Medium,Do nothing,10,Optimal,Optimal,Medium,0.1
41,6,Optimal,Optimal,Medium,Do nothing,10,Optimal,Optimal,Medium,0.1
41,7,Optimal,Optimal,Medium,Do nothing,10,Optimal,Optimal,Medium,0.1
41,8,Optimal,Optimal,Medium,Do nothing,10,Optimal,Optimal,Medium,0.1
41,9,Optimal,Optimal,Medium,Do nothing,10,Optimal,Optimal,Medium,0.1
41,10,Optimal,Optimal,Medium,Do nothing,10,Optimal,Optimal,Medium,0.1
41,11,Optimal,Optimal,Medium,Do nothing,10,Optimal,Optimal,Medium,0.1
41,12,Optimal,Optimal,Medium,Do nothing,10,Optimal,Optimal,Medium,0.1
41,13,Optimal,Optimal,Medium,Do nothing,10,Optimal,Optimal,Medium,0.1
41,14,Optimal,Optimal,Medium,Do nothing,10,Optimal,Optimal,Medium,0.1
41,15,Optimal,Optimal,Medium,Do nothing,10,Optimal,Optimal,Medium,0.1
41,16,Optimal,Optimal,Medium,Do nothing,10,Optimal,Optimal,Medium,0.1
41,17,Optimal,Optimal,Medium,Do nothing,10,Optimal,Optimal,Medium,0.1
41,18,Optimal,Optimal,Medium,Do nothing,10,Optimal,Optimal,Medium,0.1
41,19,Optimal,Optimal,Medium,Do nothing,10,Optimal,Optimal,Medium,0.1
41,20,Optimal,Optimal,Medium,Do nothing,10,Optimal,Optimal,Medium,0.1
41,21,Optimal,Optimal,Medium,Do nothing,10,Optimal,Optimal,Medium,0.1
41,22,Optimal,Optimal,Medium,Water Pump ON,10,Wet,Optimal,Medium,0.1
41,23,Wet,Optimal,Medium,Heater ON,7,Wet,High,Medium,0.1
41,24,Wet,High,Medium,Heater ON,-1,Wet,High,Medium,0.1
41,25,Wet,High,Medium,Heater OFF,4,Wet,Optimal,Medium,0.1
41,26,Wet,Optimal,Medium,Water Pump OFF,7,Optimal,Optimal,Medium,0.1
41,27,Optimal,Optimal,Medium,Do nothing,10,Optimal,Optimal,Medium,0.1
41,28,Optimal,Optimal,Medium,Do nothing,10,Optimal,Optimal,Medium,0.1
41,29,Optimal,Optimal,Medium,Do nothing,10,Optimal,Optimal,Medium,0.1
41,30,Optimal,Optimal,Medium,Do nothing,10,Optimal,Optimal,Medium,0.1
41,31,Optimal,Optimal,Medium,Do nothing,10,Optimal,Optimal,Medium,0.1
41,32,Optimal,Optimal,Medium,Do nothing,10,Optimal,Optimal,Medium,0.1
41,33,Optimal,Optimal,Medium,Do nothing,10,Optimal,Optimal,Medium,0.1
41,34,Optimal,Optimal,Medium,Do nothing,10,Optimal,Optimal,Medium,0.1
41,35,Optimal,Optimal,Medium,Do nothing,10,Optimal,Optimal,Medium,0.1
41,36,Optimal,Optimal,Medium,Do nothing,10,Optimal,Optimal,Medium,0.1
41,37,Optimal,Optimal,Medium,Do nothing,10,Optimal,Optimal,Medium,0.1
41,38,Optimal,Optimal,Medium,Do nothing,10,Optimal,Optimal,Medium,0.1
41,39,Optimal,Optimal,Medium,Do nothing,10,Optimal,Optimal,Medium,0.1
41,40,Optimal,Optimal,Medium,Do nothing,10,Optimal,Optimal,Medium,0.1
41,41,Optimal,Optimal,Medium,Do nothing,10,Optimal,Optimal,Medium,0.1
41,42,Optimal,Optimal,Medium,Do nothing,10,Optimal,Optimal,Low,0.1
41,43,Optimal,Optimal,Low,Heater OFF,6,Optimal,Low,Low,0.1
41,44,Optimal,Low,Low,Heater OFF,3,Optimal,Optimal,Low,0.1
41,45,Optimal,Optimal,Low,Do nothing,6,Optimal,Optimal,Low,0.1
41,46,Optimal,Optimal,Low,Open shade curtains,6,Optimal,Optimal,Medium,0.1
41,47,Optimal,Optimal,Medium,Heater OFF,10,Optimal,Low,Medium,0.1
41,48,Optimal,Low,Medium,Heater OFF,7,Optimal,Low,Medium,0.1
41,49,Optimal,Low,Medium,Heater OFF,7,Optimal,Optimal,Medium,0.1
41,50,Optimal,Optimal,Medium,Heater ON,10,Optimal,Optimal,Medium,0.1
42,1,Dry,Low,High,Heater OFF,0,Dry,Optimal,High,0.08
42,2,Dry,Optimal,High,Water Pump OFF,1,Optimal,Optimal,High,0.08
42,3,Optimal,Optimal,High,Close shade curtains,6,Optimal,Optimal,Medium,0.08
42,4,Optimal,Optimal,Medium,Water Pump OFF,10,Dry,Optimal,Medium,0.08
42,5,Dry,Optimal,Medium,Water Pump OFF,5,Optimal,Optimal,Low,0.08
42,6,Optimal,Optimal,Low,Open shade curtains,6,Optimal,Optimal,Medium,0.08
42,7,Optimal,Optimal,Medium,Open shade curtains,10,Optimal,Optimal,Medium,0.08
42,8,Optimal,Optimal,Medium,Water Pump OFF,10,Dry,Optimal,Medium,0.08
42,9,Dry,Optimal,Medium,Water Pump OFF,5,Optimal,Optimal,Medium,0.08
42,10,Optimal,Optimal,Medium,Water Pump OFF,10,Dry,Optimal,Medium,0.08
42,11,Dry,Optimal,Medium,Water Pump OFF,5,Dry,Optimal,Medium,0.08
42,12,Dry,Optimal,Medium,Water Pump ON,7,Optimal,Optimal,Medium,0.08
42,13,Optimal,Optimal,Medium,Close shade curtains,10,Optimal,Optimal,Low,0.08
42,14,Optimal,Optimal,Low,Open shade curtains,6,Optimal,Optimal,Medium,0.08
42,15,Optimal,Optimal,Medium,Water Pump ON,10,Wet,Optimal,Medium,0.08
42,16,Wet,Optimal,Medium,Water Pump OFF,7,Wet,Optimal,Medium,0.08
42,17,Wet,Optimal,Medium,Water Pump OFF,7,Optimal,Optimal,Medium,0.08
42,18,Optimal,Optimal,Medium,Water Pump ON,10,Wet,Optimal,Medium,0.08
42,19,Wet,Optimal,Medium,Water Pump OFF,7,Wet,Optimal,Medium,0.08
42,20,Wet,Optimal,Medium,Water Pump OFF,7,Optimal,Optimal,Medium,0.08
42,21,Optimal,Optimal,Medium,Water Pump ON,10,Wet,Optimal,Medium,0.08
42,22,Wet,Optimal,Medium,Water Pump OFF,7,Optimal,Optimal,Medium,0.08
42,23,Optimal,Optimal,Medium,Water Pump ON,10,Wet,Optimal,Medium,0.08
42,24,Wet,Optimal,Medium,Water Pump OFF,7,Optimal,Optimal,Medium,0.08
42,25,Optimal,Optimal,Medium,Water Pump ON,10,Wet,Optimal,Medium,0.08
42,26,Wet,Optimal,Medium,Water Pump OFF,7,Optimal,Optimal,Medium,0.08
42,27,Optimal,Optimal,Medium,Heater ON,10,Optimal,Optimal,Medium,0.08
42,28,Optimal,Optimal,Medium,Heater ON,10,Optimal,High,Low,0.08
42,29,Optimal,High,Low,Open shade curtains,3,Optimal,High,Medium,0.08
42,30,Optimal,High,Medium,Heater OFF,7,Optimal,Optimal,Medium,0.08
42,31,Optimal,Optimal,Medium,Open shade curtains,10,Optimal,Optimal,High,0.08
42,32,Optimal,Optimal,High,Close shade curtains,6,Optimal,Optimal,Medium,0.08
42,33,Optimal,Optimal,Medium,Open shade curtains,10,Optimal,Optimal,High,0.08
42,34,Optimal,Optimal,High,Close shade curtains,6,Optimal,Optimal,Medium,0.08
42,35,Optimal,Optimal,Medium,Water Pump OFF,10,Optimal,Optimal,Medium,0.08
42,36,Optimal,Optimal,Medium,Open shade curtains,10,Optimal,Optimal,High,0.08
42,37,Optimal,Optimal,High,Close shade curtains,6,Optimal,Optimal,Medium,0.08
42,38,Optimal,Optimal,Medium,Open shade curtains,10,Optimal,Optimal,High,0.08
42,39,Optimal,Optimal,High,Close shade curtains,6,Optimal,Optimal,Medium,0.08
42,40,Optimal,Optimal,Medium,Do nothing,10,Optimal,Optimal,Medium,0.08
42,41,Optimal,Optimal,Medium,Open shade curtains,10,Optimal,Optimal,High,0.08
42,42,Optimal,Optimal,High,Close shade curtains,6,Optimal,Optimal,Medium,0.08
42,43,Optimal,Optimal,Medium,Open shade curtains,10,Optimal,Optimal,High,0.08
42,44,Optimal,Optimal,High,Close shade curtains,6,Optimal,Optimal,Medium,0.08
42,45,Optimal,Optimal,Medium,Open shade curtains,10,Optimal,Optimal,Low,0.08
42,46,Optimal,Optimal,Low,Open shade curtains,6,Optimal,Optimal,High,0.08
42,47,Optimal,Optimal,High,Close shade curtains,6,Optimal,Optimal,Medium,0.08
42,48,Optimal,Optimal,Medium,Open shade curtains,10,Optimal,Optimal,Medium,0.08
42,49,Optimal,Optimal,Medium,Do nothing,10,Optimal,Optimal,Medium,0.08
42,50,Optimal,Optimal,Medium,Do nothing,10,Optimal,Optimal,Medium,0.08
43,1,Dry,High,Medium,Water Pump OFF,2,Optimal,High,Medium,0.06
43,2,Optimal,High,Medium,Heater OFF,7,Optimal,Optimal,Medium,0.06
43,3,Optimal,Optimal,Medium,Do nothing,10,Optimal,Optimal,Medium,0.06
43,4,Optimal,Optimal,Medium,Open shade curtains,10,Optimal,Optimal,High,0.06
43,5,Optimal,Optimal,High,Close shade curtains,6,Optimal,Optimal,Medium,0.06
43,6,Optimal,Optimal,Medium,Do nothing,10,Optimal,Optimal,Medium,0.06
43,7,Optimal,Optimal,Medium,Do nothing,10,Optimal,Optimal,Medium,0.06
43,8,Optimal,Optimal,Medium,Do nothing,10,Optimal,Optimal,Medium,0.06
43,9,Optimal,Optimal,Medium,Do nothing,10,Optimal,Optimal,Medium,0.06
43,10,Optimal,Optimal,Medium,Do nothing,10,Optimal,Optimal,Medium,0.06
43,11,Optimal,Optimal,Medium,Do nothing,10,Optimal,Optimal,Medium,0.06
43,12,Optimal,Optimal,Medium,Do nothing,10,Optimal,Optimal,Medium,0.06
43,13,Optimal,Optimal,Medium,Do nothing,10,Optimal,Optimal,Medium,0.06
43,14,Optimal,Optimal,Medium,Do nothing,10,Optimal,Optimal,Medium,0.06
43,15,Optimal,Optimal,Medium,Do nothing,10,Optimal,Optimal,Medium,0.06
43,16,Optimal,Optimal,Medium,Do nothing,10,Optimal,Optimal,Medium,0.06
43,17,Optimal,Optimal,Medium,Water Pump ON,10,Wet,Optimal,Medium,0.06
43,18,Wet,Optimal,Medium,Water Pump OFF,7,Optimal,Optimal,Medium,0.06
43,19,Optimal,Optimal,Medium,Do nothing,10,Optimal,Optimal,Medium,0.06
43,20,Optimal,Optimal,Medium,Do nothing,10,Optimal,Optimal,Medium,0.06
43,21,Optimal,Optimal,Medium,Do nothing,10,Optimal,Optimal,Medium,0.06
43,22,Optimal,Optimal,Medium,Do nothing,10,Optimal,Optimal,Medium,0.06
43,23,Optimal,Optimal,Medium,Do nothing,10,Optimal,Optimal,Medium,0.06
43,24,Optimal,Optimal,Medium,Do nothing,10,Optimal,Optimal,Medium,0.06
43,25,Optimal,Optimal,Medium,Do nothing,10,Optimal,Optimal,Medium,0.06
43,26,Optimal,Optimal,Medium,Do nothing,10,Optimal,Optimal,Medium,0.06
43,27,Optimal,Optimal,Medium,Do nothing,10,Optimal,Optimal,Medium,0.06
43,28,Optimal,Optimal,Medium,Do nothing,10,Optimal,Optimal,Medium,0.06
43,29,Optimal,Optimal,Medium,Do nothing,10,Optimal,Optimal,Low,0.06
43,30,Optimal,Optimal,Low,Do nothing,6,Optimal,Optimal,Low,0.06
43,31,Optimal,Optimal,Low,Open shade curtains,6,Optimal,Optimal,Medium,0.06
43,32,Optimal,Optimal,Medium,Do nothing,10,Optimal,Optimal,Medium,0.06
43,33,Optimal,Optimal,Medium,Water Pump OFF,10,Dry,Optimal,Medium,0.06
43,34,Dry,Optimal,Medium,Water Pump OFF,5,Optimal,Optimal,Medium,0.06
43,35,Optimal,Optimal,Medium,Water Pump ON,10,Wet,Optimal,Medium,0.06
43,36,Wet,Optimal,Medium,Water Pump OFF,7,Optimal,Optimal,Medium,0.06
43,37,Optimal,Optimal,Medium,Water Pump ON,10,Wet,Optimal,Medium,0.06
43,38,Wet,Optimal,Medium,Water Pump OFF,7,Optimal,Optimal,Medium,0.06
43,39,Optimal,Optimal,Medium,Water Pump ON,10,Wet,Optimal,Medium,0.06
43,40,Wet,Optimal,Medium,Water Pump OFF,7,Optimal,Optimal,High,0.06
43,41,Optimal,Optimal,High,Close shade curtains,6,Optimal,Optimal,Medium,0.06
43,42,Optimal,Optimal,Medium,Water Pump ON,10,Wet,Optimal,Medium,0.06
43,43,Wet,Optimal,Medium,Close shade curtains,7,Wet,Optimal,Low,0.06
43,44,Wet,Optimal,Low,Water Pump OFF,3,Optimal,Optimal,Low,0.06
43,45,Optimal,Optimal,Low,Open shade curtains,6,Optimal,Optimal,Low,0.06
43,46,Optimal,Optimal,Low,Open shade curtains,6,Optimal,Optimal,Medium,0.06
43,47,Optimal,Optimal,Medium,Do nothing,10,Optimal,Optimal,Medium,0.06
43,48,Optimal,Optimal,Medium,Water Pump ON,10,Wet,Optimal,Medium,0.06
43,49,Wet,Optimal,Medium,Water Pump OFF,7,Optimal,Optimal,Medium,0.06
43,50,Optimal,Optimal,Medium,Water Pump ON,10,Wet,Optimal,Medium,0.06
44,1,Optimal,Low,Low,Open shade curtains,3,Optimal,Low,Medium,0.05
44,2,Optimal,Low,Medium,Water Pump ON,7,Wet,Low,Medium,0.05
44,3,Wet,Low,Medium,Water Pump OFF,4,Optimal,Low,Medium,0.05
44,4,Optimal,Low,Medium,Open shade curtains,7,Optimal,Low,High,0.05
44,5,Optimal,Low,High,Open shade curtains,3,Optimal,Low,High,0.05
44,6,Optimal,Low,High,Open shade curtains,3,Optimal,Low,High,0.05
44,7,Optimal,Low,High,Heater OFF,3,Optimal,Optimal,High,0.05
44,8,Optimal,Optimal,High,Close shade curtains,6,Optimal,Optimal,Medium,0.05
44,9,Optimal,Optimal,Medium,Open shade curtains,10,Optimal,Optimal,High,0.05
44,10,Optimal,Optimal,High,Close shade curtains,6,Optimal,Optimal,Medium,0.05
44,11,Optimal,Optimal,Medium,Do nothing,10,Optimal,Optimal,Medium,0.05
44,12,Optimal,Optimal,Medium,Open shade curtains,10,Optimal,Optimal,High,0.05
44,13,Optimal,Optimal,High,Close shade curtains,6,Optimal,Optimal,Medium,0.05
44,14,Optimal,Optimal,Medium,Do nothing,10,Optimal,Optimal,Medium,0.05
44,15,Optimal,Optimal,Medium,Do nothing,10,Optimal,Optimal,Medium,0.05
44,16,Optimal,Optimal,Medium,Do nothing,10,Optimal,Optimal,Medium,0.05
44,17,Optimal,Optimal,Medium,Do nothing,10,Optimal,Optimal,Medium,0.05
44,18,Optimal,Optimal,Medium,Do nothing,10,Optimal,Optimal,High,0.05
44,19,Optimal,Optimal,High,Close shade curtains,6,Optimal,Optimal,Medium,0.05
44,20,Optimal,Optimal,Medium,Do nothing,10,Optimal,Optimal,Medium,0.05
44,21,Optimal,Optimal,Medium,Do nothing,10,Optimal,Optimal,Medium,0.05
44,22,Optimal,Optimal,Medium,Do nothing,10,Optimal,Optimal,Medium,0.05
44,23,Optimal,Optimal,Medium,Do nothing,10,Optimal,Optimal,Medium,0.05
44,24,Optimal,Optimal,Medium,Do nothing,10,Optimal,Optimal,Medium,0.05
44,25,Optimal,Optimal,Medium,Do nothing,10,Optimal,Optimal,Medium,0.05
44,26,Optimal,Optimal,Medium,Do nothing,10,Optimal,Optimal,Medium,0.05
44,27,Optimal,Optimal,Medium,Do nothing,10,Optimal,Optimal,Medium,0.05
44,28,Optimal,Optimal,Medium,Do nothing,10,Optimal,Optimal,Medium,0.05
44,29,Optimal,Optimal,Medium,Do nothing,10,Optimal,Optimal,Medium,0.05
44,30,Optimal,Optimal,Medium,Do nothing,10,Optimal,Optimal,Medium,0.05
44,31,Optimal,Optimal,Medium,Do nothing,10,Optimal,Optimal,Medium,0.05
44,32,Optimal,Optimal,Medium,Do nothing,10,Optimal,Optimal,Medium,0.05
44,33,Optimal,Optimal,Medium,Do nothing,10,Optimal,Optimal,Medium,0.05
44,34,Optimal,Optimal,Medium,Do nothing,10,Optimal,Optimal,Medium,0.05
44,35,Optimal,Optimal,Medium,Do nothing,10,Optimal,Optimal,Medium,0.05
44,36,Optimal,Optimal,Medium,Do nothing,10,Optimal,Optimal,Medium,0.05
44,37,Optimal,Optimal,Medium,Do nothing,10,Optimal,Optimal,Medium,0.05
44,38,Optimal,Optimal,Medium,Do nothing,10,Optimal,Optimal,High,0.05
44,39,Optimal,Optimal,High,Do nothing,6,Optimal,Optimal,High,0.05
44,40,Optimal,Optimal,High,Do nothing,6,Optimal,Optimal,High,0.05
44,41,Optimal,Optimal,High,Close shade curtains,6,Optimal,Optimal,Medium,0.05
44,42,Optimal,Optimal,Medium,Do nothing,10,Optimal,Optimal,Medium,0.05
44,43,Optimal,Optimal,Medium,Do nothing,10,Optimal,Optimal,Medium,0.05
44,44,Optimal,Optimal,Medium,Water Pump ON,10,Wet,Optimal,Medium,0.05
44,45,Wet,Optimal,Medium,Water Pump OFF,7,Optimal,Optimal,Medium,0.05
44,46,Optimal,Optimal,Medium,Do nothing,10,Optimal,Optimal,Medium,0.05
44,47,Optimal,Optimal,Medium,Do nothing,10,Optimal,Optimal,Low,0.05
44,48,Optimal,Optimal,Low,Open shade curtains,6,Optimal,Optimal,Low,0.05
44,49,Optimal,Optimal,Low,Open shade curtains,6,Optimal,Optimal,Medium,0.05
44,50,Optimal,Optimal,Medium,Do nothing,10,Optimal,Optimal,Medium,0.05
45,1,Dry,Low,High,Water Pump OFF,-2,Optimal,Low,High,0.05
45,2,Optimal,Low,High,Heater OFF,3,Optimal,Optimal,High,0.05
45,3,Optimal,Optimal,High,Close shade curtains,6,Optimal,Optimal,Medium,0.05
45,4,Optimal,Optimal,Medium,Close shade curtains,10,Optimal,Optimal,Low,0.05
45,5,Optimal,Optimal,Low,Open shade curtains,6,Optimal,Optimal,Medium,0.05
45,6,Optimal,Optimal,Medium,Close shade curtains,10,Optimal,Optimal,Medium,0.05
45,7,Optimal,Optimal,Medium,Close shade curtains,10,Optimal,Optimal,Medium,0.05
45,8,Optimal,Optimal,Medium,Close shade curtains,10,Optimal,Optimal,Low,0.05
45,9,Optimal,Optimal,Low,Open shade curtains,6,Optimal,Optimal,Medium,0.05
45,10,Optimal,Optimal,Medium,Close shade curtains,10,Optimal,Optimal,Low,0.05
45,11,Optimal,Optimal,Low,Open shade curtains,6,Optimal,Optimal,Medium,0.05
45,12,Optimal,Optimal,Medium,Close shade curtains,10,Optimal,Optimal,Low,0.05
45,13,Optimal,Optimal,Low,Open shade curtains,6,Optimal,Optimal,Medium,0.05
45,14,Optimal,Optimal,Medium,Water Pump OFF,10,Dry,Optimal,Medium,0.05
45,15,Dry,Optimal,Medium,Water Pump OFF,5,Optimal,Optimal,Medium,0.05
45,16,Optimal,Optimal,Medium,Water Pump OFF,10,Dry,Optimal,Medium,0.05
45,17,Dry,Optimal,Medium,Water Pump OFF,5,Dry,Optimal,Medium,0.05
45,18,Dry,Optimal,Medium,Water Pump OFF,5,Optimal,Optimal,Medium,0.05
45,19,Optimal,Optimal,Medium,Heater OFF,10,Optimal,Low,Medium,0.05
45,20,Optimal,Low,Medium,Heater OFF,7,Optimal,Optimal,Medium,0.05
45,21,Optimal,Optimal,Medium,Do nothing,10,Optimal,Optimal,Medium,0.05
45,22,Optimal,Optimal,Medium,Do nothing,10,Optimal,Optimal,Medium,0.05
45,23,Optimal,Optimal,Medium,Do nothing,10,Optimal,Optimal,Medium,0.05
45,24,Optimal,Optimal,Medium,Do nothing,10,Optimal,Optimal,Medium,0.05
45,25,Optimal,Optimal,Medium,Do nothing,10,Optimal,Optimal,Medium,0.05
45,26,Optimal,Optimal,Medium,Do nothing,10,Optimal,Optimal,Medium,0.05
45,27,Optimal,Optimal,Medium,Do nothing,10,Optimal,Optimal,Medium,0.05
45,28,Optimal,Optimal,Medium,Do nothing,10,Optimal,Optimal,Medium,0.05
45,29,Optimal,Optimal,Medium,Do nothing,10,Optimal,Optimal,Medium,0.05
45,30,Optimal,Optimal,Medium,Do nothing,10,Optimal,Optimal,Medium,0.05
45,31,Optimal,Optimal,Medium,Do nothing,10,Optimal,Optimal,Medium,0.05
45,32,Optimal,Optimal,Medium,Do nothing,10,Optimal,Optimal,Medium,0.05
45,33,Optimal,Optimal,Medium,Do nothing,10,Optimal,Optimal,Medium,0.05
45,34,Optimal,Optimal,Medium,Do nothing,10,Optimal,Optimal,Medium,0.05
45,35,Optimal,Optimal,Medium,Do nothing,10,Optimal,Optimal,Medium,0.05
45,36,Optimal,Optimal,Medium,Do nothing,10,Optimal,Optimal,Medium,0.05
45,37,Optimal,Optimal,Medium,Do nothing,10,Optimal,Optimal,Medium,0.05
45,38,Optimal,Optimal,Medium,Do nothing,10,Optimal,Optimal,Medium,0.05
45,39,Optimal,Optimal,Medium,Do nothing,10,Optimal,Optimal,Medium,0.05
45,40,Optimal,Optimal,Medium,Do nothing,10,Optimal,Optimal,Medium,0.05
45,41,Optimal,Optimal,Medium,Do nothing,10,Optimal,Optimal,Medium,0.05
45,42,Optimal,Optimal,Medium,Do nothing,10,Optimal,Optimal,Medium,0.05
45,43,Optimal,Optimal,Medium,Do nothing,10,Optimal,Optimal,Medium,0.05
45,44,Optimal,Optimal,Medium,Do nothing,10,Optimal,Optimal,Medium,0.05
45,45,Optimal,Optimal,Medium,Do nothing,10,Optimal,Optimal,Medium,0.05
45,46,Optimal,Optimal,Medium,Do nothing,10,Optimal,Optimal,Medium,0.05
45,47,Optimal,Optimal,Medium,Do nothing,10,Optimal,Optimal,Medium,0.05
45,48,Optimal,Optimal,Medium,Do nothing,10,Optimal,Optimal,High,0.05
45,49,Optimal,Optimal,High,Do nothing,6,Optimal,Optimal,High,0.05
45,50,Optimal,Optimal,High,Do nothing,6,Optimal,Optimal,High,0.05
46,1,Optimal,High,Low,Do nothing,3,Optimal,High,Low,0.05
46,2,Optimal,High,Low,Do nothing,3,Optimal,High,Low,0.05
46,3,Optimal,High,Low,Heater OFF,3,Optimal,Optimal,Low,0.05
46,4,Optimal,Optimal,Low,Open shade curtains,6,Optimal,Optimal,Medium,0.05
46,5,Optimal,Optimal,Medium,Close shade curtains,10,Optimal,Optimal,Low,0.05
46,6,Optimal,Optimal,Low,Open shade curtains,6,Optimal,Optimal,Medium,0.05
46,7,Optimal,Optimal,Medium,Do nothing,10,Optimal,Optimal,Medium,0.05
46,8,Optimal,Optimal,Medium,Heater OFF,10,Optimal,Low,High,0.05
46,9,Optimal,Low,High,Heater OFF,3,Optimal,Optimal,High,0.05
46,10,Optimal,Optimal,High,Close shade curtains,6,Optimal,Optimal,Medium,0.05
46,11,Optimal,Optimal,Medium,Open shade curtains,10,Optimal,Optimal,High,0.05
46,12,Optimal,Optimal,High,Close shade curtains,6,Optimal,Optimal,Medium,0.05
46,13,Optimal,Optimal,Medium,Open shade curtains,10,Optimal,Optimal,High,0.05
46,14,Optimal,Optimal,High,Close shade curtains,6,Optimal,Optimal,Medium,0.05
46,15,Optimal,Optimal,Medium,Open shade curtains,10,Optimal,Optimal,High,0.05
46,16,Optimal,Optimal,High,Close shade curtains,6,Optimal,Optimal,Low,0.05
46,17,Optimal,Optimal,Low,Open shade curtains,6,Optimal,Optimal,Medium,0.05
46,18,Optimal,Optimal,Medium,Water Pump ON,10,Optimal,Optimal,Medium,0.05
46,19,Optimal,Optimal,Medium,Water Pump ON,10,Wet,Optimal,Medium,0.05
46,20,Wet,Optimal,Medium,Water Pump OFF,7,Wet,Optimal,Medium,0.05
46,21,Wet,Optimal,Medium,Water Pump OFF,7,Optimal,Optimal,Medium,0.05
46,22,Optimal,Optimal,Medium,Water Pump ON,10,Wet,Optimal,Medium,0.05
46,23,Wet,Optimal,Medium,Water Pump OFF,7,Optimal,Optimal,Medium,0.05
46,24,Optimal,Optimal,Medium,Water Pump ON,10,Wet,Optimal,Medium,0.05
46,25,Wet,Optimal,Medium,Water Pump OFF,7,Optimal,Optimal,Medium,0.05
46,26,Optimal,Optimal,Medium,Water Pump ON,10,Wet,Optimal,Medium,0.05
46,27,Wet,Optimal,Medium,Water Pump OFF,7,Wet,Optimal,Medium,0.05
46,28,Wet,Optimal,Medium,Water Pump OFF,7,Optimal,Optimal,Medium,0.05
46,29,Optimal,Optimal,Medium,Water Pump ON,10,Wet,Optimal,Medium,0.05
46,30,Wet,Optimal,Medium,Water Pump OFF,7,Optimal,Optimal,Medium,0.05
46,31,Optimal,Optimal,Medium,Water Pump ON,10,Wet,Optimal,Medium,0.05
46,32,Wet,Optimal,Medium,Water Pump OFF,7,Optimal,Optimal,Medium,0.05
46,33,Optimal,Optimal,Medium,Water Pump ON,10,Wet,Optimal,Medium,0.05
46,34,Wet,Optimal,Medium,Water Pump OFF,7,Optimal,Optimal,Medium,0.05
46,35,Optimal,Optimal,Medium,Water Pump ON,10,Wet,Optimal,Medium,0.05
46,36,Wet,Optimal,Medium,Water Pump OFF,7,Optimal,Optimal,Medium,0.05
46,37,Optimal,Optimal,Medium,Water Pump ON,10,Wet,Optimal,Medium,0.05
46,38,Wet,Optimal,Medium,Water Pump OFF,7,Optimal,Optimal,Medium,0.05
46,39,Optimal,Optimal,Medium,Water Pump ON,10,Wet,Optimal,Medium,0.05
46,40,Wet,Optimal,Medium,Water Pump OFF,7,Wet,Optimal,Medium,0.05
46,41,Wet,Optimal,Medium,Water Pump OFF,7,Optimal,Optimal,Medium,0.05
46,42,Optimal,Optimal,Medium,Water Pump ON,10,Wet,Optimal,Medium,0.05
46,43,Wet,Optimal,Medium,Water Pump OFF,7,Wet,Optimal,Medium,0.05
46,44,Wet,Optimal,Medium,Water Pump OFF,7,Optimal,Optimal,Medium,0.05
46,45,Optimal,Optimal,Medium,Water Pump ON,10,Wet,Optimal,Medium,0.05
46,46,Wet,Optimal,Medium,Water Pump OFF,7,Optimal,Optimal,Medium,0.05
46,47,Optimal,Optimal,Medium,Water Pump ON,10,Wet,Optimal,Medium,0.05
46,48,Wet,Optimal,Medium,Water Pump OFF,7,Optimal,Optimal,Medium,0.05
46,49,Optimal,Optimal,Medium,Water Pump ON,10,Wet,Optimal,Medium,0.05
46,50,Wet,Optimal,Medium,Water Pump OFF,7,Optimal,Optimal,Medium,0.05
47,1,Wet,High,High,Water Pump OFF,0,Optimal,High,High,0.05
47,2,Optimal,High,High,Heater OFF,3,Optimal,Optimal,High,0.05
47,3,Optimal,Optimal,High,Close shade curtains,6,Optimal,Optimal,Medium,0.05
47,4,Optimal,Optimal,Medium,Water Pump ON,10,Wet,Optimal,Medium,0.05
47,5,Wet,Optimal,Medium,Water Pump OFF,7,Optimal,Optimal,Medium,0.05
47,6,Optimal,Optimal,Medium,Water Pump ON,10,Wet,Optimal,Medium,0.05
47,7,Wet,Optimal,Medium,Water Pump OFF,7,Wet,Optimal,Medium,0.05
47,8,Wet,Optimal,Medium,Water Pump OFF,7,Optimal,Optimal,Medium,0.05
47,9,Optimal,Optimal,Medium,Water Pump OFF,10,Dry,Optimal,Medium,0.05
47,10,Dry,Optimal,Medium,Water Pump OFF,5,Optimal,Optimal,Medium,0.05
47,11,Optimal,Optimal,Medium,Water Pump ON,10,Optimal,Optimal,Medium,0.05
47,12,Optimal,Optimal,Medium,Water Pump ON,10,Wet,Optimal,Medium,0.05
47,13,Wet,Optimal,Medium,Water Pump OFF,7,Optimal,Optimal,Medium,0.05
47,14,Optimal,Optimal,Medium,Water Pump ON,10,Wet,Optimal,Medium,0.05
47,15,Wet,Optimal,Medium,Water Pump OFF,7,Optimal,Optimal,Medium,0.05
47,16,Optimal,Optimal,Medium,Water Pump ON,10,Wet,Optimal,Medium,0.05
47,17,Wet,Optimal,Medium,Water Pump OFF,7,Wet,Optimal,Medium,0.05
47,18,Wet,Optimal,Medium,Water Pump OFF,7,Optimal,Optimal,Medium,0.05
47,19,Optimal,Optimal,Medium,Water Pump ON,10,Wet,Optimal,Medium,0.05
47,20,Wet,Optimal,Medium,Water Pump OFF,7,Optimal,Optimal,Medium,0.05
47,21,Optimal,Optimal,Medium,Water Pump ON,10,Wet,Optimal,Medium,0.05
47,22,Wet,Optimal,Medium,Water Pump OFF,7,Optimal,Optimal,Medium,0.05
47,23,Optimal,Optimal,Medium,Water Pump ON,10,Wet,Optimal,Medium,0.05
47,24,Wet,Optimal,Medium,Water Pump OFF,7,Optimal,Optimal,Medium,0.05
47,25,Optimal,Optimal,Medium,Water Pump ON,10,Wet,Optimal,Medium,0.05
47,26,Wet,Optimal,Medium,Water Pump OFF,7,Optimal,Optimal,Medium,0.05
47,27,Optimal,Optimal,Medium,Water Pump ON,10,Wet,Optimal,Medium,0.05
47,28,Wet,Optimal,Medium,Water Pump OFF,7,Optimal,Optimal,Medium,0.05
47,29,Optimal,Optimal,Medium,Water Pump ON,10,Wet,Optimal,Medium,0.05
47,30,Wet,Optimal,Medium,Water Pump OFF,7,Optimal,Optimal,Medium,0.05
47,31,Optimal,Optimal,Medium,Water Pump ON,10,Wet,Optimal,Medium,0.05
47,32,Wet,Optimal,Medium,Water Pump OFF,7,Optimal,Optimal,Medium,0.05
47,33,Optimal,Optimal,Medium,Water Pump ON,10,Wet,Optimal,Medium,0.05
47,34,Wet,Optimal,Medium,Water Pump OFF,7,Optimal,Optimal,Medium,0.05
47,35,Optimal,Optimal,Medium,Water Pump ON,10,Wet,Optimal,Medium,0.05
47,36,Wet,Optimal,Medium,Water Pump OFF,7,Optimal,Optimal,Medium,0.05
47,37,Optimal,Optimal,Medium,Water Pump ON,10,Optimal,Optimal,Medium,0.05
47,38,Optimal,Optimal,Medium,Water Pump ON,10,Wet,Optimal,Medium,0.05
47,39,Wet,Optimal,Medium,Water Pump OFF,7,Optimal,Optimal,Medium,0.05
47,40,Optimal,Optimal,Medium,Water Pump ON,10,Wet,Optimal,Medium,0.05
47,41,Wet,Optimal,Medium,Water Pump OFF,7,Optimal,Optimal,Medium,0.05
47,42,Optimal,Optimal,Medium,Water Pump ON,10,Wet,Optimal,Medium,0.05
47,43,Wet,Optimal,Medium,Water Pump OFF,7,Optimal,Optimal,Medium,0.05
47,44,Optimal,Optimal,Medium,Water Pump ON,10,Wet,Optimal,Medium,0.05
47,45,Wet,Optimal,Medium,Water Pump OFF,7,Optimal,Optimal,Medium,0.05
47,46,Optimal,Optimal,Medium,Water Pump ON,10,Wet,Optimal,Medium,0.05
47,47,Wet,Optimal,Medium,Water Pump OFF,7,Optimal,Optimal,Medium,0.05
47,48,Optimal,Optimal,Medium,Water Pump ON,10,Wet,Optimal,Medium,0.05
47,49,Wet,Optimal,Medium,Water Pump OFF,7,Optimal,Optimal,Medium,0.05
47,50,Optimal,Optimal,Medium,Water Pump ON,10,Wet,Optimal,Medium,0.05
48,1,Optimal,High,Medium,Heater OFF,7,Optimal,High,Medium,0.05
48,2,Optimal,High,Medium,Heater OFF,7,Optimal,High,Medium,0.05
48,3,Optimal,High,Medium,Heater OFF,7,Optimal,Optimal,Medium,0.05
48,4,Optimal,Optimal,Medium,Water Pump ON,10,Wet,Optimal,Medium,0.05
48,5,Wet,Optimal,Medium,Water Pump OFF,7,Optimal,Optimal,Medium,0.05
48,6,Optimal,Optimal,Medium,Water Pump ON,10,Wet,Optimal,Medium,0.05
48,7,Wet,Optimal,Medium,Water Pump OFF,7,Optimal,Optimal,Medium,0.05
48,8,Optimal,Optimal,Medium,Water Pump ON,10,Wet,Optimal,Medium,0.05
48,9,Wet,Optimal,Medium,Water Pump OFF,7,Optimal,Optimal,Medium,0.05
48,10,Optimal,Optimal,Medium,Water Pump ON,10,Optimal,Optimal,Medium,0.05
48,11,Optimal,Optimal,Medium,Water Pump ON,10,Wet,Optimal,Medium,0.05
48,12,Wet,Optimal,Medium,Water Pump OFF,7,Optimal,Optimal,Medium,0.05
48,13,Optimal,Optimal,Medium,Water Pump ON,10,Wet,Optimal,Medium,0.05
48,14,Wet,Optimal,Medium,Water Pump OFF,7,Optimal,Optimal,High,0.05
48,15,Optimal,Optimal,High,Close shade curtains,6,Optimal,Optimal,Medium,0.05
48,16,Optimal,Optimal,Medium,Water Pump ON,10,Wet,Optimal,Medium,0.05
48,17,Wet,Optimal,Medium,Water Pump OFF,7,Optimal,Optimal,Medium,0.05
48,18,Optimal,Optimal,Medium,Water Pump ON,10,Wet,Optimal,Medium,0.05
48,19,Wet,Optimal,Medium,Water Pump OFF,7,Optimal,Optimal,Medium,0.05
48,20,Optimal,Optimal,Medium,Water Pump ON,10,Wet,Optimal,Medium,0.05
48,21,Wet,Optimal,Medium,Water Pump OFF,7,Optimal,Optimal,Medium,0.05
48,22,Optimal,Optimal,Medium,Water Pump ON,10,Wet,Optimal,Medium,0.05
48,23,Wet,Optimal,Medium,Water Pump OFF,7,Optimal,Optimal,Medium,0.05
48,24,Optimal,Optimal,Medium,Water Pump ON,10,Wet,Optimal,Medium,0.05
48,25,Wet,Optimal,Medium,Water Pump OFF,7,Optimal,Optimal,Medium,0.05
48,26,Optimal,Optimal,Medium,Water Pump ON,10,Wet,Optimal,Medium,0.05
48,27,Wet,Optimal,Medium,Water Pump OFF,7,Optimal,Optimal,Medium,0.05
48,28,Optimal,Optimal,Medium,Water Pump ON,10,Optimal,Optimal,Medium,0.05
48,29,Optimal,Optimal,Medium,Water Pump ON,10,Wet,Optimal,Medium,0.05
48,30,Wet,Optimal,Medium,Water Pump OFF,7,Optimal,Optimal,Medium,0.05
48,31,Optimal,Optimal,Medium,Water Pump ON,10,Wet,Optimal,Medium,0.05
48,32,Wet,Optimal,Medium,Water Pump OFF,7,Optimal,Optimal,Medium,0.05
48,33,Optimal,Optimal,Medium,Water Pump ON,10,Wet,Optimal,Medium,0.05
48,34,Wet,Optimal,Medium,Water Pump OFF,7,Optimal,Optimal,Medium,0.05
48,35,Optimal,Optimal,Medium,Water Pump ON,10,Wet,Optimal,Medium,0.05
48,36,Wet,Optimal,Medium,Water Pump OFF,7,Optimal,Optimal,Medium,0.05
48,37,Optimal,Optimal,Medium,Water Pump ON,10,Wet,Optimal,Medium,0.05
48,38,Wet,Optimal,Medium,Water Pump OFF,7,Optimal,Optimal,Medium,0.05
48,39,Optimal,Optimal,Medium,Water Pump ON,10,Wet,Optimal,Medium,0.05
48,40,Wet,Optimal,Medium,Water Pump OFF,7,Optimal,Optimal,Medium,0.05
48,41,Optimal,Optimal,Medium,Water Pump ON,10,Wet,Optimal,Medium,0.05
48,42,Wet,Optimal,Medium,Water Pump OFF,7,Optimal,Optimal,Medium,0.05
48,43,Optimal,Optimal,Medium,Do nothing,10,Optimal,Optimal,Medium,0.05
48,44,Optimal,Optimal,Medium,Water Pump ON,10,Optimal,Optimal,High,0.05
48,45,Optimal,Optimal,High,Close shade curtains,6,Optimal,Optimal,Medium,0.05
48,46,Optimal,Optimal,Medium,Heater ON,10,Optimal,High,Medium,0.05
48,47,Optimal,High,Medium,Heater OFF,7,Optimal,Optimal,Low,0.05
48,48,Optimal,Optimal,Low,Open shade curtains,6,Optimal,Optimal,Medium,0.05
48,49,Optimal,Optimal,Medium,Water Pump ON,10,Wet,Optimal,Medium,0.05
48,50,Wet,Optimal,Medium,Water Pump OFF,7,Optimal,Optimal,Medium,0.05
49,1,Wet,Low,High,Close shade curtains,0,Wet,Low,Medium,0.05
49,2,Wet,Low,Medium,Water Pump OFF,4,Optimal,Low,Medium,0.05
49,3,Optimal,Low,Medium,Water Pump OFF,7,Optimal,Low,Low,0.05
49,4,Optimal,Low,Low,Open shade curtains,3,Optimal,Low,Medium,0.05
49,5,Optimal,Low,Medium,Water Pump OFF,7,Dry,Low,Medium,0.05
49,6,Dry,Low,Medium,Water Pump ON,4,Optimal,Low,Medium,0.05
49,7,Optimal,Low,Medium,Water Pump ON,7,Wet,Low,Medium,0.05
49,8,Wet,Low,Medium,Water Pump OFF,4,Optimal,Low,Medium,0.05
49,9,Optimal,Low,Medium,Water Pump ON,7,Wet,Low,Medium,0.05
49,10,Wet,Low,Medium,Water Pump OFF,4,Optimal,Low,Medium,0.05
49,11,Optimal,Low,Medium,Water Pump ON,7,Wet,Low,Low,0.05
49,12,Wet,Low,Low,Do nothing,0,Wet,Low,Low,0.05
49,13,Wet,Low,Low,Open shade curtains,0,Wet,Low,Medium,0.05
49,14,Wet,Low,Medium,Close shade curtains,4,Wet,Low,Low,0.05
49,15,Wet,Low,Low,Open shade curtains,0,Wet,Low,Medium,0.05
49,16,Wet,Low,Medium,Open shade curtains,4,Wet,Low,High,0.05
49,17,Wet,Low,High,Close shade curtains,0,Wet,Low,High,0.05
49,18,Wet,Low,High,Heater OFF,0,Wet,Optimal,High,0.05
49,19,Wet,Optimal,High,Open shade curtains,3,Wet,Optimal,High,0.05
49,20,Wet,Optimal,High,Open shade curtains,3,Wet,Optimal,High,0.05
49,21,Wet,Optimal,High,Open shade curtains,3,Wet,Optimal,High,0.05
49,22,Wet,Optimal,High,Open shade curtains,3,Wet,Optimal,High,0.05
49,23,Wet,Optimal,High,Open shade curtains,3,Wet,Optimal,High,0.05
49,24,Wet,Optimal,High,Open shade curtains,3,Wet,Optimal,High,0.05
49,25,Wet,Optimal,High,Water Pump OFF,3,Optimal,Optimal,High,0.05
49,26,Optimal,Optimal,High,Open shade curtains,6,Optimal,Optimal,High,0.05
49,27,Optimal,Optimal,High,Open shade curtains,6,Optimal,Optimal,High,0.05
49,28,Optimal,Optimal,High,Close shade curtains,6,Optimal,Optimal,High,0.05
49,29,Optimal,Optimal,High,Close shade curtains,6,Optimal,Optimal,Medium,0.05
49,30,Optimal,Optimal,Medium,Do nothing,10,Optimal,Optimal,Medium,0.05
49,31,Optimal,Optimal,Medium,Do nothing,10,Optimal,Optimal,Medium,0.05
49,32,Optimal,Optimal,Medium,Water Pump OFF,10,Dry,Optimal,Medium,0.05
49,33,Dry,Optimal,Medium,Heater ON,7,Dry,High,Medium,0.05
49,34,Dry,High,Medium,Heater ON,-1,Dry,High,Medium,0.05
49,35,Dry,High,Medium,Open shade curtains,4,Dry,High,High,0.05
49,36,Dry,High,High,Heater OFF,0,Dry,Optimal,High,0.05
49,37,Dry,Optimal,High,Do nothing,3,Dry,Optimal,High,0.05
49,38,Dry,Optimal,High,Do nothing,3,Dry,Optimal,High,0.05
49,39,Dry,Optimal,High,Do nothing,3,Dry,Optimal,High,0.05
49,40,Dry,Optimal,High,Do nothing,3,Dry,Optimal,High,0.05
49,41,Dry,Optimal,High,Water Pump OFF,1,Optimal,Optimal,High,0.05
49,42,Optimal,Optimal,High,Close shade curtains,6,Optimal,Optimal,Medium,0.05
49,43,Optimal,Optimal,Medium,Do nothing,10,Optimal,Optimal,Medium,0.05
49,44,Optimal,Optimal,Medium,Do nothing,10,Optimal,Optimal,Medium,0.05
49,45,Optimal,Optimal,Medium,Do nothing,10,Optimal,Optimal,Medium,0.05
49,46,Optimal,Optimal,Medium,Do nothing,10,Optimal,Optimal,Medium,0.05
49,47,Optimal,Optimal,Medium,Do nothing,10,Optimal,Optimal,Medium,0.05
49,48,Optimal,Optimal,Medium,Do nothing,10,Optimal,Optimal,Medium,0.05
49,49,Optimal,Optimal,Medium,Do nothing,10,Optimal,Optimal,Medium,0.05
49,50,Optimal,Optimal,Medium,Do nothing,10,Optimal,Optimal,Medium,0.05
50,1,Optimal,Optimal,High,Heater OFF,6,Optimal,Low,High,0.05
50,2,Optimal,Low,High,Heater OFF,3,Optimal,Optimal,High,0.05
50,3,Optimal,Optimal,High,Close shade curtains,6,Optimal,Optimal,Medium,0.05
50,4,Optimal,Optimal,Medium,Do nothing,10,Optimal,Optimal,Medium,0.05
50,5,Optimal,Optimal,Medium,Do nothing,10,Optimal,Optimal,Medium,0.05
50,6,Optimal,Optimal,Medium,Do nothing,10,Optimal,Optimal,Medium,0.05
50,7,Optimal,Optimal,Medium,Do nothing,10,Optimal,Optimal,Medium,0.05
50,8,Optimal,Optimal,Medium,Do nothing,10,Optimal,Optimal,Medium,0.05
50,9,Optimal,Optimal,Medium,Do nothing,10,Optimal,Optimal,Medium,0.05
50,10,Optimal,Optimal,Medium,Do nothing,10,Optimal,Optimal,Medium,0.05
50,11,Optimal,Optimal,Medium,Do nothing,10,Optimal,Optimal,Medium,0.05
50,12,Optimal,Optimal,Medium,Do nothing,10,Optimal,Optimal,Medium,0.05
50,13,Optimal,Optimal,Medium,Do nothing,10,Optimal,Optimal,Medium,0.05
50,14,Optimal,Optimal,Medium,Do nothing,10,Optimal,Optimal,Medium,0.05
50,15,Optimal,Optimal,Medium,Heater ON,10,Optimal,High,Medium,0.05
50,16,Optimal,High,Medium,Do nothing,7,Optimal,High,Medium,0.05
50,17,Optimal,High,Medium,Do nothing,7,Optimal,High,Medium,0.05
50,18,Optimal,High,Medium,Do nothing,7,Optimal,High,Medium,0.05
50,19,Optimal,High,Medium,Do nothing,7,Optimal,High,Medium,0.05
50,20,Optimal,High,Medium,Do nothing,7,Optimal,High,Medium,0.05
50,21,Optimal,High,Medium,Do nothing,7,Optimal,High,Medium,0.05
50,22,Optimal,High,Medium,Heater OFF,7,Optimal,Optimal,Medium,0.05
50,23,Optimal,Optimal,Medium,Do nothing,10,Optimal,Optimal,Medium,0.05
50,24,Optimal,Optimal,Medium,Do nothing,10,Optimal,Optimal,Medium,0.05
50,25,Optimal,Optimal,Medium,Do nothing,10,Optimal,Optimal,Medium,0.05
50,26,Optimal,Optimal,Medium,Do nothing,10,Optimal,Optimal,Medium,0.05
50,27,Optimal,Optimal,Medium,Do nothing,10,Optimal,Optimal,Medium,0.05
50,28,Optimal,Optimal,Medium,Do nothing,10,Optimal,Optimal,Medium,0.05
50,29,Optimal,Optimal,Medium,Do nothing,10,Optimal,Optimal,Medium,0.05
50,30,Optimal,Optimal,Medium,Do nothing,10,Optimal,Optimal,Medium,0.05
50,31,Optimal,Optimal,Medium,Heater OFF,10,Optimal,Low,Medium,0.05
50,32,Optimal,Low,Medium,Heater OFF,7,Optimal,Optimal,Medium,0.05
50,33,Optimal,Optimal,Medium,Do nothing,10,Optimal,Optimal,Medium,0.05
50,34,Optimal,Optimal,Medium,Do nothing,10,Optimal,Optimal,Medium,0.05
50,35,Optimal,Optimal,Medium,Do nothing,10,Optimal,Optimal,Medium,0.05
50,36,Optimal,Optimal,Medium,Do nothing,10,Optimal,Optimal,Medium,0.05
50,37,Optimal,Optimal,Medium,Do nothing,10,Optimal,Optimal,Medium,0.05
50,38,Optimal,Optimal,Medium,Do nothing,10,Optimal,Optimal,Medium,0.05
50,39,Optimal,Optimal,Medium,Heater ON,10,Optimal,High,Medium,0.05
50,40,Optimal,High,Medium,Heater OFF,7,Optimal,Optimal,Medium,0.05
50,41,Optimal,Optimal,Medium,Do nothing,10,Optimal,Optimal,Medium,0.05
50,42,Optimal,Optimal,Medium,Do nothing,10,Optimal,Optimal,Medium,0.05
50,43,Optimal,Optimal,Medium,Do nothing,10,Optimal,Optimal,Medium,0.05
50,44,Optimal,Optimal,Medium,Do nothing,10,Optimal,Optimal,Medium,0.05
50,45,Optimal,Optimal,Medium,Do nothing,10,Optimal,Optimal,Medium,0.05
50,46,Optimal,Optimal,Medium,Do nothing,10,Optimal,Optimal,Medium,0.05
50,47,Optimal,Optimal,Medium,Do nothing,10,Optimal,Optimal,Medium,0.05
50,48,Optimal,Optimal,Medium,Do nothing,10,Optimal,Optimal,Medium,0.05
50,49,Optimal,Optimal,Medium,Do nothing,10,Optimal,Optimal,Medium,0.05
50,50,Optimal,Optimal,Medium,Do nothing,10,Optimal,Optimal,Medium,0.05
51,1,Dry,High,Medium,Heater OFF,4,Dry,Optimal,Medium,0.05
51,2,Dry,Optimal,Medium,Heater OFF,7,Dry,Low,Medium,0.05
51,3,Dry,Low,Medium,Heater OFF,4,Dry,Optimal,Medium,0.05
51,4,Dry,Optimal,Medium,Heater OFF,7,Dry,Low,Medium,0.05
51,5,Dry,Low,Medium,Heater OFF,4,Dry,Optimal,Medium,0.05
51,6,Dry,Optimal,Medium,Heater OFF,7,Dry,Low,Medium,0.05
51,7,Dry,Low,Medium,Heater OFF,4,Dry,Optimal,Medium,0.05
51,8,Dry,Optimal,Medium,Heater OFF,7,Dry,Low,Medium,0.05
51,9,Dry,Low,Medium,Heater OFF,4,Dry,Low,Medium,0.05
51,10,Dry,Low,Medium,Heater OFF,4,Dry,Optimal,Medium,0.05
51,11,Dry,Optimal,Medium,Heater OFF,7,Dry,Low,Medium,0.05
51,12,Dry,Low,Medium,Do nothing,4,Dry,Low,Medium,0.05
51,13,Dry,Low,Medium,Do nothing,4,Dry,Low,Medium,0.05
51,14,Dry,Low,Medium,Do nothing,4,Dry,Low,Medium,0.05
51,15,Dry,Low,Medium,Do nothing,4,Dry,Low,Medium,0.05
51,16,Dry,Low,Medium,Do nothing,4,Dry,Low,Medium,0.05
51,17,Dry,Low,Medium,Heater ON,4,Dry,Optimal,Medium,0.05
51,18,Dry,Optimal,Medium,Heater ON,7,Dry,High,Medium,0.05
51,19,Dry,High,Medium,Water Pump OFF,2,Optimal,High,Medium,0.05
51,20,Optimal,High,Medium,Heater OFF,7,Optimal,Optimal,Medium,0.05
51,21,Optimal,Optimal,Medium,Water Pump ON,10,Wet,Optimal,Medium,0.05
51,22,Wet,Optimal,Medium,Water Pump OFF,7,Optimal,Optimal,Medium,0.05
51,23,Optimal,Optimal,Medium,Heater ON,10,Optimal,High,Medium,0.05
51,24,Optimal,High,Medium,Heater OFF,7,Optimal,Optimal,Medium,0.05
51,25,Optimal,Optimal,Medium,Heater ON,10,Optimal,Optimal,Medium,0.05
51,26,Optimal,Optimal,Medium,Heater ON,10,Optimal,High,Medium,0.05
51,27,Optimal,High,Medium,Heater OFF,7,Optimal,Optimal,Medium,0.05
51,28,Optimal,Optimal,Medium,Heater ON,10,Optimal,High,Medium,0.05
51,29,Optimal,High,Medium,Heater OFF,7,Optimal,Optimal,Medium,0.05
51,30,Optimal,Optimal,Medium,Heater ON,10,Optimal,High,Medium,0.05
51,31,Optimal,High,Medium,Heater OFF,7,Optimal,Optimal,Medium,0.05
51,32,Optimal,Optimal,Medium,Water Pump OFF,10,Optimal,Optimal,Medium,0.05
51,33,Optimal,Optimal,Medium,Water Pump OFF,10,Dry,Optimal,Medium,0.05
51,34,Dry,Optimal,Medium,Water Pump OFF,5,Dry,Optimal,Medium,0.05
51,35,Dry,Optimal,Medium,Water Pump OFF,5,Optimal,Optimal,Medium,0.05
51,36,Optimal,Optimal,Medium,Water Pump OFF,10,Dry,Optimal,Medium,0.05
51,37,Dry,Optimal,Medium,Water Pump OFF,5,Optimal,Optimal,Medium,0.05
51,38,Optimal,Optimal,Medium,Water Pump OFF,10,Dry,Optimal,Medium,0.05
51,39,Dry,Optimal,Medium,Water Pump OFF,5,Optimal,Optimal,Medium,0.05
51,40,Optimal,Optimal,Medium,Do nothing,10,Optimal,Optimal,Medium,0.05
51,41,Optimal,Optimal,Medium,Do nothing,10,Optimal,Optimal,Medium,0.05
51,42,Optimal,Optimal,Medium,Do nothing,10,Optimal,Optimal,Medium,0.05
51,43,Optimal,Optimal,Medium,Do nothing,10,Optimal,Optimal,Medium,0.05
51,44,Optimal,Optimal,Medium,Do nothing,10,Optimal,Optimal,Medium,0.05
51,45,Optimal,Optimal,Medium,Do nothing,10,Optimal,Optimal,Medium,0.05
51,46,Optimal,Optimal,Medium,Do nothing,10,Optimal,Optimal,Medium,0.05
51,47,Optimal,Optimal,Medium,Do nothing,10,Optimal,Optimal,Medium,0.05
51,48,Optimal,Optimal,Medium,Do nothing,10,Optimal,Optimal,Medium,0.05
51,49,Optimal,Optimal,Medium,Do nothing,10,Optimal,Optimal,Medium,0.05
51,50,Optimal,Optimal,Medium,Do nothing,10,Optimal,Optimal,Medium,0.05
52,1,Dry,High,High,Water Pump OFF,-2,Dry,High,High,0.05
52,2,Dry,High,High,Heater OFF,0,Dry,Optimal,High,0.05
52,3,Dry,Optimal,High,Water Pump OFF,1,Optimal,Optimal,High,0.05
52,4,Optimal,Optimal,High,Close shade curtains,6,Optimal,Optimal,Medium,0.05
52,5,Optimal,Optimal,Medium,Do nothing,10,Optimal,Optimal,Medium,0.05
52,6,Optimal,Optimal,Medium,Do nothing,10,Optimal,Optimal,Medium,0.05
52,7,Optimal,Optimal,Medium,Do nothing,10,Optimal,Optimal,Medium,0.05
52,8,Optimal,Optimal,Medium,Do nothing,10,Optimal,Optimal,Medium,0.05
52,9,Optimal,Optimal,Medium,Do nothing,10,Optimal,Optimal,Medium,0.05
52,10,Optimal,Optimal,Medium,Do nothing,10,Optimal,Optimal,Medium,0.05
52,11,Optimal,Optimal,Medium,Do nothing,10,Optimal,Optimal,Medium,0.05
52,12,Optimal,Optimal,Medium,Water Pump OFF,10,Dry,Optimal,Medium,0.05
52,13,Dry,Optimal,Medium,Water Pump OFF,5,Optimal,Optimal,Medium,0.05
52,14,Optimal,Optimal,Medium,Do nothing,10,Optimal,Optimal,Medium,0.05
52,15,Optimal,Optimal,Medium,Do nothing,10,Optimal,Optimal,Medium,0.05
52,16,Optimal,Optimal,Medium,Do nothing,10,Optimal,Optimal,Medium,0.05
52,17,Optimal,Optimal,Medium,Water Pump OFF,10,Dry,Optimal,Medium,0.05
52,18,Dry,Optimal,Medium,Water Pump OFF,5,Optimal,Optimal,Medium,0.05
52,19,Optimal,Optimal,Medium,Do nothing,10,Optimal,Optimal,Medium,0.05
52,20,Optimal,Optimal,Medium,Do nothing,10,Optimal,Optimal,Medium,0.05
52,21,Optimal,Optimal,Medium,Do nothing,10,Optimal,Optimal,Medium,0.05
52,22,Optimal,Optimal,Medium,Do nothing,10,Optimal,Optimal,Medium,0.05
52,23,Optimal,Optimal,Medium,Do nothing,10,Optimal,Optimal,Medium,0.05
52,24,Optimal,Optimal,Medium,Do nothing,10,Optimal,Optimal,Medium,0.05
52,25,Optimal,Optimal,Medium,Do nothing,10,Optimal,Optimal,Medium,0.05
52,26,Optimal,Optimal,Medium,Do nothing,10,Optimal,Optimal,Medium,0.05
52,27,Optimal,Optimal,Medium,Do nothing,10,Optimal,Optimal,Medium,0.05
52,28,Optimal,Optimal,Medium,Do nothing,10,Optimal,Optimal,Medium,0.05
52,29,Optimal,Optimal,Medium,Close shade curtains,10,Optimal,Optimal,Low,0.05
52,30,Optimal,Optimal,Low,Do nothing,6,Optimal,Optimal,Low,0.05
52,31,Optimal,Optimal,Low,Do nothing,6,Optimal,Optimal,Low,0.05
52,32,Optimal,Optimal,Low,Do nothing,6,Optimal,Optimal,Medium,0.05
52,33,Optimal,Optimal,Medium,Do nothing,10,Optimal,Optimal,Medium,0.05
52,34,Optimal,Optimal,Medium,Do nothing,10,Optimal,Optimal,Medium,0.05
52,35,Optimal,Optimal,Medium,Do nothing,10,Optimal,Optimal,Medium,0.05
52,36,Optimal,Optimal,Medium,Do nothing,10,Optimal,Optimal,Medium,0.05
52,37,Optimal,Optimal,Medium,Do nothing,10,Optimal,Optimal,Medium,0.05
52,38,Optimal,Optimal,Medium,Do nothing,10,Optimal,Optimal,Medium,0.05
52,39,Optimal,Optimal,Medium,Do nothing,10,Optimal,Optimal,Medium,0.05
52,40,Optimal,Optimal,Medium,Do nothing,10,Optimal,Optimal,Medium,0.05
52,41,Optimal,Optimal,Medium,Do nothing,10,Optimal,Optimal,Medium,0.05
52,42,Optimal,Optimal,Medium,Do nothing,10,Optimal,Optimal,Medium,0.05
52,43,Optimal,Optimal,Medium,Do nothing,10,Optimal,Optimal,Medium,0.05
52,44,Optimal,Optimal,Medium,Do nothing,10,Optimal,Optimal,Medium,0.05
52,45,Optimal,Optimal,Medium,Do nothing,10,Optimal,Optimal,Medium,0.05
52,46,Optimal,Optimal,Medium,Do nothing,10,Optimal,Optimal,Medium,0.05
52,47,Optimal,Optimal,Medium,Do nothing,10,Optimal,Optimal,Medium,0.05
52,48,Optimal,Optimal,Medium,Do nothing,10,Optimal,Optimal,Medium,0.05
52,49,Optimal,Optimal,Medium,Do nothing,10,Optimal,Optimal,High,0.05
52,50,Optimal,Optimal,High,Water Pump OFF,6,Dry,Optimal,High,0.05
53,1,Wet,Low,High,Water Pump OFF,0,Optimal,Low,High,0.05
53,2,Optimal,Low,High,Water Pump OFF,3,Dry,Low,High,0.05
53,3,Dry,Low,High,Water Pump OFF,-2,Optimal,Low,High,0.05
53,4,Optimal,Low,High,Water Pump OFF,3,Dry,Low,High,0.05
53,5,Dry,Low,High,Water Pump OFF,-2,Optimal,Low,High,0.05
53,6,Optimal,Low,High,Do nothing,3,Optimal,Low,High,0.05
53,7,Optimal,Low,High,Do nothing,3,Optimal,Low,High,0.05
53,8,Optimal,Low,High,Heater OFF,3,Optimal,Optimal,High,0.05
53,9,Optimal,Optimal,High,Do nothing,6,Optimal,Optimal,High,0.05
53,10,Optimal,Optimal,High,Close shade curtains,6,Optimal,Optimal,Medium,0.05
53,11,Optimal,Optimal,Medium,Do nothing,10,Optimal,Optimal,Medium,0.05
53,12,Optimal,Optimal,Medium,Do nothing,10,Optimal,Optimal,Medium,0.05
53,13,Optimal,Optimal,Medium,Do nothing,10,Optimal,Optimal,Medium,0.05
53,14,Optimal,Optimal,Medium,Do nothing,10,Optimal,Optimal,Medium,0.05
53,15,Optimal,Optimal,Medium,Do nothing,10,Optimal,Optimal,Medium,0.05
53,16,Optimal,Optimal,Medium,Do nothing,10,Optimal,Optimal,High,0.05
53,17,Optimal,Optimal,High,Close shade curtains,6,Optimal,Optimal,High,0.05
53,18,Optimal,Optimal,High,Close shade curtains,6,Optimal,Optimal,Medium,0.05
53,19,Optimal,Optimal,Medium,Close shade curtains,10,Optimal,Optimal,Medium,0.05
53,20,Optimal,Optimal,Medium,Do nothing,10,Optimal,Optimal,Medium,0.05
53,21,Optimal,Optimal,Medium,Do nothing,10,Optimal,Optimal,Medium,0.05
53,22,Optimal,Optimal,Medium,Do nothing,10,Optimal,Optimal,Medium,0.05
53,23,Optimal,Optimal,Medium,Do nothing,10,Optimal,Optimal,Medium,0.05
53,24,Optimal,Optimal,Medium,Do nothing,10,Optimal,Optimal,Medium,0.05
53,25,Optimal,Optimal,Medium,Do nothing,10,Optimal,Optimal,Medium,0.05
53,26,Optimal,Optimal,Medium,Do nothing,10,Optimal,Optimal,Medium,0.05
53,27,Optimal,Optimal,Medium,Do nothing,10,Optimal,Optimal,Medium,0.05
53,28,Optimal,Optimal,Medium,Do nothing,10,Optimal,Optimal,Medium,0.05
53,29,Optimal,Optimal,Medium,Water Pump ON,10,Wet,Optimal,Medium,0.05
53,30,Wet,Optimal,Medium,Water Pump OFF,7,Optimal,Optimal,Medium,0.05
53,31,Optimal,Optimal,Medium,Do nothing,10,Optimal,Optimal,Medium,0.05
53,32,Optimal,Optimal,Medium,Do nothing,10,Optimal,Optimal,Medium,0.05
53,33,Optimal,Optimal,Medium,Do nothing,10,Optimal,Optimal,Medium,0.05
53,34,Optimal,Optimal,Medium,Do nothing,10,Optimal,Optimal,Medium,0.05
53,35,Optimal,Optimal,Medium,Do nothing,10,Optimal,Optimal,Medium,0.05
53,36,Optimal,Optimal,Medium,Do nothing,10,Optimal,Optimal,Medium,0.05
53,37,Optimal,Optimal,Medium,Do nothing,10,Optimal,Optimal,Medium,0.05
53,38,Optimal,Optimal,Medium,Do nothing,10,Optimal,Optimal,Medium,0.05
53,39,Optimal,Optimal,Medium,Do nothing,10,Optimal,Optimal,Medium,0.05
53,40,Optimal,Optimal,Medium,Do nothing,10,Optimal,Optimal,Medium,0.05
53,41,Optimal,Optimal,Medium,Do nothing,10,Optimal,Optimal,Medium,0.05
53,42,Optimal,Optimal,Medium,Do nothing,10,Optimal,Optimal,Medium,0.05
53,43,Optimal,Optimal,Medium,Do nothing,10,Optimal,Optimal,Medium,0.05
53,44,Optimal,Optimal,Medium,Do nothing,10,Optimal,Optimal,Medium,0.05
53,45,Optimal,Optimal,Medium,Do nothing,10,Optimal,Optimal,Medium,0.05
53,46,Optimal,Optimal,Medium,Do nothing,10,Optimal,Optimal,Medium,0.05
53,47,Optimal,Optimal,Medium,Do nothing,10,Optimal,Optimal,Medium,0.05
53,48,Optimal,Optimal,Medium,Do nothing,10,Optimal,Optimal,Medium,0.05
53,49,Optimal,Optimal,Medium,Do nothing,10,Optimal,Optimal,Medium,0.05
53,50,Optimal,Optimal,Medium,Do nothing,10,Optimal,Optimal,Medium,0.05
54,1,Wet,Low,Medium,Heater OFF,4,Wet,Optimal,Medium,0.05
54,2,Wet,Optimal,Medium,Water Pump OFF,7,Optimal,Optimal,Medium,0.05
54,3,Optimal,Optimal,Medium,Do nothing,10,Optimal,Optimal,Medium,0.05
54,4,Optimal,Optimal,Medium,Do nothing,10,Optimal,Optimal,Medium,0.05
54,5,Optimal,Optimal,Medium,Do nothing,10,Optimal,Optimal,Medium,0.05
54,6,Optimal,Optimal,Medium,Do nothing,10,Optimal,Optimal,Medium,0.05
54,7,Optimal,Optimal,Medium,Do nothing,10,Optimal,Optimal,Medium,0.05
54,8,Optimal,Optimal,Medium,Do nothing,10,Optimal,Optimal,Medium,0.05
54,9,Optimal,Optimal,Medium,Do nothing,10,Optimal,Optimal,Medium,0.05
54,10,Optimal,Optimal,Medium,Do nothing,10,Optimal,Optimal,Medium,0.05
54,11,Optimal,Optimal,Medium,Do nothing,10,Optimal,Optimal,Medium,0.05
54,12,Optimal,Optimal,Medium,Do nothing,10,Optimal,Optimal,Medium,0.05
54,13,Optimal,Optimal,Medium,Do nothing,10,Optimal,Optimal,Medium,0.05
54,14,Optimal,Optimal,Medium,Do nothing,10,Optimal,Optimal,Medium,0.05
54,15,Optimal,Optimal,Medium,Do nothing,10,Optimal,Optimal,Medium,0.05
54,16,Optimal,Optimal,Medium,Do nothing,10,Optimal,Optimal,Medium,0.05
54,17,Optimal,Optimal,Medium,Do nothing,10,Optimal,Optimal,Medium,0.05
54,18,Optimal,Optimal,Medium,Do nothing,10,Optimal,Optimal,Medium,0.05
54,19,Optimal,Optimal,Medium,Do nothing,10,Optimal,Optimal,Medium,0.05
54,20,Optimal,Optimal,Medium,Do nothing,10,Optimal,Optimal,Medium,0.05
54,21,Optimal,Optimal,Medium,Do nothing,10,Optimal,Optimal,Medium,0.05
54,22,Optimal,Optimal,Medium,Do nothing,10,Optimal,Optimal,Medium,0.05
54,23,Optimal,Optimal,Medium,Do nothing,10,Optimal,Optimal,Medium,0.05
54,24,Optimal,Optimal,Medium,Do nothing,10,Optimal,Optimal,Medium,0.05
54,25,Optimal,Optimal,Medium,Do nothing,10,Optimal,Optimal,Medium,0.05
54,26,Optimal,Optimal,Medium,Do nothing,10,Optimal,Optimal,Medium,0.05
54,27,Optimal,Optimal,Medium,Do nothing,10,Optimal,Optimal,Medium,0.05
54,28,Optimal,Optimal,Medium,Do nothing,10,Optimal,Optimal,High,0.05
54,29,Optimal,Optimal,High,Close shade curtains,6,Optimal,Optimal,Medium,0.05
54,30,Optimal,Optimal,Medium,Heater OFF,10,Optimal,Low,Medium,0.05
54,31,Optimal,Low,Medium,Heater OFF,7,Optimal,Optimal,Medium,0.05
54,32,Optimal,Optimal,Medium,Heater OFF,10,Optimal,Low,Medium,0.05
54,33,Optimal,Low,Medium,Heater OFF,7,Optimal,Optimal,Medium,0.05
54,34,Optimal,Optimal,Medium,Close shade curtains,10,Optimal,Optimal,Low,0.05
54,35,Optimal,Optimal,Low,Close shade curtains,6,Optimal,Optimal,Low,0.05
54,36,Optimal,Optimal,Low,Close shade curtains,6,Optimal,Optimal,Low,0.05
54,37,Optimal,Optimal,Low,Close shade curtains,6,Optimal,Optimal,Low,0.05
54,38,Optimal,Optimal,Low,Close shade curtains,6,Optimal,Optimal,Low,0.05
54,39,Optimal,Optimal,Low,Close shade curtains,6,Optimal,Optimal,Low,0.05
54,40,Optimal,Optimal,Low,Heater OFF,6,Optimal,Low,Low,0.05
54,41,Optimal,Low,Low,Heater OFF,3,Optimal,Optimal,Low,0.05
54,42,Optimal,Optimal,Low,Heater OFF,6,Optimal,Low,Low,0.05
54,43,Optimal,Low,Low,Heater OFF,3,Optimal,Optimal,Low,0.05
54,44,Optimal,Optimal,Low,Heater OFF,6,Optimal,Low,Low,0.05
54,45,Optimal,Low,Low,Heater OFF,3,Optimal,Optimal,Low,0.05
54,46,Optimal,Optimal,Low,Open shade curtains,6,Optimal,Optimal,Medium,0.05
54,47,Optimal,Optimal,Medium,Do nothing,10,Optimal,Optimal,Medium,0.05
54,48,Optimal,Optimal,Medium,Do nothing,10,Optimal,Optimal,Medium,0.05
54,49,Optimal,Optimal,Medium,Do nothing,10,Optimal,Optimal,Medium,0.05
54,50,Optimal,Optimal,Medium,Do nothing,10,Optimal,Optimal,Medium,0.05
55,1,Optimal,Low,Low,Heater OFF,3,Optimal,Optimal,Low,0.05
55,2,Optimal,Optimal,Low,Open shade curtains,6,Optimal,Optimal,Medium,0.05
55,3,Optimal,Optimal,Medium,Do nothing,10,Optimal,Optimal,Medium,0.05
55,4,Optimal,Optimal,Medium,Do nothing,10,Optimal,Optimal,Medium,0.05
55,5,Optimal,Optimal,Medium,Do nothing,10,Optimal,Optimal,Medium,0.05
55,6,Optimal,Optimal,Medium,Do nothing,10,Optimal,Optimal,High,0.05
55,7,Optimal,Optimal,High,Do nothing,6,Optimal,Optimal,High,0.05
55,8,Optimal,Optimal,High,Do nothing,6,Optimal,Optimal,High,0.05
55,9,Optimal,Optimal,High,Water Pump OFF,6,Dry,Optimal,High,0.05
55,10,Dry,Optimal,High,Water Pump OFF,1,Optimal,Optimal,High,0.05
55,11,Optimal,Optimal,High,Open shade curtains,6,Optimal,Optimal,High,0.05
55,12,Optimal,Optimal,High,Open shade curtains,6,Optimal,Optimal,High,0.05
55,13,Optimal,Optimal,High,Open shade curtains,6,Optimal,Optimal,High,0.05
55,14,Optimal,Optimal,High,Open shade curtains,6,Optimal,Optimal,High,0.05
55,15,Optimal,Optimal,High,Open shade curtains,6,Optimal,Optimal,High,0.05
55,16,Optimal,Optimal,High,Open shade curtains,6,Optimal,Optimal,High,0.05
55,17,Optimal,Optimal,High,Water Pump ON,6,Wet,Optimal,High,0.05
55,18,Wet,Optimal,High,Water Pump OFF,3,Optimal,Optimal,High,0.05
55,19,Optimal,Optimal,High,Close shade curtains,6,Optimal,Optimal,Medium,0.05
55,20,Optimal,Optimal,Medium,Do nothing,10,Optimal,Optimal,Medium,0.05
55,21,Optimal,Optimal,Medium,Heater OFF,10,Optimal,Low,Medium,0.05
55,22,Optimal,Low,Medium,Heater OFF,7,Optimal,Optimal,Medium,0.05
55,23,Optimal,Optimal,Medium,Do nothing,10,Optimal,Optimal,Medium,0.05
55,24,Optimal,Optimal,Medium,Do nothing,10,Optimal,Optimal,Medium,0.05
55,25,Optimal,Optimal,Medium,Do nothing,10,Optimal,Optimal,Medium,0.05
55,26,Optimal,Optimal,Medium,Do nothing,10,Optimal,Optimal,Medium,0.05
55,27,Optimal,Optimal,Medium,Do nothing,10,Optimal,Optimal,Medium,0.05
55,28,Optimal,Optimal,Medium,Do nothing,10,Optimal,Optimal,Medium,0.05
55,29,Optimal,Optimal,Medium,Do nothing,10,Optimal,Optimal,Medium,0.05
55,30,Optimal,Optimal,Medium,Do nothing,10,Optimal,Optimal,Medium,0.05
55,31,Optimal,Optimal,Medium,Do nothing,10,Optimal,Optimal,Medium,0.05
55,32,Optimal,Optimal,Medium,Do nothing,10,Optimal,Optimal,Medium,0.05
55,33,Optimal,Optimal,Medium,Do nothing,10,Optimal,Optimal,Medium,0.05
55,34,Optimal,Optimal,Medium,Do nothing,10,Optimal,Optimal,Medium,0.05
55,35,Optimal,Optimal,Medium,Do nothing,10,Optimal,Optimal,Medium,0.05
55,36,Optimal,Optimal,Medium,Do nothing,10,Optimal,Optimal,Medium,0.05
55,37,Optimal,Optimal,Medium,Do nothing,10,Optimal,Optimal,Medium,0.05
55,38,Optimal,Optimal,Medium,Do nothing,10,Optimal,Optimal,Medium,0.05
55,39,Optimal,Optimal,Medium,Do nothing,10,Optimal,Optimal,Medium,0.05
55,40,Optimal,Optimal,Medium,Do nothing,10,Optimal,Optimal,High,0.05
55,41,Optimal,Optimal,High,Do nothing,6,Optimal,Optimal,High,0.05
55,42,Optimal,Optimal,High,Water Pump OFF,6,Optimal,Optimal,High,0.05
55,43,Optimal,Optimal,High,Close shade curtains,6,Optimal,Optimal,Medium,0.05
55,44,Optimal,Optimal,Medium,Do nothing,10,Optimal,Optimal,Medium,0.05
55,45,Optimal,Optimal,Medium,Do nothing,10,Optimal,Optimal,Medium,0.05
55,46,Optimal,Optimal,Medium,Do nothing,10,Optimal,Optimal,Medium,0.05
55,47,Optimal,Optimal,Medium,Do nothing,10,Optimal,Optimal,Medium,0.05
55,48,Optimal,Optimal,Medium,Do nothing,10,Optimal,Optimal,Low,0.05
55,49,Optimal,Optimal,Low,Open shade curtains,6,Optimal,Optimal,Medium,0.05
55,50,Optimal,Optimal,Medium,Do nothing,10,Optimal,Optimal,Medium,0.05
56,1,Dry,Low,High,Heater OFF,0,Dry,Optimal,High,0.05
56,2,Dry,Optimal,High,Water Pump OFF,1,Optimal,Optimal,High,0.05
56,3,Optimal,Optimal,High,Close shade curtains,6,Optimal,Optimal,High,0.05
56,4,Optimal,Optimal,High,Close shade curtains,6,Optimal,Optimal,Medium,0.05
56,5,Optimal,Optimal,Medium,Do nothing,10,Optimal,Optimal,Medium,0.05
56,6,Optimal,Optimal,Medium,Do nothing,10,Optimal,Optimal,High,0.05
56,7,Optimal,Optimal,High,Close shade curtains,6,Optimal,Optimal,Medium,0.05
56,8,Optimal,Optimal,Medium,Do nothing,10,Optimal,Optimal,Medium,0.05
56,9,Optimal,Optimal,Medium,Do nothing,10,Optimal,Optimal,Medium,0.05
56,10,Optimal,Optimal,Medium,Do nothing,10,Optimal,Optimal,Medium,0.05
56,11,Optimal,Optimal,Medium,Do nothing,10,Optimal,Optimal,Medium,0.05
56,12,Optimal,Optimal,Medium,Open shade curtains,10,Optimal,Optimal,High,0.05
56,13,Optimal,Optimal,High,Close shade curtains,6,Optimal,Optimal,Medium,0.05
56,14,Optimal,Optimal,Medium,Do nothing,10,Optimal,Optimal,Medium,0.05
56,15,Optimal,Optimal,Medium,Do nothing,10,Optimal,Optimal,Medium,0.05
56,16,Optimal,Optimal,Medium,Do nothing,10,Optimal,Optimal,Medium,0.05
56,17,Optimal,Optimal,Medium,Do nothing,10,Optimal,Optimal,Medium,0.05
56,18,Optimal,Optimal,Medium,Do nothing,10,Optimal,Optimal,High,0.05
56,19,Optimal,Optimal,High,Close shade curtains,6,Optimal,Optimal,Medium,0.05
56,20,Optimal,Optimal,Medium,Do nothing,10,Optimal,Optimal,Medium,0.05
56,21,Optimal,Optimal,Medium,Do nothing,10,Optimal,Optimal,Medium,0.05
56,22,Optimal,Optimal,Medium,Do nothing,10,Optimal,Optimal,Medium,0.05
56,23,Optimal,Optimal,Medium,Do nothing,10,Optimal,Optimal,Medium,0.05
56,24,Optimal,Optimal,Medium,Water Pump ON,10,Wet,Optimal,Medium,0.05
56,25,Wet,Optimal,Medium,Water Pump OFF,7,Optimal,Optimal,Medium,0.05
56,26,Optimal,Optimal,Medium,Do nothing,10,Optimal,Optimal,Medium,0.05
56,27,Optimal,Optimal,Medium,Do nothing,10,Optimal,Optimal,Medium,0.05
56,28,Optimal,Optimal,Medium,Do nothing,10,Optimal,Optimal,Medium,0.05
56,29,Optimal,Optimal,Medium,Do nothing,10,Optimal,Optimal,Medium,0.05
56,30,Optimal,Optimal,Medium,Do nothing,10,Optimal,Optimal,Medium,0.05
56,31,Optimal,Optimal,Medium,Do nothing,10,Optimal,Optimal,Medium,0.05
56,32,Optimal,Optimal,Medium,Do nothing,10,Optimal,Optimal,Medium,0.05
56,33,Optimal,Optimal,Medium,Do nothing,10,Optimal,Optimal,Medium,0.05
56,34,Optimal,Optimal,Medium,Do nothing,10,Optimal,Optimal,Medium,0.05
56,35,Optimal,Optimal,Medium,Do nothing,10,Optimal,Optimal,Medium,0.05
56,36,Optimal,Optimal,Medium,Do nothing,10,Optimal,Optimal,Medium,0.05
56,37,Optimal,Optimal,Medium,Water Pump ON,10,Wet,Optimal,Medium,0.05
56,38,Wet,Optimal,Medium,Water Pump OFF,7,Optimal,Optimal,Medium,0.05
56,39,Optimal,Optimal,Medium,Do nothing,10,Optimal,Optimal,Medium,0.05
56,40,Optimal,Optimal,Medium,Do nothing,10,Optimal,Optimal,Medium,0.05
56,41,Optimal,Optimal,Medium,Do nothing,10,Optimal,Optimal,Medium,0.05
56,42,Optimal,Optimal,Medium,Heater ON,10,Optimal,Optimal,Medium,0.05
56,43,Optimal,Optimal,Medium,Do nothing,10,Optimal,Optimal,Medium,0.05
56,44,Optimal,Optimal,Medium,Do nothing,10,Optimal,Optimal,Medium,0.05
56,45,Optimal,Optimal,Medium,Do nothing,10,Optimal,Optimal,Medium,0.05
56,46,Optimal,Optimal,Medium,Do nothing,10,Optimal,Optimal,Medium,0.05
56,47,Optimal,Optimal,Medium,Do nothing,10,Optimal,Optimal,Medium,0.05
56,48,Optimal,Optimal,Medium,Do nothing,10,Optimal,Optimal,Medium,0.05
56,49,Optimal,Optimal,Medium,Water Pump OFF,10,Dry,Optimal,Medium,0.05
56,50,Dry,Optimal,Medium,Water Pump OFF,5,Optimal,Optimal,Medium,0.05
57,1,Wet,High,High,Heater OFF,0,Wet,Optimal,High,0.05
57,2,Wet,Optimal,High,Close shade curtains,3,Wet,Optimal,Medium,0.05
57,3,Wet,Optimal,Medium,Water Pump OFF,7,Optimal,Optimal,Medium,0.05
57,4,Optimal,Optimal,Medium,Do nothing,10,Optimal,Optimal,Medium,0.05
57,5,Optimal,Optimal,Medium,Do nothing,10,Optimal,Optimal,Medium,0.05
57,6,Optimal,Optimal,Medium,Do nothing,10,Optimal,Optimal,Medium,0.05
57,7,Optimal,Optimal,Medium,Do nothing,10,Optimal,Optimal,Medium,0.05
57,8,Optimal,Optimal,Medium,Do nothing,10,Optimal,Optimal,Medium,0.05
57,9,Optimal,Optimal,Medium,Water Pump ON,10,Wet,Optimal,Medium,0.05
57,10,Wet,Optimal,Medium,Water Pump OFF,7,Optimal,Optimal,Medium,0.05
57,11,Optimal,Optimal,Medium,Close shade curtains,10,Optimal,Optimal,Low,0.05
57,12,Optimal,Optimal,Low,Open shade curtains,6,Optimal,Optimal,Medium,0.05
57,13,Optimal,Optimal,Medium,Heater ON,10,Optimal,High,Medium,0.05
57,14,Optimal,High,Medium,Heater OFF,7,Optimal,Optimal,Medium,0.05
57,15,Optimal,Optimal,Medium,Heater ON,10,Optimal,High,High,0.05
57,16,Optimal,High,High,Close shade curtains,3,Optimal,High,Medium,0.05
57,17,Optimal,High,Medium,Heater OFF,7,Optimal,Optimal,Low,0.05
57,18,Optimal,Optimal,Low,Open shade curtains,6,Optimal,Optimal,Medium,0.05
57,19,Optimal,Optimal,Medium,Heater ON,10,Optimal,High,Medium,0.05
57,20,Optimal,High,Medium,Heater OFF,7,Optimal,Optimal,Medium,0.05
57,21,Optimal,Optimal,Medium,Close shade curtains,10,Optimal,Optimal,Low,0.05
57,22,Optimal,Optimal,Low,Open shade curtains,6,Optimal,Optimal,Low,0.05
57,23,Optimal,Optimal,Low,Open shade curtains,6,Optimal,Optimal,Medium,0.05
57,24,Optimal,Optimal,Medium,Close shade curtains,10,Optimal,Optimal,Low,0.05
57,25,Optimal,Optimal,Low,Open shade curtains,6,Optimal,Optimal,Medium,0.05
57,26,Optimal,Optimal,Medium,Close shade curtains,10,Optimal,Optimal,Medium,0.05
57,27,Optimal,Optimal,Medium,Do nothing,10,Optimal,Optimal,Medium,0.05
57,28,Optimal,Optimal,Medium,Do nothing,10,Optimal,Optimal,Medium,0.05
57,29,Optimal,Optimal,Medium,Do nothing,10,Optimal,Optimal,Medium,0.05
57,30,Optimal,Optimal,Medium,Do nothing,10,Optimal,Optimal,Medium,0.05
57,31,Optimal,Optimal,Medium,Do nothing,10,Optimal,Optimal,Medium,0.05
57,32,Optimal,Optimal,Medium,Do nothing,10,Optimal,Optimal,Medium,0.05
57,33,Optimal,Optimal,Medium,Do nothing,10,Optimal,Optimal,Medium,0.05
57,34,Optimal,Optimal,Medium,Close shade curtains,10,Optimal,Optimal,Low,0.05
57,35,Optimal,Optimal,Low,Open shade curtains,6,Optimal,Optimal,Medium,0.05
57,36,Optimal,Optimal,Medium,Do nothing,10,Optimal,Optimal,High,0.05
57,37,Optimal,Optimal,High,Close shade curtains,6,Optimal,Optimal,Medium,0.05
57,38,Optimal,Optimal,Medium,Do nothing,10,Optimal,Optimal,Medium,0.05
57,39,Optimal,Optimal,Medium,Do nothing,10,Optimal,Optimal,Medium,0.05
57,40,Optimal,Optimal,Medium,Do nothing,10,Optimal,Optimal,Medium,0.05
57,41,Optimal,Optimal,Medium,Do nothing,10,Optimal,Optimal,Medium,0.05
57,42,Optimal,Optimal,Medium,Do nothing,10,Optimal,Optimal,Medium,0.05
57,43,Optimal,Optimal,Medium,Do nothing,10,Optimal,Optimal,Medium,0.05
57,44,Optimal,Optimal,Medium,Do nothing,10,Optimal,Optimal,Medium,0.05
57,45,Optimal,Optimal,Medium,Do nothing,10,Optimal,Optimal,Medium,0.05
57,46,Optimal,Optimal,Medium,Do nothing,10,Optimal,Optimal,Medium,0.05
57,47,Optimal,Optimal,Medium,Do nothing,10,Optimal,Optimal,Medium,0.05
57,48,Optimal,Optimal,Medium,Do nothing,10,Optimal,Optimal,Medium,0.05
57,49,Optimal,Optimal,Medium,Do nothing,10,Optimal,Optimal,Medium,0.05
57,50,Optimal,Optimal,Medium,Do nothing,10,Optimal,Optimal,Medium,0.05
58,1,Dry,Optimal,Medium,Water Pump OFF,5,Optimal,Optimal,Medium,0.05
58,2,Optimal,Optimal,Medium,Do nothing,10,Optimal,Optimal,Medium,0.05
58,3,Optimal,Optimal,Medium,Do nothing,10,Optimal,Optimal,Medium,0.05
58,4,Optimal,Optimal,Medium,Do nothing,10,Optimal,Optimal,Medium,0.05
58,5,Optimal,Optimal,Medium,Do nothing,10,Optimal,Optimal,Medium,0.05
58,6,Optimal,Optimal,Medium,Do nothing,10,Optimal,Optimal,Medium,0.05
58,7,Optimal,Optimal,Medium,Do nothing,10,Optimal,Optimal,Medium,0.05
58,8,Optimal,Optimal,Medium,Do nothing,10,Optimal,Optimal,Medium,0.05
58,9,Optimal,Optimal,Medium,Do nothing,10,Optimal,Optimal,Medium,0.05
58,10,Optimal,Optimal,Medium,Do nothing,10,Optimal,Optimal,Medium,0.05
58,11,Optimal,Optimal,Medium,Do nothing,10,Optimal,Optimal,Medium,0.05
58,12,Optimal,Optimal,Medium,Do nothing,10,Optimal,Optimal,Medium,0.05
58,13,Optimal,Optimal,Medium,Do nothing,10,Optimal,Optimal,Medium,0.05
58,14,Optimal,Optimal,Medium,Do nothing,10,Optimal,Optimal,Medium,0.05
58,15,Optimal,Optimal,Medium,Do nothing,10,Optimal,Optimal,Medium,0.05
58,16,Optimal,Optimal,Medium,Do nothing,10,Optimal,Optimal,Medium,0.05
58,17,Optimal,Optimal,Medium,Do nothing,10,Optimal,Optimal,Medium,0.05
58,18,Optimal,Optimal,Medium,Do nothing,10,Optimal,Optimal,Medium,0.05
58,19,Optimal,Optimal,Medium,Do nothing,10,Optimal,Optimal,Medium,0.05
58,20,Optimal,Optimal,Medium,Do nothing,10,Optimal,Optimal,Medium,0.05
58,21,Optimal,Optimal,Medium,Do nothing,10,Optimal,Optimal,Medium,0.05
58,22,Optimal,Optimal,Medium,Do nothing,10,Optimal,Optimal,Medium,0.05
58,23,Optimal,Optimal,Medium,Do nothing,10,Optimal,Optimal,Medium,0.05
58,24,Optimal,Optimal,Medium,Do nothing,10,Optimal,Optimal,Medium,0.05
58,25,Optimal,Optimal,Medium,Do nothing,10,Optimal,Optimal,Medium,0.05
58,26,Optimal,Optimal,Medium,Do nothing,10,Optimal,Optimal,Medium,0.05
58,27,Optimal,Optimal,Medium,Do nothing,10,Optimal,Optimal,Medium,0.05
58,28,Optimal,Optimal,Medium,Do nothing,10,Optimal,Optimal,Medium,0.05
58,29,Optimal,Optimal,Medium,Do nothing,10,Optimal,Optimal,Medium,0.05
58,30,Optimal,Optimal,Medium,Do nothing,10,Optimal,Optimal,Medium,0.05
58,31,Optimal,Optimal,Medium,Do nothing,10,Optimal,Optimal,Medium,0.05
58,32,Optimal,Optimal,Medium,Do nothing,10,Optimal,Optimal,Medium,0.05
58,33,Optimal,Optimal,Medium,Do nothing,10,Optimal,Optimal,Medium,0.05
58,34,Optimal,Optimal,Medium,Do nothing,10,Optimal,Optimal,Medium,0.05
58,35,Optimal,Optimal,Medium,Do nothing,10,Optimal,Optimal,Medium,0.05
58,36,Optimal,Optimal,Medium,Do nothing,10,Optimal,Optimal,Medium,0.05
58,37,Optimal,Optimal,Medium,Do nothing,10,Optimal,Optimal,Low,0.05
58,38,Optimal,Optimal,Low,Open shade curtains,6,Optimal,Optimal,Medium,0.05
58,39,Optimal,Optimal,Medium,Do nothing,10,Optimal,Optimal,Medium,0.05
58,40,Optimal,Optimal,Medium,Do nothing,10,Optimal,Optimal,Medium,0.05
58,41,Optimal,Optimal,Medium,Do nothing,10,Optimal,Optimal,Medium,0.05
58,42,Optimal,Optimal,Medium,Do nothing,10,Optimal,Optimal,Medium,0.05
58,43,Optimal,Optimal,Medium,Do nothing,10,Optimal,Optimal,Medium,0.05
58,44,Optimal,Optimal,Medium,Do nothing,10,Optimal,Optimal,Medium,0.05
58,45,Optimal,Optimal,Medium,Do nothing,10,Optimal,Optimal,Medium,0.05
58,46,Optimal,Optimal,Medium,Do nothing,10,Optimal,Optimal,Medium,0.05
58,47,Optimal,Optimal,Medium,Do nothing,10,Optimal,Optimal,Medium,0.05
58,48,Optimal,Optimal,Medium,Do nothing,10,Optimal,Optimal,Medium,0.05
58,49,Optimal,Optimal,Medium,Do nothing,10,Optimal,Optimal,Low,0.05
58,50,Optimal,Optimal,Low,Open shade curtains,6,Optimal,Optimal,Medium,0.05
59,1,Optimal,Optimal,High,Close shade curtains,6,Optimal,Optimal,Medium,0.05
59,2,Optimal,Optimal,Medium,Do nothing,10,Optimal,Optimal,Medium,0.05
59,3,Optimal,Optimal,Medium,Do nothing,10,Optimal,Optimal,Medium,0.05
59,4,Optimal,Optimal,Medium,Do nothing,10,Optimal,Optimal,Medium,0.05
59,5,Optimal,Optimal,Medium,Do nothing,10,Optimal,Optimal,Medium,0.05
59,6,Optimal,Optimal,Medium,Do nothing,10,Optimal,Optimal,Medium,0.05
59,7,Optimal,Optimal,Medium,Do nothing,10,Optimal,Optimal,Medium,0.05
59,8,Optimal,Optimal,Medium,Do nothing,10,Optimal,Optimal,Medium,0.05
59,9,Optimal,Optimal,Medium,Do nothing,10,Optimal,Optimal,Medium,0.05
59,10,Optimal,Optimal,Medium,Do nothing,10,Optimal,Optimal,Medium,0.05
59,11,Optimal,Optimal,Medium,Do nothing,10,Optimal,Optimal,Medium,0.05
59,12,Optimal,Optimal,Medium,Do nothing,10,Optimal,Optimal,Medium,0.05
59,13,Optimal,Optimal,Medium,Do nothing,10,Optimal,Optimal,Medium,0.05
59,14,Optimal,Optimal,Medium,Do nothing,10,Optimal,Optimal,Medium,0.05
59,15,Optimal,Optimal,Medium,Do nothing,10,Optimal,Optimal,Medium,0.05
59,16,Optimal,Optimal,Medium,Do nothing,10,Optimal,Optimal,Medium,0.05
59,17,Optimal,Optimal,Medium,Do nothing,10,Optimal,Optimal,Medium,0.05
59,18,Optimal,Optimal,Medium,Do nothing,10,Optimal,Optimal,Medium,0.05
59,19,Optimal,Optimal,Medium,Do nothing,10,Optimal,Optimal,Medium,0.05
59,20,Optimal,Optimal,Medium,Do nothing,10,Optimal,Optimal,Medium,0.05
59,21,Optimal,Optimal,Medium,Do nothing,10,Optimal,Optimal,Medium,0.05
59,22,Optimal,Optimal,Medium,Do nothing,10,Optimal,Optimal,Medium,0.05
59,23,Optimal,Optimal,Medium,Do nothing,10,Optimal,Optimal,Medium,0.05
59,24,Optimal,Optimal,Medium,Do nothing,10,Optimal,Optimal,Medium,0.05
59,25,Optimal,Optimal,Medium,Do nothing,10,Optimal,Optimal,Medium,0.05
59,26,Optimal,Optimal,Medium,Do nothing,10,Optimal,Optimal,Medium,0.05
59,27,Optimal,Optimal,Medium,Do nothing,10,Optimal,Optimal,Medium,0.05
59,28,Optimal,Optimal,Medium,Do nothing,10,Optimal,Optimal,Medium,0.05
59,29,Optimal,Optimal,Medium,Do nothing,10,Optimal,Optimal,Medium,0.05
59,30,Optimal,Optimal,Medium,Do nothing,10,Optimal,Optimal,Medium,0.05
59,31,Optimal,Optimal,Medium,Do nothing,10,Optimal,Optimal,Medium,0.05
59,32,Optimal,Optimal,Medium,Do nothing,10,Optimal,Optimal,Medium,0.05
59,33,Optimal,Optimal,Medium,Do nothing,10,Optimal,Optimal,Medium,0.05
59,34,Optimal,Optimal,Medium,Do nothing,10,Optimal,Optimal,Medium,0.05
59,35,Optimal,Optimal,Medium,Do nothing,10,Optimal,Optimal,Medium,0.05
59,36,Optimal,Optimal,Medium,Do nothing,10,Optimal,Optimal,Medium,0.05
59,37,Optimal,Optimal,Medium,Do nothing,10,Optimal,Optimal,Medium,0.05
59,38,Optimal,Optimal,Medium,Do nothing,10,Optimal,Optimal,Medium,0.05
59,39,Optimal,Optimal,Medium,Close shade curtains,10,Optimal,Optimal,Medium,0.05
59,40,Optimal,Optimal,Medium,Close shade curtains,10,Optimal,Optimal,Low,0.05
59,41,Optimal,Optimal,Low,Open shade curtains,6,Optimal,Optimal,Medium,0.05
59,42,Optimal,Optimal,Medium,Do nothing,10,Optimal,Optimal,Medium,0.05
59,43,Optimal,Optimal,Medium,Do nothing,10,Optimal,Optimal,Medium,0.05
59,44,Optimal,Optimal,Medium,Do nothing,10,Optimal,Optimal,Medium,0.05
59,45,Optimal,Optimal,Medium,Do nothing,10,Optimal,Optimal,Medium,0.05
59,46,Optimal,Optimal,Medium,Do nothing,10,Optimal,Optimal,Medium,0.05
59,47,Optimal,Optimal,Medium,Do nothing,10,Optimal,Optimal,Medium,0.05
59,48,Optimal,Optimal,Medium,Do nothing,10,Optimal,Optimal,Medium,0.05
59,49,Optimal,Optimal,Medium,Do nothing,10,Optimal,Optimal,Medium,0.05
59,50,Optimal,Optimal,Medium,Do nothing,10,Optimal,Optimal,Medium,0.05
60,1,Wet,Optimal,High,Close shade curtains,3,Wet,Optimal,Medium,0.05
60,2,Wet,Optimal,Medium,Water Pump OFF,7,Optimal,Optimal,Medium,0.05
60,3,Optimal,Optimal,Medium,Close shade curtains,10,Optimal,Optimal,Low,0.05
60,4,Optimal,Optimal,Low,Open shade curtains,6,Optimal,Optimal,Medium,0.05
60,5,Optimal,Optimal,Medium,Close shade curtains,10,Optimal,Optimal,Low,0.05
60,6,Optimal,Optimal,Low,Open shade curtains,6,Optimal,Optimal,Medium,0.05
60,7,Optimal,Optimal,Medium,Close shade curtains,10,Optimal,Optimal,High,0.05
60,8,Optimal,Optimal,High,Close shade curtains,6,Optimal,Optimal,High,0.05
60,9,Optimal,Optimal,High,Close shade curtains,6,Optimal,Optimal,Medium,0.05
60,10,Optimal,Optimal,Medium,Do nothing,10,Optimal,Optimal,Medium,0.05
60,11,Optimal,Optimal,Medium,Close shade curtains,10,Optimal,Optimal,Low,0.05
60,12,Optimal,Optimal,Low,Open shade curtains,6,Optimal,Optimal,Medium,0.05
60,13,Optimal,Optimal,Medium,Do nothing,10,Optimal,Optimal,Medium,0.05
60,14,Optimal,Optimal,Medium,Do nothing,10,Optimal,Optimal,Medium,0.05
60,15,Optimal,Optimal,Medium,Do nothing,10,Optimal,Optimal,Medium,0.05
60,16,Optimal,Optimal,Medium,Do nothing,10,Optimal,Optimal,Medium,0.05
60,17,Optimal,Optimal,Medium,Do nothing,10,Optimal,Optimal,Low,0.05
60,18,Optimal,Optimal,Low,Open shade curtains,6,Optimal,Optimal,Medium,0.05
60,19,Optimal,Optimal,Medium,Do nothing,10,Optimal,Optimal,Medium,0.05
60,20,Optimal,Optimal,Medium,Do nothing,10,Optimal,Optimal,Medium,0.05
60,21,Optimal,Optimal,Medium,Do nothing,10,Optimal,Optimal,Medium,0.05
60,22,Optimal,Optimal,Medium,Do nothing,10,Optimal,Optimal,Medium,0.05
60,23,Optimal,Optimal,Medium,Do nothing,10,Optimal,Optimal,Medium,0.05
60,24,Optimal,Optimal,Medium,Do nothing,10,Optimal,Optimal,Medium,0.05
60,25,Optimal,Optimal,Medium,Do nothing,10,Optimal,Optimal,Medium,0.05
60,26,Optimal,Optimal,Medium,Do nothing,10,Optimal,Optimal,Medium,0.05
60,27,Optimal,Optimal,Medium,Do nothing,10,Optimal,Optimal,Low,0.05
60,28,Optimal,Optimal,Low,Open shade curtains,6,Optimal,Optimal,Medium,0.05
60,29,Optimal,Optimal,Medium,Do nothing,10,Optimal,Optimal,Medium,0.05
60,30,Optimal,Optimal,Medium,Open shade curtains,10,Optimal,Optimal,Medium,0.05
60,31,Optimal,Optimal,Medium,Do nothing,10,Optimal,Optimal,Medium,0.05
60,32,Optimal,Optimal,Medium,Do nothing,10,Optimal,Optimal,Medium,0.05
60,33,Optimal,Optimal,Medium,Open shade curtains,10,Optimal,Optimal,High,0.05
60,34,Optimal,Optimal,High,Close shade curtains,6,Optimal,Optimal,Medium,0.05
60,35,Optimal,Optimal,Medium,Do nothing,10,Optimal,Optimal,Medium,0.05
60,36,Optimal,Optimal,Medium,Do nothing,10,Optimal,Optimal,Medium,0.05
60,37,Optimal,Optimal,Medium,Do nothing,10,Optimal,Optimal,Medium,0.05
60,38,Optimal,Optimal,Medium,Do nothing,10,Optimal,Optimal,Medium,0.05
60,39,Optimal,Optimal,Medium,Do nothing,10,Optimal,Optimal,Medium,0.05
60,40,Optimal,Optimal,Medium,Do nothing,10,Optimal,Optimal,Medium,0.05
60,41,Optimal,Optimal,Medium,Water Pump OFF,10,Dry,Optimal,Medium,0.05
60,42,Dry,Optimal,Medium,Water Pump OFF,5,Optimal,Optimal,Medium,0.05
60,43,Optimal,Optimal,Medium,Do nothing,10,Optimal,Optimal,Medium,0.05
60,44,Optimal,Optimal,Medium,Do nothing,10,Optimal,Optimal,Medium,0.05
60,45,Optimal,Optimal,Medium,Do nothing,10,Optimal,Optimal,Medium,0.05
60,46,Optimal,Optimal,Medium,Do nothing,10,Optimal,Optimal,Medium,0.05
60,47,Optimal,Optimal,Medium,Do nothing,10,Optimal,Optimal,Medium,0.05
60,48,Optimal,Optimal,Medium,Do nothing,10,Optimal,Optimal,Medium,0.05
60,49,Optimal,Optimal,Medium,Do nothing,10,Optimal,Optimal,Medium,0.05
60,50,Optimal,Optimal,Medium,Do nothing,10,Optimal,Optimal,Medium,0.05
61,1,Wet,Optimal,Low,Water Pump OFF,3,Optimal,Optimal,Low,0.05
61,2,Optimal,Optimal,Low,Open shade curtains,6,Optimal,Optimal,Medium,0.05
61,3,Optimal,Optimal,Medium,Do nothing,10,Optimal,Optimal,Medium,0.05
61,4,Optimal,Optimal,Medium,Do nothing,10,Optimal,Optimal,Medium,0.05
61,5,Optimal,Optimal,Medium,Do nothing,10,Optimal,Optimal,High,0.05
61,6,Optimal,Optimal,High,Close shade curtains,6,Optimal,Optimal,Medium,0.05
61,7,Optimal,Optimal,Medium,Do nothing,10,Optimal,Optimal,Medium,0.05
61,8,Optimal,Optimal,Medium,Do nothing,10,Optimal,Optimal,Medium,0.05
61,9,Optimal,Optimal,Medium,Do nothing,10,Optimal,Optimal,Low,0.05
61,10,Optimal,Optimal,Low,Open shade curtains,6,Optimal,Optimal,Medium,0.05
61,11,Optimal,Optimal,Medium,Do nothing,10,Optimal,Optimal,Low,0.05
61,12,Optimal,Optimal,Low,Open shade curtains,6,Optimal,Optimal,Medium,0.05
61,13,Optimal,Optimal,Medium,Water Pump ON,10,Wet,Optimal,Medium,0.05
61,14,Wet,Optimal,Medium,Water Pump OFF,7,Optimal,Optimal,Low,0.05
61,15,Optimal,Optimal,Low,Open shade curtains,6,Optimal,Optimal,Medium,0.05
61,16,Optimal,Optimal,Medium,Water Pump ON,10,Wet,Optimal,Medium,0.05
61,17,Wet,Optimal,Medium,Water Pump OFF,7,Optimal,Optimal,Medium,0.05
61,18,Optimal,Optimal,Medium,Water Pump ON,10,Wet,Optimal,Medium,0.05
61,19,Wet,Optimal,Medium,Water Pump OFF,7,Optimal,Optimal,Medium,0.05
61,20,Optimal,Optimal,Medium,Water Pump ON,10,Wet,Optimal,Medium,0.05
61,21,Wet,Optimal,Medium,Water Pump OFF,7,Optimal,Optimal,Medium,0.05
61,22,Optimal,Optimal,Medium,Water Pump ON,10,Wet,Optimal,Medium,0.05
61,23,Wet,Optimal,Medium,Water Pump OFF,7,Wet,Optimal,Medium,0.05
61,24,Wet,Optimal,Medium,Water Pump OFF,7,Wet,Optimal,Medium,0.05
61,25,Wet,Optimal,Medium,Water Pump OFF,7,Optimal,Optimal,Medium,0.05
61,26,Optimal,Optimal,Medium,Water Pump ON,10,Wet,Optimal,Medium,0.05
61,27,Wet,Optimal,Medium,Water Pump OFF,7,Optimal,Optimal,Medium,0.05
61,28,Optimal,Optimal,Medium,Water Pump ON,10,Optimal,Optimal,Medium,0.05
61,29,Optimal,Optimal,Medium,Water Pump ON,10,Wet,Optimal,Medium,0.05
61,30,Wet,Optimal,Medium,Water Pump OFF,7,Optimal,Optimal,Medium,0.05
61,31,Optimal,Optimal,Medium,Close shade curtains,10,Optimal,Optimal,Low,0.05
61,32,Optimal,Optimal,Low,Open shade curtains,6,Optimal,Optimal,Low,0.05
61,33,Optimal,Optimal,Low,Open shade curtains,6,Optimal,Optimal,Medium,0.05
61,34,Optimal,Optimal,Medium,Close shade curtains,10,Optimal,Optimal,Low,0.05
61,35,Optimal,Optimal,Low,Open shade curtains,6,Optimal,Optimal,Medium,0.05
61,36,Optimal,Optimal,Medium,Close shade curtains,10,Optimal,Optimal,Medium,0.05
61,37,Optimal,Optimal,Medium,Close shade curtains,10,Optimal,Optimal,Low,0.05
61,38,Optimal,Optimal,Low,Open shade curtains,6,Optimal,Optimal,Medium,0.05
61,39,Optimal,Optimal,Medium,Close shade curtains,10,Optimal,Optimal,Low,0.05
61,40,Optimal,Optimal,Low,Open shade curtains,6,Optimal,Optimal,Medium,0.05
61,41,Optimal,Optimal,Medium,Do nothing,10,Optimal,Optimal,Medium,0.05
61,42,Optimal,Optimal,Medium,Do nothing,10,Optimal,Optimal,Medium,0.05
61,43,Optimal,Optimal,Medium,Do nothing,10,Optimal,Optimal,Medium,0.05
61,44,Optimal,Optimal,Medium,Do nothing,10,Optimal,Optimal,Medium,0.05
61,45,Optimal,Optimal,Medium,Do nothing,10,Optimal,Optimal,Medium,0.05
61,46,Optimal,Optimal,Medium,Do nothing,10,Optimal,Optimal,Medium,0.05
61,47,Optimal,Optimal,Medium,Do nothing,10,Optimal,Optimal,Medium,0.05
61,48,Optimal,Optimal,Medium,Do nothing,10,Optimal,Optimal,Medium,0.05
61,49,Optimal,Optimal,Medium,Do nothing,10,Optimal,Optimal,Medium,0.05
61,50,Optimal,Optimal,Medium,Do nothing,10,Optimal,Optimal,Medium,0.05
62,1,Wet,Low,Medium,Water Pump OFF,4,Wet,Low,Medium,0.05
62,2,Wet,Low,Medium,Water Pump OFF,4,Optimal,Low,Medium,0.05
62,3,Optimal,Low,Medium,Heater OFF,7,Optimal,Optimal,Medium,0.05
62,4,Optimal,Optimal,Medium,Do nothing,10,Optimal,Optimal,Medium,0.05
62,5,Optimal,Optimal,Medium,Do nothing,10,Optimal,Optimal,Medium,0.05
62,6,Optimal,Optimal,Medium,Do nothing,10,Optimal,Optimal,Medium,0.05
62,7,Optimal,Optimal,Medium,Do nothing,10,Optimal,Optimal,Medium,0.05
62,8,Optimal,Optimal,Medium,Do nothing,10,Optimal,Optimal,Medium,0.05
62,9,Optimal,Optimal,Medium,Do nothing,10,Optimal,Optimal,Medium,0.05
62,10,Optimal,Optimal,Medium,Do nothing,10,Optimal,Optimal,Medium,0.05
62,11,Optimal,Optimal,Medium,Do nothing,10,Optimal,Optimal,Medium,0.05
62,12,Optimal,Optimal,Medium,Do nothing,10,Optimal,Optimal,Medium,0.05
62,13,Optimal,Optimal,Medium,Do nothing,10,Optimal,Optimal,Medium,0.05
62,14,Optimal,Optimal,Medium,Do nothing,10,Optimal,Optimal,Medium,0.05
62,15,Optimal,Optimal,Medium,Do nothing,10,Optimal,Optimal,Medium,0.05
62,16,Optimal,Optimal,Medium,Do nothing,10,Optimal,Optimal,Medium,0.05
62,17,Optimal,Optimal,Medium,Do nothing,10,Optimal,Optimal,Medium,0.05
62,18,Optimal,Optimal,Medium,Do nothing,10,Optimal,Optimal,Medium,0.05
62,19,Optimal,Optimal,Medium,Do nothing,10,Optimal,Optimal,Medium,0.05
62,20,Optimal,Optimal,Medium,Do nothing,10,Optimal,Optimal,Medium,0.05
62,21,Optimal,Optimal,Medium,Heater OFF,10,Optimal,Low,Medium,0.05
62,22,Optimal,Low,Medium,Water Pump ON,7,Wet,Low,Medium,0.05
62,23,Wet,Low,Medium,Heater OFF,4,Wet,Optimal,Medium,0.05
62,24,Wet,Optimal,Medium,Water Pump OFF,7,Optimal,Optimal,Medium,0.05
62,25,Optimal,Optimal,Medium,Do nothing,10,Optimal,Optimal,Medium,0.05
62,26,Optimal,Optimal,Medium,Do nothing,10,Optimal,Optimal,Medium,0.05
62,27,Optimal,Optimal,Medium,Do nothing,10,Optimal,Optimal,Medium,0.05
62,28,Optimal,Optimal,Medium,Do nothing,10,Optimal,Optimal,Medium,0.05
62,29,Optimal,Optimal,Medium,Do nothing,10,Optimal,Optimal,Medium,0.05
62,30,Optimal,Optimal,Medium,Do nothing,10,Optimal,Optimal,Medium,0.05
62,31,Optimal,Optimal,Medium,Do nothing,10,Optimal,Optimal,Medium,0.05
62,32,Optimal,Optimal,Medium,Do nothing,10,Optimal,Optimal,Medium,0.05
62,33,Optimal,Optimal,Medium,Do nothing,10,Optimal,Optimal,Medium,0.05
62,34,Optimal,Optimal,Medium,Do nothing,10,Optimal,Optimal,Medium,0.05
62,35,Optimal,Optimal,Medium,Do nothing,10,Optimal,Optimal,Medium,0.05
62,36,Optimal,Optimal,Medium,Do nothing,10,Optimal,Optimal,Medium,0.05
62,37,Optimal,Optimal,Medium,Do nothing,10,Optimal,Optimal,Medium,0.05
62,38,Optimal,Optimal,Medium,Do nothing,10,Optimal,Optimal,Medium,0.05
62,39,Optimal,Optimal,Medium,Do nothing,10,Optimal,Optimal,Medium,0.05
62,40,Optimal,Optimal,Medium,Do nothing,10,Optimal,Optimal,Medium,0.05
62,41,Optimal,Optimal,Medium,Do nothing,10,Optimal,Optimal,Low,0.05
62,42,Optimal,Optimal,Low,Open shade curtains,6,Optimal,Optimal,Medium,0.05
62,43,Optimal,Optimal,Medium,Do nothing,10,Optimal,Optimal,Medium,0.05
62,44,Optimal,Optimal,Medium,Heater OFF,10,Optimal,Low,Medium,0.05
62,45,Optimal,Low,Medium,Heater OFF,7,Optimal,Optimal,Medium,0.05
62,46,Optimal,Optimal,Medium,Heater OFF,10,Optimal,Low,Medium,0.05
62,47,Optimal,Low,Medium,Heater OFF,7,Optimal,Optimal,Medium,0.05
62,48,Optimal,Optimal,Medium,Water Pump ON,10,Wet,Optimal,Medium,0.05
62,49,Wet,Optimal,Medium,Water Pump OFF,7,Optimal,Optimal,Medium,0.05
62,50,Optimal,Optimal,Medium,Heater OFF,10,Optimal,Low,Medium,0.05
63,1,Optimal,Low,Medium,Heater OFF,7,Optimal,Optimal,Medium,0.05
63,2,Optimal,Optimal,Medium,Water Pump OFF,10,Dry,Optimal,Medium,0.05
63,3,Dry,Optimal,Medium,Heater ON,7,Dry,Optimal,Medium,0.05
63,4,Dry,Optimal,Medium,Water Pump ON,7,Optimal,Optimal,Medium,0.05
63,5,Optimal,Optimal,Medium,Heater OFF,10,Optimal,Low,Medium,0.05
63,6,Optimal,Low,Medium,Heater OFF,7,Optimal,Optimal,Medium,0.05
63,7,Optimal,Optimal,Medium,Water Pump ON,10,Wet,Optimal,Medium,0.05
63,8,Wet,Optimal,Medium,Water Pump OFF,7,Optimal,Optimal,Medium,0.05
63,9,Optimal,Optimal,Medium,Water Pump ON,10,Wet,Optimal,Medium,0.05
63,10,Wet,Optimal,Medium,Water Pump OFF,7,Optimal,Optimal,Medium,0.05
63,11,Optimal,Optimal,Medium,Water Pump ON,10,Wet,Optimal,Medium,0.05
63,12,Wet,Optimal,Medium,Water Pump OFF,7,Optimal,Optimal,High,0.05
63,13,Optimal,Optimal,High,Close shade curtains,6,Optimal,Optimal,Medium,0.05
63,14,Optimal,Optimal,Medium,Water Pump ON,10,Wet,Optimal,Medium,0.05
63,15,Wet,Optimal,Medium,Water Pump OFF,7,Wet,Optimal,Medium,0.05
63,16,Wet,Optimal,Medium,Water Pump OFF,7,Optimal,Optimal,Medium,0.05
63,17,Optimal,Optimal,Medium,Water Pump ON,10,Wet,Optimal,Medium,0.05
63,18,Wet,Optimal,Medium,Water Pump OFF,7,Optimal,Optimal,Medium,0.05
63,19,Optimal,Optimal,Medium,Water Pump ON,10,Wet,Optimal,Medium,0.05
63,20,Wet,Optimal,Medium,Water Pump OFF,7,Wet,Optimal,Medium,0.05
63,21,Wet,Optimal,Medium,Water Pump OFF,7,Optimal,Optimal,Medium,0.05
63,22,Optimal,Optimal,Medium,Heater ON,10,Optimal,High,High,0.05
63,23,Optimal,High,High,Heater OFF,3,Optimal,Optimal,High,0.05
63,24,Optimal,Optimal,High,Close shade curtains,6,Optimal,Optimal,Medium,0.05
63,25,Optimal,Optimal,Medium,Open shade curtains,10,Optimal,Optimal,High,0.05
63,26,Optimal,Optimal,High,Close shade curtains,6,Optimal,Optimal,High,0.05
63,27,Optimal,Optimal,High,Close shade curtains,6,Optimal,Optimal,Medium,0.05
63,28,Optimal,Optimal,Medium,Open shade curtains,10,Optimal,Optimal,High,0.05
63,29,Optimal,Optimal,High,Close shade curtains,6,Optimal,Optimal,Medium,0.05
63,30,Optimal,Optimal,Medium,Open shade curtains,10,Optimal,Optimal,High,0.05
63,31,Optimal,Optimal,High,Close shade curtains,6,Optimal,Optimal,High,0.05
63,32,Optimal,Optimal,High,Close shade curtains,6,Optimal,Optimal,Medium,0.05
63,33,Optimal,Optimal,Medium,Open shade curtains,10,Optimal,Optimal,High,0.05
63,34,Optimal,Optimal,High,Close shade curtains,6,Optimal,Optimal,Medium,0.05
63,35,Optimal,Optimal,Medium,Open shade curtains,10,Optimal,Optimal,High,0.05
63,36,Optimal,Optimal,High,Close shade curtains,6,Optimal,Optimal,Medium,0.05
63,37,Optimal,Optimal,Medium,Heater ON,10,Optimal,Optimal,Medium,0.05
63,38,Optimal,Optimal,Medium,Heater ON,10,Optimal,High,Medium,0.05
63,39,Optimal,High,Medium,Heater OFF,7,Optimal,Optimal,Medium,0.05
63,40,Optimal,Optimal,Medium,Heater ON,10,Optimal,High,Medium,0.05
63,41,Optimal,High,Medium,Heater OFF,7,Optimal,High,Medium,0.05
63,42,Optimal,High,Medium,Heater OFF,7,Optimal,Optimal,Medium,0.05
63,43,Optimal,Optimal,Medium,Heater ON,10,Optimal,High,High,0.05
63,44,Optimal,High,High,Heater ON,-2,Optimal,High,High,0.05
63,45,Optimal,High,High,Heater ON,-2,Optimal,High,High,0.05
63,46,Optimal,High,High,Heater ON,-2,Optimal,High,High,0.05
63,47,Optimal,High,High,Heater ON,-2,Optimal,High,High,0.05
63,48,Optimal,High,High,Heater ON,-2,Optimal,High,High,0.05
63,49,Optimal,High,High,Heater OFF,3,Optimal,Optimal,High,0.05
63,50,Optimal,Optimal,High,Close shade curtains,6,Optimal,Optimal,Medium,0.05
64,1,Dry,Optimal,Medium,Water Pump OFF,5,Optimal,Optimal,Medium,0.05
64,2,Optimal,Optimal,Medium,Open shade curtains,10,Optimal,Optimal,High,0.05
64,3,Optimal,Optimal,High,Close shade curtains,6,Optimal,Optimal,Medium,0.05
64,4,Optimal,Optimal,Medium,Open shade curtains,10,Optimal,Optimal,High,0.05
64,5,Optimal,Optimal,High,Close shade curtains,6,Optimal,Optimal,Medium,0.05
64,6,Optimal,Optimal,Medium,Open shade curtains,10,Optimal,Optimal,High,0.05
64,7,Optimal,Optimal,High,Close shade curtains,6,Optimal,Optimal,Medium,0.05
64,8,Optimal,Optimal,Medium,Open shade curtains,10,Optimal,Optimal,Medium,0.05
64,9,Optimal,Optimal,Medium,Open shade curtains,10,Optimal,Optimal,High,0.05
64,10,Optimal,Optimal,High,Close shade curtains,6,Optimal,Optimal,Medium,0.05
64,11,Optimal,Optimal,Medium,Open shade curtains,10,Optimal,Optimal,Medium,0.05
64,12,Optimal,Optimal,Medium,Open shade curtains,10,Optimal,Optimal,High,0.05
64,13,Optimal,Optimal,High,Close shade curtains,6,Optimal,Optimal,Medium,0.05
64,14,Optimal,Optimal,Medium,Open shade curtains,10,Optimal,Optimal,High,0.05
64,15,Optimal,Optimal,High,Close shade curtains,6,Optimal,Optimal,Medium,0.05
64,16,Optimal,Optimal,Medium,Open shade curtains,10,Optimal,Optimal,High,0.05
64,17,Optimal,Optimal,High,Close shade curtains,6,Optimal,Optimal,Medium,0.05
64,18,Optimal,Optimal,Medium,Open shade curtains,10,Optimal,Optimal,High,0.05
64,19,Optimal,Optimal,High,Close shade curtains,6,Optimal,Optimal,Medium,0.05
64,20,Optimal,Optimal,Medium,Open shade curtains,10,Optimal,Optimal,High,0.05
64,21,Optimal,Optimal,High,Close shade curtains,6,Optimal,Optimal,High,0.05
64,22,Optimal,Optimal,High,Close shade curtains,6,Optimal,Optimal,Medium,0.05
64,23,Optimal,Optimal,Medium,Open shade curtains,10,Optimal,Optimal,High,0.05
64,24,Optimal,Optimal,High,Close shade curtains,6,Optimal,Optimal,Medium,0.05
64,25,Optimal,Optimal,Medium,Open shade curtains,10,Optimal,Optimal,High,0.05
64,26,Optimal,Optimal,High,Open shade curtains,6,Optimal,Optimal,High,0.05
64,27,Optimal,Optimal,High,Close shade curtains,6,Optimal,Optimal,Medium,0.05
64,28,Optimal,Optimal,Medium,Open shade curtains,10,Optimal,Optimal,Medium,0.05
64,29,Optimal,Optimal,Medium,Open shade curtains,10,Optimal,Optimal,High,0.05
64,30,Optimal,Optimal,High,Close shade curtains,6,Optimal,Optimal,Medium,0.05
64,31,Optimal,Optimal,Medium,Open shade curtains,10,Optimal,Optimal,High,0.05
64,32,Optimal,Optimal,High,Close shade curtains,6,Optimal,Optimal,Medium,0.05
64,33,Optimal,Optimal,Medium,Open shade curtains,10,Optimal,Optimal,High,0.05
64,34,Optimal,Optimal,High,Close shade curtains,6,Optimal,Optimal,Medium,0.05
64,35,Optimal,Optimal,Medium,Open shade curtains,10,Optimal,Optimal,High,0.05
64,36,Optimal,Optimal,High,Close shade curtains,6,Optimal,Optimal,Medium,0.05
64,37,Optimal,Optimal,Medium,Open shade curtains,10,Optimal,Optimal,High,0.05
64,38,Optimal,Optimal,High,Close shade curtains,6,Optimal,Optimal,Medium,0.05
64,39,Optimal,Optimal,Medium,Open shade curtains,10,Optimal,Optimal,High,0.05
64,40,Optimal,Optimal,High,Close shade curtains,6,Optimal,Optimal,High,0.05
64,41,Optimal,Optimal,High,Close shade curtains,6,Optimal,Optimal,Medium,0.05
64,42,Optimal,Optimal,Medium,Open shade curtains,10,Optimal,Optimal,High,0.05
64,43,Optimal,Optimal,High,Close shade curtains,6,Optimal,Optimal,High,0.05
64,44,Optimal,Optimal,High,Close shade curtains,6,Optimal,Optimal,Medium,0.05
64,45,Optimal,Optimal,Medium,Open shade curtains,10,Optimal,Optimal,High,0.05
64,46,Optimal,Optimal,High,Close shade curtains,6,Optimal,Optimal,Medium,0.05
64,47,Optimal,Optimal,Medium,Open shade curtains,10,Optimal,Optimal,High,0.05
64,48,Optimal,Optimal,High,Close shade curtains,6,Optimal,Optimal,Medium,0.05
64,49,Optimal,Optimal,Medium,Open shade curtains,10,Optimal,Optimal,High,0.05
64,50,Optimal,Optimal,High,Close shade curtains,6,Optimal,Optimal,Medium,0.05
65,1,Wet,Optimal,Medium,Water Pump OFF,7,Optimal,Optimal,Medium,0.05
65,2,Optimal,Optimal,Medium,Open shade curtains,10,Optimal,Optimal,Medium,0.05
65,3,Optimal,Optimal,Medium,Open shade curtains,10,Optimal,Optimal,Medium,0.05
65,4,Optimal,Optimal,Medium,Open shade curtains,10,Optimal,Optimal,High,0.05
65,5,Optimal,Optimal,High,Close shade curtains,6,Optimal,Optimal,Medium,0.05
65,6,Optimal,Optimal,Medium,Open shade curtains,10,Optimal,Optimal,High,0.05
65,7,Optimal,Optimal,High,Close shade curtains,6,Optimal,Optimal,Medium,0.05
65,8,Optimal,Optimal,Medium,Open shade curtains,10,Optimal,Optimal,High,0.05
65,9,Optimal,Optimal,High,Close shade curtains,6,Optimal,Optimal,Medium,0.05
65,10,Optimal,Optimal,Medium,Open shade curtains,10,Optimal,Optimal,High,0.05
65,11,Optimal,Optimal,High,Close shade curtains,6,Optimal,Optimal,Medium,0.05
65,12,Optimal,Optimal,Medium,Open shade curtains,10,Optimal,Optimal,High,0.05
65,13,Optimal,Optimal,High,Close shade curtains,6,Optimal,Optimal,Medium,0.05
65,14,Optimal,Optimal,Medium,Open shade curtains,10,Optimal,Optimal,Medium,0.05
65,15,Optimal,Optimal,Medium,Open shade curtains,10,Optimal,Optimal,High,0.05
65,16,Optimal,Optimal,High,Close shade curtains,6,Optimal,Optimal,Medium,0.05
65,17,Optimal,Optimal,Medium,Open shade curtains,10,Optimal,Optimal,Medium,0.05
65,18,Optimal,Optimal,Medium,Open shade curtains,10,Optimal,Optimal,High,0.05
65,19,Optimal,Optimal,High,Close shade curtains,6,Optimal,Optimal,Medium,0.05
65,20,Optimal,Optimal,Medium,Open shade curtains,10,Optimal,Optimal,High,0.05
65,21,Optimal,Optimal,High,Close shade curtains,6,Optimal,Optimal,Medium,0.05
65,22,Optimal,Optimal,Medium,Open shade curtains,10,Optimal,Optimal,High,0.05
65,23,Optimal,Optimal,High,Close shade curtains,6,Optimal,Optimal,Medium,0.05
65,24,Optimal,Optimal,Medium,Open shade curtains,10,Optimal,Optimal,High,0.05
65,25,Optimal,Optimal,High,Water Pump OFF,6,Dry,Optimal,High,0.05
65,26,Dry,Optimal,High,Close shade curtains,3,Dry,Optimal,Medium,0.05
65,27,Dry,Optimal,Medium,Open shade curtains,7,Dry,Optimal,High,0.05
65,28,Dry,Optimal,High,Close shade curtains,3,Dry,Optimal,High,0.05
65,29,Dry,Optimal,High,Close shade curtains,3,Dry,Optimal,High,0.05
65,30,Dry,Optimal,High,Close shade curtains,3,Dry,Optimal,Medium,0.05
65,31,Dry,Optimal,Medium,Water Pump OFF,5,Optimal,Optimal,Medium,0.05
65,32,Optimal,Optimal,Medium,Open shade curtains,10,Optimal,Optimal,High,0.05
65,33,Optimal,Optimal,High,Close shade curtains,6,Optimal,Optimal,Medium,0.05
65,34,Optimal,Optimal,Medium,Open shade curtains,10,Optimal,Optimal,High,0.05
65,35,Optimal,Optimal,High,Close shade curtains,6,Optimal,Optimal,Medium,0.05
65,36,Optimal,Optimal,Medium,Open shade curtains,10,Optimal,Optimal,High,0.05
65,37,Optimal,Optimal,High,Close shade curtains,6,Optimal,Optimal,Medium,0.05
65,38,Optimal,Optimal,Medium,Open shade curtains,10,Optimal,Optimal,High,0.05
65,39,Optimal,Optimal,High,Close shade curtains,6,Optimal,Optimal,Medium,0.05
65,40,Optimal,Optimal,Medium,Open shade curtains,10,Optimal,Optimal,High,0.05
65,41,Optimal,Optimal,High,Close shade curtains,6,Optimal,Optimal,Medium,0.05
65,42,Optimal,Optimal,Medium,Open shade curtains,10,Optimal,Optimal,High,0.05
65,43,Optimal,Optimal,High,Close shade curtains,6,Optimal,Optimal,Medium,0.05
65,44,Optimal,Optimal,Medium,Open shade curtains,10,Optimal,Optimal,High,0.05
65,45,Optimal,Optimal,High,Close shade curtains,6,Optimal,Optimal,Medium,0.05
65,46,Optimal,Optimal,Medium,Open shade curtains,10,Optimal,Optimal,High,0.05
65,47,Optimal,Optimal,High,Close shade curtains,6,Optimal,Optimal,Medium,0.05
65,48,Optimal,Optimal,Medium,Open shade curtains,10,Optimal,Optimal,High,0.05
65,49,Optimal,Optimal,High,Close shade curtains,6,Optimal,Optimal,Medium,0.05
65,50,Optimal,Optimal,Medium,Open shade curtains,10,Optimal,Optimal,High,0.05
66,1,Wet,Optimal,Medium,Water Pump OFF,7,Optimal,Optimal,Medium,0.05
66,2,Optimal,Optimal,Medium,Open shade curtains,10,Optimal,Optimal,High,0.05
66,3,Optimal,Optimal,High,Close shade curtains,6,Optimal,Optimal,Medium,0.05
66,4,Optimal,Optimal,Medium,Open shade curtains,10,Optimal,Optimal,Medium,0.05
66,5,Optimal,Optimal,Medium,Open shade curtains,10,Optimal,Optimal,Low,0.05
66,6,Optimal,Optimal,Low,Open shade curtains,6,Optimal,Optimal,Medium,0.05
66,7,Optimal,Optimal,Medium,Open shade curtains,10,Optimal,Optimal,High,0.05
66,8,Optimal,Optimal,High,Close shade curtains,6,Optimal,Optimal,Medium,0.05
66,9,Optimal,Optimal,Medium,Open shade curtains,10,Optimal,Optimal,High,0.05
66,10,Optimal,Optimal,High,Close shade curtains,6,Optimal,Optimal,Medium,0.05
66,11,Optimal,Optimal,Medium,Open shade curtains,10,Optimal,Optimal,Medium,0.05
66,12,Optimal,Optimal,Medium,Open shade curtains,10,Optimal,Optimal,Medium,0.05
66,13,Optimal,Optimal,Medium,Open shade curtains,10,Optimal,Optimal,High,0.05
66,14,Optimal,Optimal,High,Close shade curtains,6,Optimal,Optimal,Medium,0.05
66,15,Optimal,Optimal,Medium,Open shade curtains,10,Optimal,Optimal,High,0.05
66,16,Optimal,Optimal,High,Close shade curtains,6,Optimal,Optimal,Medium,0.05
66,17,Optimal,Optimal,Medium,Open shade curtains,10,Optimal,Optimal,High,0.05
66,18,Optimal,Optimal,High,Open shade curtains,6,Optimal,Optimal,Low,0.05
66,19,Optimal,Optimal,Low,Open shade curtains,6,Optimal,Optimal,Medium,0.05
66,20,Optimal,Optimal,Medium,Open shade curtains,10,Optimal,Optimal,Medium,0.05
66,21,Optimal,Optimal,Medium,Open shade curtains,10,Optimal,Optimal,Medium,0.05
66,22,Optimal,Optimal,Medium,Open shade curtains,10,Optimal,Optimal,Medium,0.05
66,23,Optimal,Optimal,Medium,Open shade curtains,10,Optimal,Optimal,High,0.05
66,24,Optimal,Optimal,High,Close shade curtains,6,Optimal,Optimal,Medium,0.05
66,25,Optimal,Optimal,Medium,Open shade curtains,10,Optimal,Optimal,High,0.05
66,26,Optimal,Optimal,High,Close shade curtains,6,Optimal,Optimal,High,0.05
66,27,Optimal,Optimal,High,Close shade curtains,6,Optimal,Optimal,Medium,0.05
66,28,Optimal,Optimal,Medium,Open shade curtains,10,Optimal,Optimal,High,0.05
66,29,Optimal,Optimal,High,Close shade curtains,6,Optimal,Optimal,Medium,0.05
66,30,Optimal,Optimal,Medium,Open shade curtains,10,Optimal,Optimal,High,0.05
66,31,Optimal,Optimal,High,Close shade curtains,6,Optimal,Optimal,Medium,0.05
66,32,Optimal,Optimal,Medium,Open shade curtains,10,Optimal,Optimal,High,0.05
66,33,Optimal,Optimal,High,Close shade curtains,6,Optimal,Optimal,Medium,0.05
66,34,Optimal,Optimal,Medium,Open shade curtains,10,Optimal,Optimal,High,0.05
66,35,Optimal,Optimal,High,Close shade curtains,6,Optimal,Optimal,Medium,0.05
66,36,Optimal,Optimal,Medium,Open shade curtains,10,Optimal,Optimal,High,0.05
66,37,Optimal,Optimal,High,Close shade curtains,6,Optimal,Optimal,Medium,0.05
66,38,Optimal,Optimal,Medium,Open shade curtains,10,Optimal,Optimal,Medium,0.05
66,39,Optimal,Optimal,Medium,Open shade curtains,10,Optimal,Optimal,High,0.05
66,40,Optimal,Optimal,High,Close shade curtains,6,Optimal,Optimal,Medium,0.05
66,41,Optimal,Optimal,Medium,Open shade curtains,10,Optimal,Optimal,High,0.05
66,42,Optimal,Optimal,High,Close shade curtains,6,Optimal,Optimal,Medium,0.05
66,43,Optimal,Optimal,Medium,Open shade curtains,10,Optimal,Optimal,High,0.05
66,44,Optimal,Optimal,High,Close shade curtains,6,Optimal,Optimal,Medium,0.05
66,45,Optimal,Optimal,Medium,Open shade curtains,10,Optimal,Optimal,Medium,0.05
66,46,Optimal,Optimal,Medium,Open shade curtains,10,Optimal,Optimal,High,0.05
66,47,Optimal,Optimal,High,Close shade curtains,6,Optimal,Optimal,Medium,0.05
66,48,Optimal,Optimal,Medium,Open shade curtains,10,Optimal,Optimal,High,0.05
66,49,Optimal,Optimal,High,Close shade curtains,6,Optimal,Optimal,Medium,0.05
66,50,Optimal,Optimal,Medium,Heater OFF,10,Optimal,Low,Medium,0.05
67,1,Optimal,Optimal,Low,Open shade curtains,6,Optimal,Optimal,Low,0.05
67,2,Optimal,Optimal,Low,Open shade curtains,6,Optimal,Optimal,Medium,0.05
67,3,Optimal,Optimal,Medium,Open shade curtains,10,Optimal,Optimal,High,0.05
67,4,Optimal,Optimal,High,Close shade curtains,6,Optimal,Optimal,Medium,0.05
67,5,Optimal,Optimal,Medium,Open shade curtains,10,Optimal,Optimal,High,0.05
67,6,Optimal,Optimal,High,Close shade curtains,6,Optimal,Optimal,Medium,0.05
67,7,Optimal,Optimal,Medium,Open shade curtains,10,Optimal,Optimal,High,0.05
67,8,Optimal,Optimal,High,Close shade curtains,6,Optimal,Optimal,Medium,0.05
67,9,Optimal,Optimal,Medium,Open shade curtains,10,Optimal,Optimal,High,0.05
67,10,Optimal,Optimal,High,Close shade curtains,6,Optimal,Optimal,Medium,0.05
67,11,Optimal,Optimal,Medium,Open shade curtains,10,Optimal,Optimal,Medium,0.05
67,12,Optimal,Optimal,Medium,Open shade curtains,10,Optimal,Optimal,High,0.05
67,13,Optimal,Optimal,High,Close shade curtains,6,Optimal,Optimal,Medium,0.05
67,14,Optimal,Optimal,Medium,Open shade curtains,10,Optimal,Optimal,High,0.05
67,15,Optimal,Optimal,High,Close shade curtains,6,Optimal,Optimal,Medium,0.05
67,16,Optimal,Optimal,Medium,Open shade curtains,10,Optimal,Optimal,High,0.05
67,17,Optimal,Optimal,High,Close shade curtains,6,Optimal,Optimal,Medium,0.05
67,18,Optimal,Optimal,Medium,Open shade curtains,10,Optimal,Optimal,High,0.05
67,19,Optimal,Optimal,High,Close shade curtains,6,Optimal,Optimal,Medium,0.05
67,20,Optimal,Optimal,Medium,Open shade curtains,10,Optimal,Optimal,High,0.05
67,21,Optimal,Optimal,High,Close shade curtains,6,Optimal,Optimal,Medium,0.05
67,22,Optimal,Optimal,Medium,Open shade curtains,10,Optimal,Optimal,High,0.05
67,23,Optimal,Optimal,High,Close shade curtains,6,Optimal,Optimal,Medium,0.05
67,24,Optimal,Optimal,Medium,Open shade curtains,10,Optimal,Optimal,High,0.05
67,25,Optimal,Optimal,High,Close shade curtains,6,Optimal,Optimal,Medium,0.05
67,26,Optimal,Optimal,Medium,Open shade curtains,10,Optimal,Optimal,High,0.05
67,27,Optimal,Optimal,High,Close shade curtains,6,Optimal,Optimal,Medium,0.05
67,28,Optimal,Optimal,Medium,Open shade curtains,10,Optimal,Optimal,High,0.05
67,29,Optimal,Optimal,High,Close shade curtains,6,Optimal,Optimal,Medium,0.05
67,30,Optimal,Optimal,Medium,Open shade curtains,10,Optimal,Optimal,High,0.05
67,31,Optimal,Optimal,High,Close shade curtains,6,Optimal,Optimal,High,0.05
67,32,Optimal,Optimal,High,Water Pump OFF,6,Dry,Optimal,High,0.05
67,33,Dry,Optimal,High,Close shade curtains,3,Dry,Optimal,Medium,0.05
67,34,Dry,Optimal,Medium,Water Pump OFF,5,Optimal,Optimal,Medium,0.05
67,35,Optimal,Optimal,Medium,Open shade curtains,10,Optimal,Optimal,High,0.05
67,36,Optimal,Optimal,High,Close shade curtains,6,Optimal,Optimal,Medium,0.05
67,37,Optimal,Optimal,Medium,Open shade curtains,10,Optimal,Optimal,High,0.05
67,38,Optimal,Optimal,High,Close shade curtains,6,Optimal,Optimal,Medium,0.05
67,39,Optimal,Optimal,Medium,Open shade curtains,10,Optimal,Optimal,High,0.05
67,40,Optimal,Optimal,High,Close shade curtains,6,Optimal,Optimal,Medium,0.05
67,41,Optimal,Optimal,Medium,Open shade curtains,10,Optimal,Optimal,High,0.05
67,42,Optimal,Optimal,High,Close shade curtains,6,Optimal,Optimal,High,0.05
67,43,Optimal,Optimal,High,Close shade curtains,6,Optimal,Optimal,Medium,0.05
67,44,Optimal,Optimal,Medium,Open shade curtains,10,Optimal,Optimal,High,0.05
67,45,Optimal,Optimal,High,Close shade curtains,6,Optimal,Optimal,Medium,0.05
67,46,Optimal,Optimal,Medium,Open shade curtains,10,Optimal,Optimal,High,0.05
67,47,Optimal,Optimal,High,Close shade curtains,6,Optimal,Optimal,Medium,0.05
67,48,Optimal,Optimal,Medium,Open shade curtains,10,Optimal,Optimal,High,0.05
67,49,Optimal,Optimal,High,Close shade curtains,6,Optimal,Optimal,Medium,0.05
67,50,Optimal,Optimal,Medium,Open shade curtains,10,Optimal,Optimal,High,0.05
68,1,Optimal,Optimal,Medium,Open shade curtains,10,Optimal,Optimal,High,0.05
68,2,Optimal,Optimal,High,Close shade curtains,6,Optimal,Optimal,Medium,0.05
68,3,Optimal,Optimal,Medium,Open shade curtains,10,Optimal,Optimal,High,0.05
68,4,Optimal,Optimal,High,Close shade curtains,6,Optimal,Optimal,Medium,0.05
68,5,Optimal,Optimal,Medium,Open shade curtains,10,Optimal,Optimal,High,0.05
68,6,Optimal,Optimal,High,Close shade curtains,6,Optimal,Optimal,Medium,0.05
68,7,Optimal,Optimal,Medium,Open shade curtains,10,Optimal,Optimal,High,0.05
68,8,Optimal,Optimal,High,Close shade curtains,6,Optimal,Optimal,Medium,0.05
68,9,Optimal,Optimal,Medium,Open shade curtains,10,Optimal,Optimal,High,0.05
68,10,Optimal,Optimal,High,Close shade curtains,6,Optimal,Optimal,Medium,0.05
68,11,Optimal,Optimal,Medium,Open shade curtains,10,Optimal,Optimal,Medium,0.05
68,12,Optimal,Optimal,Medium,Open shade curtains,10,Optimal,Optimal,High,0.05
68,13,Optimal,Optimal,High,Close shade curtains,6,Optimal,Optimal,Medium,0.05
68,14,Optimal,Optimal,Medium,Open shade curtains,10,Optimal,Optimal,High,0.05
68,15,Optimal,Optimal,High,Close shade curtains,6,Optimal,Optimal,High,0.05
68,16,Optimal,Optimal,High,Close shade curtains,6,Optimal,Optimal,Medium,0.05
68,17,Optimal,Optimal,Medium,Open shade curtains,10,Optimal,Optimal,Low,0.05
68,18,Optimal,Optimal,Low,Do nothing,6,Optimal,Optimal,Low,0.05
68,19,Optimal,Optimal,Low,Open shade curtains,6,Optimal,Optimal,Medium,0.05
68,20,Optimal,Optimal,Medium,Open shade curtains,10,Optimal,Optimal,High,0.05
68,21,Optimal,Optimal,High,Close shade curtains,6,Optimal,Optimal,Medium,0.05
68,22,Optimal,Optimal,Medium,Open shade curtains,10,Optimal,Optimal,Medium,0.05
68,23,Optimal,Optimal,Medium,Open shade curtains,10,Optimal,Optimal,High,0.05
68,24,Optimal,Optimal,High,Close shade curtains,6,Optimal,Optimal,High,0.05
68,25,Optimal,Optimal,High,Close shade curtains,6,Optimal,Optimal,Medium,0.05
68,26,Optimal,Optimal,Medium,Do nothing,10,Optimal,Optimal,Medium,0.05
68,27,Optimal,Optimal,Medium,Do nothing,10,Optimal,Optimal,Medium,0.05
68,28,Optimal,Optimal,Medium,Do nothing,10,Optimal,Optimal,Medium,0.05
68,29,Optimal,Optimal,Medium,Do nothing,10,Optimal,Optimal,Medium,0.05
68,30,Optimal,Optimal,Medium,Do nothing,10,Optimal,Optimal,Low,0.05
68,31,Optimal,Optimal,Low,Open shade curtains,6,Optimal,Optimal,Medium,0.05
68,32,Optimal,Optimal,Medium,Do nothing,10,Optimal,Optimal,Medium,0.05
68,33,Optimal,Optimal,Medium,Do nothing,10,Optimal,Optimal,Medium,0.05
68,34,Optimal,Optimal,Medium,Do nothing,10,Optimal,Optimal,Medium,0.05
68,35,Optimal,Optimal,Medium,Do nothing,10,Optimal,Optimal,Medium,0.05
68,36,Optimal,Optimal,Medium,Do nothing,10,Optimal,Optimal,Medium,0.05
68,37,Optimal,Optimal,Medium,Do nothing,10,Optimal,Optimal,Medium,0.05
68,38,Optimal,Optimal,Medium,Do nothing,10,Optimal,Optimal,Medium,0.05
68,39,Optimal,Optimal,Medium,Do nothing,10,Optimal,Optimal,Medium,0.05
68,40,Optimal,Optimal,Medium,Do nothing,10,Optimal,Optimal,Medium,0.05
68,41,Optimal,Optimal,Medium,Do nothing,10,Optimal,Optimal,Medium,0.05
68,42,Optimal,Optimal,Medium,Do nothing,10,Optimal,Optimal,Medium,0.05
68,43,Optimal,Optimal,Medium,Do nothing,10,Optimal,Optimal,Medium,0.05
68,44,Optimal,Optimal,Medium,Do nothing,10,Optimal,Optimal,Medium,0.05
68,45,Optimal,Optimal,Medium,Do nothing,10,Optimal,Optimal,Medium,0.05
68,46,Optimal,Optimal,Medium,Do nothing,10,Optimal,Optimal,Medium,0.05
68,47,Optimal,Optimal,Medium,Do nothing,10,Optimal,Optimal,Medium,0.05
68,48,Optimal,Optimal,Medium,Do nothing,10,Optimal,Optimal,Medium,0.05
68,49,Optimal,Optimal,Medium,Do nothing,10,Optimal,Optimal,Medium,0.05
68,50,Optimal,Optimal,Medium,Heater OFF,10,Optimal,Low,Medium,0.05
69,1,Wet,High,Medium,Do nothing,4,Wet,High,Medium,0.05
69,2,Wet,High,Medium,Do nothing,4,Wet,High,Medium,0.05
69,3,Wet,High,Medium,Do nothing,4,Wet,High,Medium,0.05
69,4,Wet,High,Medium,Do nothing,4,Wet,High,Medium,0.05
69,5,Wet,High,Medium,Heater ON,-1,Wet,High,Medium,0.05
69,6,Wet,High,Medium,Do nothing,4,Wet,High,Medium,0.05
69,7,Wet,High,Medium,Do nothing,4,Wet,High,Medium,0.05
69,8,Wet,High,Medium,Do nothing,4,Wet,High,Medium,0.05
69,9,Wet,High,Medium,Heater OFF,4,Wet,Optimal,Medium,0.05
69,10,Wet,Optimal,Medium,Water Pump OFF,7,Wet,Optimal,Medium,0.05
69,11,Wet,Optimal,Medium,Water Pump OFF,7,Optimal,Optimal,Medium,0.05
69,12,Optimal,Optimal,Medium,Do nothing,10,Optimal,Optimal,Medium,0.05
69,13,Optimal,Optimal,Medium,Do nothing,10,Optimal,Optimal,Medium,0.05
69,14,Optimal,Optimal,Medium,Do nothing,10,Optimal,Optimal,Medium,0.05
69,15,Optimal,Optimal,Medium,Do nothing,10,Optimal,Optimal,Medium,0.05
69,16,Optimal,Optimal,Medium,Do nothing,10,Optimal,Optimal,Medium,0.05
69,17,Optimal,Optimal,Medium,Do nothing,10,Optimal,Optimal,Medium,0.05
69,18,Optimal,Optimal,Medium,Do nothing,10,Optimal,Optimal,Medium,0.05
69,19,Optimal,Optimal,Medium,Do nothing,10,Optimal,Optimal,Medium,0.05
69,20,Optimal,Optimal,Medium,Do nothing,10,Optimal,Optimal,Medium,0.05
69,21,Optimal,Optimal,Medium,Do nothing,10,Optimal,Optimal,Medium,0.05
69,22,Optimal,Optimal,Medium,Do nothing,10,Optimal,Optimal,Medium,0.05
69,23,Optimal,Optimal,Medium,Do nothing,10,Optimal,Optimal,Medium,0.05
69,24,Optimal,Optimal,Medium,Do nothing,10,Optimal,Optimal,Medium,0.05
69,25,Optimal,Optimal,Medium,Water Pump OFF,10,Dry,Optimal,Medium,0.05
69,26,Dry,Optimal,Medium,Water Pump OFF,5,Optimal,Optimal,Medium,0.05
69,27,Optimal,Optimal,Medium,Do nothing,10,Optimal,Optimal,Medium,0.05
69,28,Optimal,Optimal,Medium,Do nothing,10,Optimal,Optimal,Medium,0.05
69,29,Optimal,Optimal,Medium,Do nothing,10,Optimal,Optimal,Medium,0.05
69,30,Optimal,Optimal,Medium,Do nothing,10,Optimal,Optimal,Medium,0.05
69,31,Optimal,Optimal,Medium,Do nothing,10,Optimal,Optimal,Medium,0.05
69,32,Optimal,Optimal,Medium,Do nothing,10,Optimal,Optimal,Medium,0.05
69,33,Optimal,Optimal,Medium,Water Pump ON,10,Wet,Optimal,Medium,0.05
69,34,Wet,Optimal,Medium,Water Pump OFF,7,Optimal,Optimal,Medium,0.05
69,35,Optimal,Optimal,Medium,Do nothing,10,Optimal,Optimal,Medium,0.05
69,36,Optimal,Optimal,Medium,Do nothing,10,Optimal,Optimal,Medium,0.05
69,37,Optimal,Optimal,Medium,Do nothing,10,Optimal,Optimal,Medium,0.05
69,38,Optimal,Optimal,Medium,Do nothing,10,Optimal,Optimal,Medium,0.05
69,39,Optimal,Optimal,Medium,Do nothing,10,Optimal,Optimal,Medium,0.05
69,40,Optimal,Optimal,Medium,Do nothing,10,Optimal,Optimal,Medium,0.05
69,41,Optimal,Optimal,Medium,Do nothing,10,Optimal,Optimal,Medium,0.05
69,42,Optimal,Optimal,Medium,Do nothing,10,Optimal,Optimal,Medium,0.05
69,43,Optimal,Optimal,Medium,Open shade curtains,10,Optimal,Optimal,High,0.05
69,44,Optimal,Optimal,High,Close shade curtains,6,Optimal,Optimal,Medium,0.05
69,45,Optimal,Optimal,Medium,Do nothing,10,Optimal,Optimal,Medium,0.05
69,46,Optimal,Optimal,Medium,Do nothing,10,Optimal,Optimal,Medium,0.05
69,47,Optimal,Optimal,Medium,Do nothing,10,Optimal,Optimal,Medium,0.05
69,48,Optimal,Optimal,Medium,Water Pump ON,10,Wet,Optimal,Medium,0.05
69,49,Wet,Optimal,Medium,Water Pump OFF,7,Optimal,Optimal,Medium,0.05
69,50,Optimal,Optimal,Medium,Do nothing,10,Optimal,Optimal,Medium,0.05
70,1,Wet,Optimal,High,Water Pump OFF,3,Optimal,Optimal,High,0.05
70,2,Optimal,Optimal,High,Close shade curtains,6,Optimal,Optimal,High,0.05
70,3,Optimal,Optimal,High,Close shade curtains,6,Optimal,Optimal,Medium,0.05
70,4,Optimal,Optimal,Medium,Do nothing,10,Optimal,Optimal,Medium,0.05
70,5,Optimal,Optimal,Medium,Do nothing,10,Optimal,Optimal,Medium,0.05
70,6,Optimal,Optimal,Medium,Do nothing,10,Optimal,Optimal,Medium,0.05
70,7,Optimal,Optimal,Medium,Water Pump ON,10,Wet,Optimal,Medium,0.05
70,8,Wet,Optimal,Medium,Water Pump OFF,7,Optimal,Optimal,Medium,0.05
70,9,Optimal,Optimal,Medium,Water Pump ON,10,Wet,Optimal,Medium,0.05
70,10,Wet,Optimal,Medium,Water Pump OFF,7,Optimal,Optimal,Medium,0.05
70,11,Optimal,Optimal,Medium,Water Pump ON,10,Optimal,Optimal,Medium,0.05
70,12,Optimal,Optimal,Medium,Water Pump ON,10,Wet,Optimal,Medium,0.05
70,13,Wet,Optimal,Medium,Water Pump OFF,7,Optimal,Optimal,Medium,0.05
70,14,Optimal,Optimal,Medium,Do nothing,10,Optimal,Optimal,Medium,0.05
70,15,Optimal,Optimal,Medium,Do nothing,10,Optimal,Optimal,Medium,0.05
70,16,Optimal,Optimal,Medium,Do nothing,10,Optimal,Optimal,Medium,0.05
70,17,Optimal,Optimal,Medium,Do nothing,10,Optimal,Optimal,Medium,0.05
70,18,Optimal,Optimal,Medium,Do nothing,10,Optimal,Optimal,Medium,0.05
70,19,Optimal,Optimal,Medium,Do nothing,10,Optimal,Optimal,Medium,0.05
70,20,Optimal,Optimal,Medium,Do nothing,10,Optimal,Optimal,Medium,0.05
70,21,Optimal,Optimal,Medium,Do nothing,10,Optimal,Optimal,Medium,0.05
70,22,Optimal,Optimal,Medium,Do nothing,10,Optimal,Optimal,Medium,0.05
70,23,Optimal,Optimal,Medium,Do nothing,10,Optimal,Optimal,Medium,0.05
70,24,Optimal,Optimal,Medium,Do nothing,10,Optimal,Optimal,Medium,0.05
70,25,Optimal,Optimal,Medium,Do nothing,10,Optimal,Optimal,Medium,0.05
70,26,Optimal,Optimal,Medium,Do nothing,10,Optimal,Optimal,Medium,0.05
70,27,Optimal,Optimal,Medium,Do nothing,10,Optimal,Optimal,High,0.05
70,28,Optimal,Optimal,High,Close shade curtains,6,Optimal,Optimal,Medium,0.05
70,29,Optimal,Optimal,Medium,Do nothing,10,Optimal,Optimal,Medium,0.05
70,30,Optimal,Optimal,Medium,Do nothing,10,Optimal,Optimal,Medium,0.05
70,31,Optimal,Optimal,Medium,Do nothing,10,Optimal,Optimal,Medium,0.05
70,32,Optimal,Optimal,Medium,Do nothing,10,Optimal,Optimal,Medium,0.05
70,33,Optimal,Optimal,Medium,Do nothing,10,Optimal,Optimal,Low,0.05
70,34,Optimal,Optimal,Low,Close shade curtains,6,Optimal,Optimal,Low,0.05
70,35,Optimal,Optimal,Low,Close shade curtains,6,Optimal,Optimal,Low,0.05
70,36,Optimal,Optimal,Low,Close shade curtains,6,Optimal,Optimal,Low,0.05
70,37,Optimal,Optimal,Low,Close shade curtains,6,Optimal,Optimal,Low,0.05
70,38,Optimal,Optimal,Low,Close shade curtains,6,Optimal,Optimal,Low,0.05
70,39,Optimal,Optimal,Low,Close shade curtains,6,Optimal,Optimal,Low,0.05
70,40,Optimal,Optimal,Low,Close shade curtains,6,Optimal,Optimal,Low,0.05
70,41,Optimal,Optimal,Low,Open shade curtains,6,Optimal,Optimal,Medium,0.05
70,42,Optimal,Optimal,Medium,Close shade curtains,10,Optimal,Optimal,Low,0.05
70,43,Optimal,Optimal,Low,Open shade curtains,6,Optimal,Optimal,Medium,0.05
70,44,Optimal,Optimal,Medium,Water Pump ON,10,Wet,Optimal,Medium,0.05
70,45,Wet,Optimal,Medium,Water Pump OFF,7,Optimal,Optimal,Medium,0.05
70,46,Optimal,Optimal,Medium,Water Pump ON,10,Wet,Optimal,Medium,0.05
70,47,Wet,Optimal,Medium,Water Pump OFF,7,Optimal,Optimal,Medium,0.05
70,48,Optimal,Optimal,Medium,Water Pump ON,10,Wet,Optimal,High,0.05
70,49,Wet,Optimal,High,Water Pump OFF,3,Optimal,Optimal,High,0.05
70,50,Optimal,Optimal,High,Open shade curtains,6,Optimal,Optimal,High,0.05
71,1,Wet,Optimal,High,Water Pump OFF,3,Optimal,Optimal,High,0.05
71,2,Optimal,Optimal,High,Open shade curtains,6,Optimal,Optimal,High,0.05
71,3,Optimal,Optimal,High,Open shade curtains,6,Optimal,Optimal,High,0.05
71,4,Optimal,Optimal,High,Open shade curtains,6,Optimal,Optimal,Low,0.05
71,5,Optimal,Optimal,Low,Open shade curtains,6,Optimal,Optimal,Medium,0.05
71,6,Optimal,Optimal,Medium,Open shade curtains,10,Optimal,Optimal,High,0.05
71,7,Optimal,Optimal,High,Open shade curtains,6,Optimal,Optimal,High,0.05
71,8,Optimal,Optimal,High,Open shade curtains,6,Optimal,Optimal,High,0.05
71,9,Optimal,Optimal,High,Open shade curtains,6,Optimal,Optimal,High,0.05
71,10,Optimal,Optimal,High,Open shade curtains,6,Optimal,Optimal,High,0.05
71,11,Optimal,Optimal,High,Open shade curtains,6,Optimal,Optimal,High,0.05
71,12,Optimal,Optimal,High,Open shade curtains,6,Optimal,Optimal,High,0.05
71,13,Optimal,Optimal,High,Open shade curtains,6,Optimal,Optimal,High,0.05
71,14,Optimal,Optimal,High,Heater OFF,6,Optimal,Low,High,0.05
71,15,Optimal,Low,High,Heater OFF,3,Optimal,Optimal,High,0.05
71,16,Optimal,Optimal,High,Close shade curtains,6,Optimal,Optimal,Medium,0.05
71,17,Optimal,Optimal,Medium,Heater OFF,10,Optimal,Low,Medium,0.05
71,18,Optimal,Low,Medium,Heater OFF,7,Optimal,Optimal,Medium,0.05
71,19,Optimal,Optimal,Medium,Heater OFF,10,Optimal,Low,Medium,0.05
71,20,Optimal,Low,Medium,Heater OFF,7,Optimal,Optimal,Medium,0.05
71,21,Optimal,Optimal,Medium,Heater OFF,10,Optimal,Low,Medium,0.05
71,22,Optimal,Low,Medium,Water Pump OFF,7,Dry,Low,Medium,0.05
71,23,Dry,Low,Medium,Heater OFF,4,Dry,Optimal,Medium,0.05
71,24,Dry,Optimal,Medium,Water Pump OFF,5,Optimal,Optimal,Low,0.05
71,25,Optimal,Optimal,Low,Open shade curtains,6,Optimal,Optimal,Low,0.05
71,26,Optimal,Optimal,Low,Open shade curtains,6,Optimal,Optimal,Medium,0.05
71,27,Optimal,Optimal,Medium,Water Pump ON,10,Wet,Optimal,Medium,0.05
71,28,Wet,Optimal,Medium,Water Pump OFF,7,Wet,Optimal,Medium,0.05
71,29,Wet,Optimal,Medium,Heater OFF,7,Wet,Low,Medium,0.05
71,30,Wet,Low,Medium,Heater OFF,4,Wet,Optimal,Medium,0.05
71,31,Wet,Optimal,Medium,Heater OFF,7,Wet,Low,Medium,0.05
71,32,Wet,Low,Medium,Heater OFF,4,Wet,Optimal,Medium,0.05
71,33,Wet,Optimal,Medium,Heater OFF,7,Wet,Optimal,Medium,0.05
71,34,Wet,Optimal,Medium,Heater OFF,7,Wet,Low,Medium,0.05
71,35,Wet,Low,Medium,Heater OFF,4,Wet,Optimal,Medium,0.05
71,36,Wet,Optimal,Medium,Heater OFF,7,Wet,Low,Medium,0.05
71,37,Wet,Low,Medium,Heater OFF,4,Wet,Optimal,Medium,0.05
71,38,Wet,Optimal,Medium,Water Pump ON,2,Wet,Optimal,Medium,0.05
71,39,Wet,Optimal,Medium,Heater OFF,7,Wet,Low,Medium,0.05
71,40,Wet,Low,Medium,Heater OFF,4,Wet,Optimal,High,0.05
71,41,Wet,Optimal,High,Close shade curtains,3,Wet,Optimal,Medium,0.05
71,42,Wet,Optimal,Medium,Water Pump OFF,7,Optimal,Optimal,Medium,0.05
71,43,Optimal,Optimal,Medium,Water Pump ON,10,Wet,Optimal,Medium,0.05
71,44,Wet,Optimal,Medium,Water Pump OFF,7,Optimal,Optimal,Medium,0.05
71,45,Optimal,Optimal,Medium,Water Pump ON,10,Wet,Optimal,Medium,0.05
71,46,Wet,Optimal,Medium,Water Pump OFF,7,Optimal,Optimal,Medium,0.05
71,47,Optimal,Optimal,Medium,Water Pump ON,10,Wet,Optimal,Medium,0.05
71,48,Wet,Optimal,Medium,Close shade curtains,7,Wet,Optimal,Low,0.05
71,49,Wet,Optimal,Low,Water Pump OFF,3,Optimal,Optimal,Low,0.05
71,50,Optimal,Optimal,Low,Open shade curtains,6,Optimal,Optimal,Medium,0.05
72,1,Wet,Low,Low,Heater OFF,0,Wet,Optimal,Low,0.05
72,2,Wet,Optimal,Low,Water Pump OFF,3,Optimal,Optimal,Low,0.05
72,3,Optimal,Optimal,Low,Open shade curtains,6,Optimal,Optimal,Medium,0.05
72,4,Optimal,Optimal,Medium,Do nothing,10,Optimal,Optimal,Medium,0.05
72,5,Optimal,Optimal,Medium,Do nothing,10,Optimal,Optimal,Medium,0.05
72,6,Optimal,Optimal,Medium,Do nothing,10,Optimal,Optimal,Medium,0.05
72,7,Optimal,Optimal,Medium,Do nothing,10,Optimal,Optimal,Medium,0.05
72,8,Optimal,Optimal,Medium,Do nothing,10,Optimal,Optimal,Medium,0.05
72,9,Optimal,Optimal,Medium,Do nothing,10,Optimal,Optimal,Medium,0.05
72,10,Optimal,Optimal,Medium,Do nothing,10,Optimal,Optimal,Medium,0.05
72,11,Optimal,Optimal,Medium,Do nothing,10,Optimal,Optimal,Medium,0.05
72,12,Optimal,Optimal,Medium,Do nothing,10,Optimal,Optimal,Medium,0.05
72,13,Optimal,Optimal,Medium,Do nothing,10,Optimal,Optimal,Medium,0.05
72,14,Optimal,Optimal,Medium,Do nothing,10,Optimal,Optimal,Medium,0.05
72,15,Optimal,Optimal,Medium,Do nothing,10,Optimal,Optimal,Medium,0.05
72,16,Optimal,Optimal,Medium,Do nothing,10,Optimal,Optimal,Medium,0.05
72,17,Optimal,Optimal,Medium,Do nothing,10,Optimal,Optimal,Medium,0.05
72,18,Optimal,Optimal,Medium,Do nothing,10,Optimal,Optimal,Medium,0.05
72,19,Optimal,Optimal,Medium,Do nothing,10,Optimal,Optimal,Medium,0.05
72,20,Optimal,Optimal,Medium,Do nothing,10,Optimal,Optimal,Low,0.05
72,21,Optimal,Optimal,Low,Do nothing,6,Optimal,Optimal,Low,0.05
72,22,Optimal,Optimal,Low,Do nothing,6,Optimal,Optimal,Low,0.05
72,23,Optimal,Optimal,Low,Do nothing,6,Optimal,Optimal,Low,0.05
72,24,Optimal,Optimal,Low,Do nothing,6,Optimal,Optimal,Low,0.05
72,25,Optimal,Optimal,Low,Do nothing,6,Optimal,Optimal,Low,0.05
72,26,Optimal,Optimal,Low,Do nothing,6,Optimal,Optimal,Low,0.05
72,27,Optimal,Optimal,Low,Do nothing,6,Optimal,Optimal,Low,0.05
72,28,Optimal,Optimal,Low,Do nothing,6,Optimal,Optimal,High,0.05
72,29,Optimal,Optimal,High,Close shade curtains,6,Optimal,Optimal,Medium,0.05
72,30,Optimal,Optimal,Medium,Do nothing,10,Optimal,Optimal,Medium,0.05
72,31,Optimal,Optimal,Medium,Do nothing,10,Optimal,Optimal,Medium,0.05
72,32,Optimal,Optimal,Medium,Do nothing,10,Optimal,Optimal,High,0.05
72,33,Optimal,Optimal,High,Close shade curtains,6,Optimal,Optimal,Medium,0.05
72,34,Optimal,Optimal,Medium,Do nothing,10,Optimal,Optimal,Medium,0.05
72,35,Optimal,Optimal,Medium,Do nothing,10,Optimal,Optimal,Medium,0.05
72,36,Optimal,Optimal,Medium,Do nothing,10,Optimal,Optimal,Medium,0.05
72,37,Optimal,Optimal,Medium,Do nothing,10,Optimal,Optimal,Medium,0.05
72,38,Optimal,Optimal,Medium,Do nothing,10,Optimal,Optimal,Medium,0.05
72,39,Optimal,Optimal,Medium,Do nothing,10,Optimal,Optimal,Medium,0.05
72,40,Optimal,Optimal,Medium,Do nothing,10,Optimal,Optimal,Medium,0.05
72,41,Optimal,Optimal,Medium,Do nothing,10,Optimal,Optimal,Medium,0.05
72,42,Optimal,Optimal,Medium,Do nothing,10,Optimal,Optimal,Medium,0.05
72,43,Optimal,Optimal,Medium,Do nothing,10,Optimal,Optimal,Medium,0.05
72,44,Optimal,Optimal,Medium,Do nothing,10,Optimal,Optimal,Medium,0.05
72,45,Optimal,Optimal,Medium,Do nothing,10,Optimal,Optimal,Low,0.05
72,46,Optimal,Optimal,Low,Water Pump ON,6,Wet,Optimal,Low,0.05
72,47,Wet,Optimal,Low,Water Pump OFF,3,Optimal,Optimal,Low,0.05
72,48,Optimal,Optimal,Low,Do nothing,6,Optimal,Optimal,Low,0.05
72,49,Optimal,Optimal,Low,Do nothing,6,Optimal,Optimal,Low,0.05
72,50,Optimal,Optimal,Low,Open shade curtains,6,Optimal,Optimal,High,0.05
73,1,Optimal,High,Medium,Heater OFF,7,Optimal,Optimal,Medium,0.05
73,2,Optimal,Optimal,Medium,Do nothing,10,Optimal,Optimal,Medium,0.05
73,3,Optimal,Optimal,Medium,Do nothing,10,Optimal,Optimal,Medium,0.05
73,4,Optimal,Optimal,Medium,Do nothing,10,Optimal,Optimal,Medium,0.05
73,5,Optimal,Optimal,Medium,Do nothing,10,Optimal,Optimal,Medium,0.05
73,6,Optimal,Optimal,Medium,Do nothing,10,Optimal,Optimal,Medium,0.05
73,7,Optimal,Optimal,Medium,Do nothing,10,Optimal,Optimal,Medium,0.05
73,8,Optimal,Optimal,Medium,Do nothing,10,Optimal,Optimal,Medium,0.05
73,9,Optimal,Optimal,Medium,Do nothing,10,Optimal,Optimal,Medium,0.05
73,10,Optimal,Optimal,Medium,Do nothing,10,Optimal,Optimal,Medium,0.05
73,11,Optimal,Optimal,Medium,Do nothing,10,Optimal,Optimal,Medium,0.05
73,12,Optimal,Optimal,Medium,Close shade curtains,10,Optimal,Optimal,Low,0.05
73,13,Optimal,Optimal,Low,Open shade curtains,6,Optimal,Optimal,Medium,0.05
73,14,Optimal,Optimal,Medium,Do nothing,10,Optimal,Optimal,Medium,0.05
73,15,Optimal,Optimal,Medium,Do nothing,10,Optimal,Optimal,Medium,0.05
73,16,Optimal,Optimal,Medium,Do nothing,10,Optimal,Optimal,Medium,0.05
73,17,Optimal,Optimal,Medium,Do nothing,10,Optimal,Optimal,Medium,0.05
73,18,Optimal,Optimal,Medium,Do nothing,10,Optimal,Optimal,Medium,0.05
73,19,Optimal,Optimal,Medium,Do nothing,10,Optimal,Optimal,Medium,0.05
73,20,Optimal,Optimal,Medium,Do nothing,10,Optimal,Optimal,Medium,0.05
73,21,Optimal,Optimal,Medium,Do nothing,10,Optimal,Optimal,Medium,0.05
73,22,Optimal,Optimal,Medium,Do nothing,10,Optimal,Optimal,Medium,0.05
73,23,Optimal,Optimal,Medium,Do nothing,10,Optimal,Optimal,Medium,0.05
73,24,Optimal,Optimal,Medium,Do nothing,10,Optimal,Optimal,Medium,0.05
73,25,Optimal,Optimal,Medium,Do nothing,10,Optimal,Optimal,Medium,0.05
73,26,Optimal,Optimal,Medium,Do nothing,10,Optimal,Optimal,Medium,0.05
73,27,Optimal,Optimal,Medium,Do nothing,10,Optimal,Optimal,Medium,0.05
73,28,Optimal,Optimal,Medium,Do nothing,10,Optimal,Optimal,Medium,0.05
73,29,Optimal,Optimal,Medium,Do nothing,10,Optimal,Optimal,Medium,0.05
73,30,Optimal,Optimal,Medium,Do nothing,10,Optimal,Optimal,Medium,0.05
73,31,Optimal,Optimal,Medium,Do nothing,10,Optimal,Optimal,Medium,0.05
73,32,Optimal,Optimal,Medium,Do nothing,10,Optimal,Optimal,Medium,0.05
73,33,Optimal,Optimal,Medium,Do nothing,10,Optimal,Optimal,Medium,0.05
73,34,Optimal,Optimal,Medium,Do nothing,10,Optimal,Optimal,Medium,0.05
73,35,Optimal,Optimal,Medium,Do nothing,10,Optimal,Optimal,Medium,0.05
73,36,Optimal,Optimal,Medium,Do nothing,10,Optimal,Optimal,Medium,0.05
73,37,Optimal,Optimal,Medium,Do nothing,10,Optimal,Optimal,Medium,0.05
73,38,Optimal,Optimal,Medium,Do nothing,10,Optimal,Optimal,Medium,0.05
73,39,Optimal,Optimal,Medium,Do nothing,10,Optimal,Optimal,Medium,0.05
73,40,Optimal,Optimal,Medium,Do nothing,10,Optimal,Optimal,Medium,0.05
73,41,Optimal,Optimal,Medium,Do nothing,10,Optimal,Optimal,Medium,0.05
73,42,Optimal,Optimal,Medium,Do nothing,10,Optimal,Optimal,Medium,0.05
73,43,Optimal,Optimal,Medium,Do nothing,10,Optimal,Optimal,Medium,0.05
73,44,Optimal,Optimal,Medium,Do nothing,10,Optimal,Optimal,Medium,0.05
73,45,Optimal,Optimal,Medium,Water Pump OFF,10,Dry,Optimal,Medium,0.05
73,46,Dry,Optimal,Medium,Close shade curtains,7,Dry,Optimal,Low,0.05
73,47,Dry,Optimal,Low,Close shade curtains,3,Dry,Optimal,Low,0.05
73,48,Dry,Optimal,Low,Close shade curtains,3,Dry,Optimal,Low,0.05
73,49,Dry,Optimal,Low,Close shade curtains,3,Dry,Optimal,Low,0.05
73,50,Dry,Optimal,Low,Do nothing,3,Dry,Optimal,Low,0.05
74,1,Optimal,Low,Low,Heater OFF,3,Optimal,Optimal,Low,0.05
74,2,Optimal,Optimal,Low,Open shade curtains,6,Optimal,Optimal,Medium,0.05
74,3,Optimal,Optimal,Medium,Do nothing,10,Optimal,Optimal,Medium,0.05
74,4,Optimal,Optimal,Medium,Do nothing,10,Optimal,Optimal,Medium,0.05
74,5,Optimal,Optimal,Medium,Do nothing,10,Optimal,Optimal,Medium,0.05
74,6,Optimal,Optimal,Medium,Do nothing,10,Optimal,Optimal,Medium,0.05
74,7,Optimal,Optimal,Medium,Do nothing,10,Optimal,Optimal,Medium,0.05
74,8,Optimal,Optimal,Medium,Do nothing,10,Optimal,Optimal,Medium,0.05
74,9,Optimal,Optimal,Medium,Do nothing,10,Optimal,Optimal,High,0.05
74,10,Optimal,Optimal,High,Close shade curtains,6,Optimal,Optimal,Medium,0.05
74,11,Optimal,Optimal,Medium,Do nothing,10,Optimal,Optimal,Medium,0.05
74,12,Optimal,Optimal,Medium,Do nothing,10,Optimal,Optimal,Medium,0.05
74,13,Optimal,Optimal,Medium,Heater OFF,10,Optimal,Low,Medium,0.05
74,14,Optimal,Low,Medium,Heater OFF,7,Optimal,Optimal,Medium,0.05
74,15,Optimal,Optimal,Medium,Heater OFF,10,Optimal,Low,Medium,0.05
74,16,Optimal,Low,Medium,Heater OFF,7,Optimal,Optimal,Medium,0.05
74,17,Optimal,Optimal,Medium,Heater OFF,10,Optimal,Low,Medium,0.05
74,18,Optimal,Low,Medium,Heater OFF,7,Optimal,Optimal,Medium,0.05
74,19,Optimal,Optimal,Medium,Water Pump ON,10,Wet,Optimal,Medium,0.05
74,20,Wet,Optimal,Medium,Water Pump OFF,7,Optimal,Optimal,Medium,0.05
74,21,Optimal,Optimal,Medium,Water Pump ON,10,Wet,Optimal,Medium,0.05
74,22,Wet,Optimal,Medium,Water Pump OFF,7,Optimal,Optimal,Medium,0.05
74,23,Optimal,Optimal,Medium,Water Pump ON,10,Wet,Optimal,Medium,0.05
74,24,Wet,Optimal,Medium,Water Pump OFF,7,Optimal,Optimal,Medium,0.05
74,25,Optimal,Optimal,Medium,Water Pump ON,10,Optimal,Optimal,Medium,0.05
74,26,Optimal,Optimal,Medium,Water Pump ON,10,Wet,Optimal,Medium,0.05
74,27,Wet,Optimal,Medium,Water Pump OFF,7,Optimal,Optimal,Medium,0.05
74,28,Optimal,Optimal,Medium,Water Pump ON,10,Wet,Optimal,Medium,0.05
74,29,Wet,Optimal,Medium,Water Pump OFF,7,Optimal,Optimal,Medium,0.05
74,30,Optimal,Optimal,Medium,Water Pump ON,10,Wet,Optimal,Medium,0.05
74,31,Wet,Optimal,Medium,Water Pump OFF,7,Optimal,Optimal,Medium,0.05
74,32,Optimal,Optimal,Medium,Water Pump ON,10,Wet,Optimal,Medium,0.05
74,33,Wet,Optimal,Medium,Water Pump OFF,7,Optimal,Optimal,Medium,0.05
74,34,Optimal,Optimal,Medium,Water Pump ON,10,Wet,Optimal,Medium,0.05
74,35,Wet,Optimal,Medium,Water Pump OFF,7,Optimal,Optimal,Medium,0.05
74,36,Optimal,Optimal,Medium,Water Pump ON,10,Wet,Optimal,Medium,0.05
74,37,Wet,Optimal,Medium,Water Pump OFF,7,Optimal,Optimal,Medium,0.05
74,38,Optimal,Optimal,Medium,Water Pump ON,10,Wet,Optimal,Medium,0.05
74,39,Wet,Optimal,Medium,Water Pump OFF,7,Optimal,Optimal,Medium,0.05
74,40,Optimal,Optimal,Medium,Water Pump ON,10,Wet,Optimal,Medium,0.05
74,41,Wet,Optimal,Medium,Water Pump OFF,7,Optimal,Optimal,Medium,0.05
74,42,Optimal,Optimal,Medium,Water Pump ON,10,Wet,Optimal,Medium,0.05
74,43,Wet,Optimal,Medium,Heater ON,7,Wet,Optimal,Medium,0.05
74,44,Wet,Optimal,Medium,Water Pump OFF,7,Optimal,Optimal,Medium,0.05
74,45,Optimal,Optimal,Medium,Water Pump ON,10,Wet,Optimal,Medium,0.05
74,46,Wet,Optimal,Medium,Water Pump OFF,7,Optimal,Optimal,Medium,0.05
74,47,Optimal,Optimal,Medium,Water Pump ON,10,Wet,Optimal,Medium,0.05
74,48,Wet,Optimal,Medium,Water Pump OFF,7,Wet,Optimal,Medium,0.05
74,49,Wet,Optimal,Medium,Water Pump OFF,7,Optimal,Optimal,Medium,0.05
74,50,Optimal,Optimal,Medium,Water Pump ON,10,Wet,Optimal,Medium,0.05
75,1,Optimal,High,High,Heater OFF,3,Optimal,Optimal,High,0.05
75,2,Optimal,Optimal,High,Close shade curtains,6,Optimal,Optimal,Medium,0.05
75,3,Optimal,Optimal,Medium,Water Pump ON,10,Optimal,Optimal,Medium,0.05
75,4,Optimal,Optimal,Medium,Water Pump ON,10,Wet,Optimal,Medium,0.05
75,5,Wet,Optimal,Medium,Heater OFF,7,Wet,Low,Medium,0.05
75,6,Wet,Low,Medium,Heater OFF,4,Wet,Optimal,Medium,0.05
75,7,Wet,Optimal,Medium,Heater OFF,7,Wet,Low,Medium,0.05
75,8,Wet,Low,Medium,Heater OFF,4,Wet,Optimal,Medium,0.05
75,9,Wet,Optimal,Medium,Water Pump OFF,7,Optimal,Optimal,Medium,0.05
75,10,Optimal,Optimal,Medium,Water Pump ON,10,Wet,Optimal,Medium,0.05
75,11,Wet,Optimal,Medium,Water Pump OFF,7,Optimal,Optimal,Medium,0.05
75,12,Optimal,Optimal,Medium,Water Pump ON,10,Wet,Optimal,Medium,0.05
75,13,Wet,Optimal,Medium,Water Pump OFF,7,Optimal,Optimal,Medium,0.05
75,14,Optimal,Optimal,Medium,Do nothing,10,Optimal,Optimal,Medium,0.05
75,15,Optimal,Optimal,Medium,Water Pump ON,10,Wet,Optimal,High,0.05
75,16,Wet,Optimal,High,Water Pump OFF,3,Optimal,Optimal,High,0.05
75,17,Optimal,Optimal,High,Close shade curtains,6,Optimal,Optimal,Medium,0.05
75,18,Optimal,Optimal,Medium,Open shade curtains,10,Optimal,Optimal,High,0.05
75,19,Optimal,Optimal,High,Close shade curtains,6,Optimal,Optimal,Medium,0.05
75,20,Optimal,Optimal,Medium,Open shade curtains,10,Optimal,Optimal,High,0.05
75,21,Optimal,Optimal,High,Close shade curtains,6,Optimal,Optimal,Medium,0.05
75,22,Optimal,Optimal,Medium,Water Pump OFF,10,Dry,Optimal,Medium,0.05
75,23,Dry,Optimal,Medium,Water Pump OFF,5,Optimal,Optimal,Medium,0.05
75,24,Optimal,Optimal,Medium,Heater OFF,10,Optimal,Low,Medium,0.05
75,25,Optimal,Low,Medium,Heater OFF,7,Optimal,Optimal,Medium,0.05
75,26,Optimal,Optimal,Medium,Open shade curtains,10,Optimal,Optimal,High,0.05
75,27,Optimal,Optimal,High,Open shade curtains,6,Optimal,Optimal,High,0.05
75,28,Optimal,Optimal,High,Water Pump OFF,6,Dry,Optimal,High,0.05
75,29,Dry,Optimal,High,Water Pump OFF,1,Optimal,Optimal,High,0.05
75,30,Optimal,Optimal,High,Water Pump OFF,6,Dry,Optimal,High,0.05
75,31,Dry,Optimal,High,Water Pump OFF,1,Optimal,Optimal,High,0.05
75,32,Optimal,Optimal,High,Close shade curtains,6,Optimal,Optimal,Medium,0.05
75,33,Optimal,Optimal,Medium,Heater ON,10,Optimal,High,Medium,0.05
75,34,Optimal,High,Medium,Heater OFF,7,Optimal,Optimal,Medium,0.05
75,35,Optimal,Optimal,Medium,Heater ON,10,Optimal,High,Medium,0.05
75,36,Optimal,High,Medium,Heater OFF,7,Optimal,Optimal,Medium,0.05
75,37,Optimal,Optimal,Medium,Heater ON,10,Optimal,High,Medium,0.05
75,38,Optimal,High,Medium,Heater OFF,7,Optimal,Optimal,Medium,0.05
75,39,Optimal,Optimal,Medium,Heater ON,10,Optimal,High,Medium,0.05
75,40,Optimal,High,Medium,Heater OFF,7,Optimal,Optimal,Medium,0.05
75,41,Optimal,Optimal,Medium,Heater ON,10,Optimal,High,Medium,0.05
75,42,Optimal,High,Medium,Heater OFF,7,Optimal,Optimal,Low,0.05
75,43,Optimal,Optimal,Low,Open shade curtains,6,Optimal,Optimal,Medium,0.05
75,44,Optimal,Optimal,Medium,Heater ON,10,Optimal,High,Medium,0.05
75,45,Optimal,High,Medium,Heater OFF,7,Optimal,High,Medium,0.05
75,46,Optimal,High,Medium,Heater OFF,7,Optimal,Optimal,Medium,0.05
75,47,Optimal,Optimal,Medium,Heater ON,10,Optimal,High,Medium,0.05
75,48,Optimal,High,Medium,Heater OFF,7,Optimal,Optimal,Medium,0.05
75,49,Optimal,Optimal,Medium,Heater ON,10,Optimal,Optimal,Medium,0.05
75,50,Optimal,Optimal,Medium,Heater ON,10,Optimal,Optimal,Medium,0.05
76,1,Dry,High,Medium,Water Pump OFF,2,Optimal,High,Medium,0.05
76,2,Optimal,High,Medium,Heater OFF,7,Optimal,Optimal,Medium,0.05
76,3,Optimal,Optimal,Medium,Heater ON,10,Optimal,High,Medium,0.05
76,4,Optimal,High,Medium,Heater OFF,7,Optimal,Optimal,Medium,0.05
76,5,Optimal,Optimal,Medium,Heater ON,10,Optimal,High,Medium,0.05
76,6,Optimal,High,Medium,Water Pump ON,7,Wet,High,Medium,0.05
76,7,Wet,High,Medium,Heater OFF,4,Wet,Optimal,Medium,0.05
76,8,Wet,Optimal,Medium,Water Pump OFF,7,Optimal,Optimal,Medium,0.05
76,9,Optimal,Optimal,Medium,Heater ON,10,Optimal,High,Medium,0.05
76,10,Optimal,High,Medium,Heater OFF,7,Optimal,Optimal,Medium,0.05
76,11,Optimal,Optimal,Medium,Heater ON,10,Optimal,High,Medium,0.05
76,12,Optimal,High,Medium,Heater OFF,7,Optimal,Optimal,Medium,0.05
76,13,Optimal,Optimal,Medium,Heater ON,10,Optimal,High,Medium,0.05
76,14,Optimal,High,Medium,Heater OFF,7,Optimal,Optimal,Medium,0.05
76,15,Optimal,Optimal,Medium,Heater ON,10,Optimal,High,Medium,0.05
76,16,Optimal,High,Medium,Heater OFF,7,Optimal,Optimal,Medium,0.05
76,17,Optimal,Optimal,Medium,Heater ON,10,Optimal,High,Medium,0.05
76,18,Optimal,High,Medium,Heater OFF,7,Optimal,Optimal,Medium,0.05
76,19,Optimal,Optimal,Medium,Heater ON,10,Optimal,High,Medium,0.05
76,20,Optimal,High,Medium,Heater OFF,7,Optimal,Optimal,Medium,0.05
76,21,Optimal,Optimal,Medium,Heater ON,10,Optimal,High,Medium,0.05
76,22,Optimal,High,Medium,Heater OFF,7,Optimal,Optimal,Medium,0.05
76,23,Optimal,Optimal,Medium,Heater ON,10,Optimal,High,Medium,0.05
76,24,Optimal,High,Medium,Heater OFF,7,Optimal,Optimal,Medium,0.05
76,25,Optimal,Optimal,Medium,Heater ON,10,Optimal,High,Medium,0.05
76,26,Optimal,High,Medium,Heater OFF,7,Optimal,Optimal,Medium,0.05
76,27,Optimal,Optimal,Medium,Heater ON,10,Optimal,High,Medium,0.05
76,28,Optimal,High,Medium,Heater OFF,7,Optimal,Optimal,Medium,0.05
76,29,Optimal,Optimal,Medium,Heater ON,10,Optimal,Optimal,High,0.05
76,30,Optimal,Optimal,High,Close shade curtains,6,Optimal,Optimal,High,0.05
76,31,Optimal,Optimal,High,Close shade curtains,6,Optimal,Optimal,Medium,0.05
76,32,Optimal,Optimal,Medium,Heater ON,10,Optimal,High,Medium,0.05
76,33,Optimal,High,Medium,Heater OFF,7,Optimal,Optimal,Medium,0.05
76,34,Optimal,Optimal,Medium,Do nothing,10,Optimal,Optimal,Medium,0.05
76,35,Optimal,Optimal,Medium,Do nothing,10,Optimal,Optimal,Medium,0.05
76,36,Optimal,Optimal,Medium,Do nothing,10,Optimal,Optimal,Medium,0.05
76,37,Optimal,Optimal,Medium,Do nothing,10,Optimal,Optimal,Medium,0.05
76,38,Optimal,Optimal,Medium,Do nothing,10,Optimal,Optimal,Medium,0.05
76,39,Optimal,Optimal,Medium,Heater ON,10,Optimal,Optimal,Medium,0.05
76,40,Optimal,Optimal,Medium,Do nothing,10,Optimal,Optimal,Medium,0.05
76,41,Optimal,Optimal,Medium,Do nothing,10,Optimal,Optimal,Medium,0.05
76,42,Optimal,Optimal,Medium,Do nothing,10,Optimal,Optimal,Medium,0.05
76,43,Optimal,Optimal,Medium,Do nothing,10,Optimal,Optimal,Medium,0.05
76,44,Optimal,Optimal,Medium,Do nothing,10,Optimal,Optimal,Medium,0.05
76,45,Optimal,Optimal,Medium,Do nothing,10,Optimal,Optimal,Low,0.05
76,46,Optimal,Optimal,Low,Open shade curtains,6,Optimal,Optimal,Medium,0.05
76,47,Optimal,Optimal,Medium,Do nothing,10,Optimal,Optimal,Medium,0.05
76,48,Optimal,Optimal,Medium,Do nothing,10,Optimal,Optimal,Medium,0.05
76,49,Optimal,Optimal,Medium,Do nothing,10,Optimal,Optimal,Medium,0.05
76,50,Optimal,Optimal,Medium,Do nothing,10,Optimal,Optimal,Medium,0.05
77,1,Optimal,High,Low,Heater OFF,3,Optimal,Optimal,Low,0.05
77,2,Optimal,Optimal,Low,Open shade curtains,6,Optimal,Optimal,Medium,0.05
77,3,Optimal,Optimal,Medium,Do nothing,10,Optimal,Optimal,Medium,0.05
77,4,Optimal,Optimal,Medium,Do nothing,10,Optimal,Optimal,Medium,0.05
77,5,Optimal,Optimal,Medium,Do nothing,10,Optimal,Optimal,Medium,0.05
77,6,Optimal,Optimal,Medium,Heater OFF,10,Optimal,Low,Medium,0.05
77,7,Optimal,Low,Medium,Heater OFF,7,Optimal,Optimal,Medium,0.05
77,8,Optimal,Optimal,Medium,Do nothing,10,Optimal,Optimal,Medium,0.05
77,9,Optimal,Optimal,Medium,Do nothing,10,Optimal,Optimal,Medium,0.05
77,10,Optimal,Optimal,Medium,Do nothing,10,Optimal,Optimal,Medium,0.05
77,11,Optimal,Optimal,Medium,Do nothing,10,Optimal,Optimal,Medium,0.05
77,12,Optimal,Optimal,Medium,Do nothing,10,Optimal,Optimal,Medium,0.05
77,13,Optimal,Optimal,Medium,Do nothing,10,Optimal,Optimal,Medium,0.05
77,14,Optimal,Optimal,Medium,Do nothing,10,Optimal,Optimal,Medium,0.05
77,15,Optimal,Optimal,Medium,Do nothing,10,Optimal,Optimal,Medium,0.05
77,16,Optimal,Optimal,Medium,Do nothing,10,Optimal,Optimal,Medium,0.05
77,17,Optimal,Optimal,Medium,Do nothing,10,Optimal,Optimal,Medium,0.05
77,18,Optimal,Optimal,Medium,Do nothing,10,Optimal,Optimal,Medium,0.05
77,19,Optimal,Optimal,Medium,Do nothing,10,Optimal,Optimal,Medium,0.05
77,20,Optimal,Optimal,Medium,Do nothing,10,Optimal,Optimal,Medium,0.05
77,21,Optimal,Optimal,Medium,Do nothing,10,Optimal,Optimal,Medium,0.05
77,22,Optimal,Optimal,Medium,Do nothing,10,Optimal,Optimal,High,0.05
77,23,Optimal,Optimal,High,Close shade curtains,6,Optimal,Optimal,Medium,0.05
77,24,Optimal,Optimal,Medium,Close shade curtains,10,Optimal,Optimal,Low,0.05
77,25,Optimal,Optimal,Low,Open shade curtains,6,Optimal,Optimal,Medium,0.05
77,26,Optimal,Optimal,Medium,Do nothing,10,Optimal,Optimal,Medium,0.05
77,27,Optimal,Optimal,Medium,Do nothing,10,Optimal,Optimal,Medium,0.05
77,28,Optimal,Optimal,Medium,Heater OFF,10,Optimal,Low,Medium,0.05
77,29,Optimal,Low,Medium,Heater OFF,7,Optimal,Optimal,Medium,0.05
77,30,Optimal,Optimal,Medium,Heater OFF,10,Optimal,Low,Medium,0.05
77,31,Optimal,Low,Medium,Heater OFF,7,Optimal,Optimal,Medium,0.05
77,32,Optimal,Optimal,Medium,Heater OFF,10,Optimal,Low,Medium,0.05
77,33,Optimal,Low,Medium,Heater OFF,7,Optimal,Optimal,Medium,0.05
77,34,Optimal,Optimal,Medium,Heater OFF,10,Optimal,Low,Medium,0.05
77,35,Optimal,Low,Medium,Heater OFF,7,Optimal,Low,Medium,0.05
77,36,Optimal,Low,Medium,Heater ON,7,Optimal,Optimal,Medium,0.05
77,37,Optimal,Optimal,Medium,Close shade curtains,10,Optimal,Optimal,Medium,0.05
77,38,Optimal,Optimal,Medium,Close shade curtains,10,Optimal,Optimal,Low,0.05
77,39,Optimal,Optimal,Low,Open shade curtains,6,Optimal,Optimal,Medium,0.05
77,40,Optimal,Optimal,Medium,Close shade curtains,10,Optimal,Optimal,Low,0.05
77,41,Optimal,Optimal,Low,Open shade curtains,6,Optimal,Optimal,Medium,0.05
77,42,Optimal,Optimal,Medium,Close shade curtains,10,Optimal,Optimal,Low,0.05
77,43,Optimal,Optimal,Low,Open shade curtains,6,Optimal,Optimal,Low,0.05
77,44,Optimal,Optimal,Low,Open shade curtains,6,Optimal,Optimal,Medium,0.05
77,45,Optimal,Optimal,Medium,Heater ON,10,Optimal,High,Medium,0.05
77,46,Optimal,High,Medium,Heater OFF,7,Optimal,High,High,0.05
77,47,Optimal,High,High,Heater OFF,3,Optimal,Optimal,High,0.05
77,48,Optimal,Optimal,High,Close shade curtains,6,Optimal,Optimal,Medium,0.05
77,49,Optimal,Optimal,Medium,Heater ON,10,Optimal,High,Medium,0.05
77,50,Optimal,High,Medium,Heater OFF,7,Optimal,Optimal,High,0.05
78,1,Optimal,Low,High,Heater OFF,3,Optimal,Low,High,0.05
78,2,Optimal,Low,High,Heater OFF,3,Optimal,Low,High,0.05
78,3,Optimal,Low,High,Heater OFF,3,Optimal,Optimal,High,0.05
78,4,Optimal,Optimal,High,Close shade curtains,6,Optimal,Optimal,Medium,0.05
78,5,Optimal,Optimal,Medium,Heater ON,10,Optimal,High,Medium,0.05
78,6,Optimal,High,Medium,Heater OFF,7,Optimal,Optimal,Medium,0.05
78,7,Optimal,Optimal,Medium,Heater ON,10,Optimal,High,Medium,0.05
78,8,Optimal,High,Medium,Heater OFF,7,Optimal,Optimal,Medium,0.05
78,9,Optimal,Optimal,Medium,Heater OFF,10,Optimal,Low,Medium,0.05
78,10,Optimal,Low,Medium,Heater OFF,7,Optimal,Optimal,Medium,0.05
78,11,Optimal,Optimal,Medium,Heater OFF,10,Optimal,Low,Medium,0.05
78,12,Optimal,Low,Medium,Heater OFF,7,Optimal,Optimal,Medium,0.05
78,13,Optimal,Optimal,Medium,Heater OFF,10,Optimal,Low,Medium,0.05
78,14,Optimal,Low,Medium,Heater OFF,7,Optimal,Optimal,Medium,0.05
78,15,Optimal,Optimal,Medium,Heater OFF,10,Optimal,Low,Medium,0.05
78,16,Optimal,Low,Medium,Heater OFF,7,Optimal,Optimal,Medium,0.05
78,17,Optimal,Optimal,Medium,Heater OFF,10,Optimal,Low,Medium,0.05
78,18,Optimal,Low,Medium,Close shade curtains,7,Optimal,Low,Low,0.05
78,19,Optimal,Low,Low,Heater OFF,3,Optimal,Optimal,Low,0.05
78,20,Optimal,Optimal,Low,Open shade curtains,6,Optimal,Optimal,Medium,0.05
78,21,Optimal,Optimal,Medium,Heater OFF,10,Optimal,Low,Medium,0.05
78,22,Optimal,Low,Medium,Heater OFF,7,Optimal,Optimal,Medium,0.05
78,23,Optimal,Optimal,Medium,Heater OFF,10,Optimal,Low,Medium,0.05
78,24,Optimal,Low,Medium,Heater OFF,7,Optimal,Optimal,Medium,0.05
78,25,Optimal,Optimal,Medium,Heater OFF,10,Optimal,Low,Medium,0.05
78,26,Optimal,Low,Medium,Heater OFF,7,Optimal,Optimal,Medium,0.05
78,27,Optimal,Optimal,Medium,Heater OFF,10,Optimal,Low,Medium,0.05
78,28,Optimal,Low,Medium,Heater OFF,7,Optimal,Optimal,Medium,0.05
78,29,Optimal,Optimal,Medium,Heater OFF,10,Optimal,Low,Medium,0.05
78,30,Optimal,Low,Medium,Heater OFF,7,Optimal,Optimal,Medium,0.05
78,31,Optimal,Optimal,Medium,Heater OFF,10,Optimal,Low,Medium,0.05
78,32,Optimal,Low,Medium,Heater OFF,7,Optimal,Optimal,Medium,0.05
78,33,Optimal,Optimal,Medium,Do nothing,10,Optimal,Optimal,Medium,0.05
78,34,Optimal,Optimal,Medium,Close shade curtains,10,Optimal,Optimal,Low,0.05
78,35,Optimal,Optimal,Low,Open shade curtains,6,Optimal,Optimal,Medium,0.05
78,36,Optimal,Optimal,Medium,Close shade curtains,10,Optimal,Optimal,Low,0.05
78,37,Optimal,Optimal,Low,Open shade curtains,6,Optimal,Optimal,Medium,0.05
78,38,Optimal,Optimal,Medium,Close shade curtains,10,Optimal,Optimal,Low,0.05
78,39,Optimal,Optimal,Low,Open shade curtains,6,Optimal,Optimal,Low,0.05
78,40,Optimal,Optimal,Low,Open shade curtains,6,Optimal,Optimal,High,0.05
78,41,Optimal,Optimal,High,Close shade curtains,6,Optimal,Optimal,Medium,0.05
78,42,Optimal,Optimal,Medium,Close shade curtains,10,Optimal,Optimal,Medium,0.05
78,43,Optimal,Optimal,Medium,Close shade curtains,10,Optimal,Optimal,Low,0.05
78,44,Optimal,Optimal,Low,Open shade curtains,6,Optimal,Optimal,Medium,0.05
78,45,Optimal,Optimal,Medium,Do nothing,10,Optimal,Optimal,Medium,0.05
78,46,Optimal,Optimal,Medium,Do nothing,10,Optimal,Optimal,Medium,0.05
78,47,Optimal,Optimal,Medium,Do nothing,10,Optimal,Optimal,Medium,0.05
78,48,Optimal,Optimal,Medium,Do nothing,10,Optimal,Optimal,Medium,0.05
78,49,Optimal,Optimal,Medium,Open shade curtains,10,Optimal,Optimal,High,0.05
78,50,Optimal,Optimal,High,Close shade curtains,6,Optimal,Optimal,Medium,0.05
79,1,Wet,Low,Medium,Heater OFF,4,Wet,Optimal,Medium,0.05
79,2,Wet,Optimal,Medium,Water Pump OFF,7,Wet,Optimal,High,0.05
79,3,Wet,Optimal,High,Close shade curtains,3,Wet,Optimal,Medium,0.05
79,4,Wet,Optimal,Medium,Water Pump OFF,7,Optimal,Optimal,Medium,0.05
79,5,Optimal,Optimal,Medium,Do nothing,10,Optimal,Optimal,Medium,0.05
79,6,Optimal,Optimal,Medium,Do nothing,10,Optimal,Optimal,Medium,0.05
79,7,Optimal,Optimal,Medium,Do nothing,10,Optimal,Optimal,Medium,0.05
79,8,Optimal,Optimal,Medium,Do nothing,10,Optimal,Optimal,Medium,0.05
79,9,Optimal,Optimal,Medium,Open shade curtains,10,Optimal,Optimal,High,0.05
79,10,Optimal,Optimal,High,Close shade curtains,6,Optimal,Optimal,Medium,0.05
79,11,Optimal,Optimal,Medium,Do nothing,10,Optimal,Optimal,Medium,0.05
79,12,Optimal,Optimal,Medium,Do nothing,10,Optimal,Optimal,Medium,0.05
79,13,Optimal,Optimal,Medium,Do nothing,10,Optimal,Optimal,Medium,0.05
79,14,Optimal,Optimal,Medium,Do nothing,10,Optimal,Optimal,High,0.05
79,15,Optimal,Optimal,High,Close shade curtains,6,Optimal,Optimal,Medium,0.05
79,16,Optimal,Optimal,Medium,Do nothing,10,Optimal,Optimal,Medium,0.05
79,17,Optimal,Optimal,Medium,Do nothing,10,Optimal,Optimal,Medium,0.05
79,18,Optimal,Optimal,Medium,Do nothing,10,Optimal,Optimal,Medium,0.05
79,19,Optimal,Optimal,Medium,Do nothing,10,Optimal,Optimal,Medium,0.05
79,20,Optimal,Optimal,Medium,Do nothing,10,Optimal,Optimal,Medium,0.05
79,21,Optimal,Optimal,Medium,Do nothing,10,Optimal,Optimal,Medium,0.05
79,22,Optimal,Optimal,Medium,Do nothing,10,Optimal,Optimal,Medium,0.05
79,23,Optimal,Optimal,Medium,Do nothing,10,Optimal,Optimal,Medium,0.05
79,24,Optimal,Optimal,Medium,Do nothing,10,Optimal,Optimal,Medium,0.05
79,25,Optimal,Optimal,Medium,Do nothing,10,Optimal,Optimal,Medium,0.05
79,26,Optimal,Optimal,Medium,Do nothing,10,Optimal,Optimal,Medium,0.05
79,27,Optimal,Optimal,Medium,Do nothing,10,Optimal,Optimal,Medium,0.05
79,28,Optimal,Optimal,Medium,Do nothing,10,Optimal,Optimal,Medium,0.05
79,29,Optimal,Optimal,Medium,Do nothing,10,Optimal,Optimal,Medium,0.05
79,30,Optimal,Optimal,Medium,Do nothing,10,Optimal,Optimal,Medium,0.05
79,31,Optimal,Optimal,Medium,Do nothing,10,Optimal,Optimal,Medium,0.05
79,32,Optimal,Optimal,Medium,Do nothing,10,Optimal,Optimal,Medium,0.05
79,33,Optimal,Optimal,Medium,Do nothing,10,Optimal,Optimal,Medium,0.05
79,34,Optimal,Optimal,Medium,Do nothing,10,Optimal,Optimal,Medium,0.05
79,35,Optimal,Optimal,Medium,Do nothing,10,Optimal,Optimal,Medium,0.05
79,36,Optimal,Optimal,Medium,Do nothing,10,Optimal,Optimal,Medium,0.05
79,37,Optimal,Optimal,Medium,Do nothing,10,Optimal,Optimal,Medium,0.05
79,38,Optimal,Optimal,Medium,Do nothing,10,Optimal,Optimal,Medium,0.05
79,39,Optimal,Optimal,Medium,Do nothing,10,Optimal,Optimal,Medium,0.05
79,40,Optimal,Optimal,Medium,Do nothing,10,Optimal,Optimal,Medium,0.05
79,41,Optimal,Optimal,Medium,Do nothing,10,Optimal,Optimal,Medium,0.05
79,42,Optimal,Optimal,Medium,Do nothing,10,Optimal,Optimal,Medium,0.05
79,43,Optimal,Optimal,Medium,Do nothing,10,Optimal,Optimal,Medium,0.05
79,44,Optimal,Optimal,Medium,Do nothing,10,Optimal,Optimal,Medium,0.05
79,45,Optimal,Optimal,Medium,Do nothing,10,Optimal,Optimal,Medium,0.05
79,46,Optimal,Optimal,Medium,Do nothing,10,Optimal,Optimal,Medium,0.05
79,47,Optimal,Optimal,Medium,Do nothing,10,Optimal,Optimal,Medium,0.05
79,48,Optimal,Optimal,Medium,Do nothing,10,Optimal,Optimal,Medium,0.05
79,49,Optimal,Optimal,Medium,Do nothing,10,Optimal,Optimal,Medium,0.05
79,50,Optimal,Optimal,Medium,Do nothing,10,Optimal,Optimal,Medium,0.05
80,1,Wet,Low,High,Close shade curtains,0,Wet,Low,Medium,0.05
80,2,Wet,Low,Medium,Heater OFF,4,Wet,Optimal,Medium,0.05
80,3,Wet,Optimal,Medium,Water Pump OFF,7,Optimal,Optimal,Medium,0.05
80,4,Optimal,Optimal,Medium,Do nothing,10,Optimal,Optimal,Medium,0.05
80,5,Optimal,Optimal,Medium,Do nothing,10,Optimal,Optimal,Medium,0.05
80,6,Optimal,Optimal,Medium,Do nothing,10,Optimal,Optimal,Medium,0.05
80,7,Optimal,Optimal,Medium,Heater ON,10,Optimal,Optimal,Medium,0.05
80,8,Optimal,Optimal,Medium,Do nothing,10,Optimal,Optimal,Medium,0.05
80,9,Optimal,Optimal,Medium,Do nothing,10,Optimal,Optimal,Medium,0.05
80,10,Optimal,Optimal,Medium,Do nothing,10,Optimal,Optimal,Medium,0.05
80,11,Optimal,Optimal,Medium,Do nothing,10,Optimal,Optimal,Medium,0.05
80,12,Optimal,Optimal,Medium,Do nothing,10,Optimal,Optimal,Medium,0.05
80,13,Optimal,Optimal,Medium,Do nothing,10,Optimal,Optimal,Medium,0.05
80,14,Optimal,Optimal,Medium,Do nothing,10,Optimal,Optimal,Medium,0.05
80,15,Optimal,Optimal,Medium,Do nothing,10,Optimal,Optimal,Medium,0.05
80,16,Optimal,Optimal,Medium,Do nothing,10,Optimal,Optimal,Medium,0.05
80,17,Optimal,Optimal,Medium,Do nothing,10,Optimal,Optimal,Medium,0.05
80,18,Optimal,Optimal,Medium,Do nothing,10,Optimal,Optimal,Medium,0.05
80,19,Optimal,Optimal,Medium,Do nothing,10,Optimal,Optimal,Medium,0.05
80,20,Optimal,Optimal,Medium,Do nothing,10,Optimal,Optimal,Medium,0.05
80,21,Optimal,Optimal,Medium,Do nothing,10,Optimal,Optimal,Medium,0.05
80,22,Optimal,Optimal,Medium,Do nothing,10,Optimal,Optimal,Medium,0.05
80,23,Optimal,Optimal,Medium,Do nothing,10,Optimal,Optimal,Medium,0.05
80,24,Optimal,Optimal,Medium,Heater ON,10,Optimal,High,Medium,0.05
80,25,Optimal,High,Medium,Heater OFF,7,Optimal,Optimal,Medium,0.05
80,26,Optimal,Optimal,Medium,Do nothing,10,Optimal,Optimal,Medium,0.05
80,27,Optimal,Optimal,Medium,Do nothing,10,Optimal,Optimal,Medium,0.05
80,28,Optimal,Optimal,Medium,Do nothing,10,Optimal,Optimal,Low,0.05
80,29,Optimal,Optimal,Low,Open shade curtains,6,Optimal,Optimal,High,0.05
80,30,Optimal,Optimal,High,Close shade curtains,6,Optimal,Optimal,Medium,0.05
80,31,Optimal,Optimal,Medium,Heater ON,10,Optimal,High,Medium,0.05
80,32,Optimal,High,Medium,Heater OFF,7,Optimal,Optimal,Medium,0.05
80,33,Optimal,Optimal,Medium,Do nothing,10,Optimal,Optimal,Medium,0.05
80,34,Optimal,Optimal,Medium,Do nothing,10,Optimal,Optimal,Medium,0.05
80,35,Optimal,Optimal,Medium,Do nothing,10,Optimal,Optimal,Medium,0.05
80,36,Optimal,Optimal,Medium,Do nothing,10,Optimal,Optimal,Medium,0.05
80,37,Optimal,Optimal,Medium,Heater OFF,10,Optimal,Low,Medium,0.05
80,38,Optimal,Low,Medium,Heater OFF,7,Optimal,Optimal,Medium,0.05
80,39,Optimal,Optimal,Medium,Heater OFF,10,Optimal,Optimal,Medium,0.05
80,40,Optimal,Optimal,Medium,Heater OFF,10,Optimal,Low,Medium,0.05
80,41,Optimal,Low,Medium,Heater OFF,7,Optimal,Low,Medium,0.05
80,42,Optimal,Low,Medium,Heater OFF,7,Optimal,Optimal,Medium,0.05
80,43,Optimal,Optimal,Medium,Do nothing,10,Optimal,Optimal,Medium,0.05
80,44,Optimal,Optimal,Medium,Water Pump ON,10,Wet,Optimal,Medium,0.05
80,45,Wet,Optimal,Medium,Water Pump OFF,7,Optimal,Optimal,Medium,0.05
80,46,Optimal,Optimal,Medium,Do nothing,10,Optimal,Optimal,Medium,0.05
80,47,Optimal,Optimal,Medium,Do nothing,10,Optimal,Optimal,Low,0.05
80,48,Optimal,Optimal,Low,Open shade curtains,6,Optimal,Optimal,Medium,0.05
80,49,Optimal,Optimal,Medium,Do nothing,10,Optimal,Optimal,Medium,0.05
80,50,Optimal,Optimal,Medium,Do nothing,10,Optimal,Optimal,Medium,0.05
81,1,Wet,Low,High,Close shade curtains,0,Wet,Low,Medium,0.05
81,2,Wet,Low,Medium,Heater OFF,4,Wet,Optimal,Medium,0.05
81,3,Wet,Optimal,Medium,Water Pump OFF,7,Optimal,Optimal,Medium,0.05
81,4,Optimal,Optimal,Medium,Do nothing,10,Optimal,Optimal,Medium,0.05
81,5,Optimal,Optimal,Medium,Do nothing,10,Optimal,Optimal,Medium,0.05
81,6,Optimal,Optimal,Medium,Do nothing,10,Optimal,Optimal,Medium,0.05
81,7,Optimal,Optimal,Medium,Do nothing,10,Optimal,Optimal,Medium,0.05
81,8,Optimal,Optimal,Medium,Do nothing,10,Optimal,Optimal,Medium,0.05
81,9,Optimal,Optimal,Medium,Do nothing,10,Optimal,Optimal,Medium,0.05
81,10,Optimal,Optimal,Medium,Do nothing,10,Optimal,Optimal,Medium,0.05
81,11,Optimal,Optimal,Medium,Water Pump ON,10,Wet,Optimal,Medium,0.05
81,12,Wet,Optimal,Medium,Water Pump OFF,7,Optimal,Optimal,Medium,0.05
81,13,Optimal,Optimal,Medium,Do nothing,10,Optimal,Optimal,Medium,0.05
81,14,Optimal,Optimal,Medium,Do nothing,10,Optimal,Optimal,Medium,0.05
81,15,Optimal,Optimal,Medium,Do nothing,10,Optimal,Optimal,Medium,0.05
81,16,Optimal,Optimal,Medium,Do nothing,10,Optimal,Optimal,Medium,0.05
81,17,Optimal,Optimal,Medium,Do nothing,10,Optimal,Optimal,Medium,0.05
81,18,Optimal,Optimal,Medium,Do nothing,10,Optimal,Optimal,Medium,0.05
81,19,Optimal,Optimal,Medium,Do nothing,10,Optimal,Optimal,Medium,0.05
81,20,Optimal,Optimal,Medium,Do nothing,10,Optimal,Optimal,Medium,0.05
81,21,Optimal,Optimal,Medium,Do nothing,10,Optimal,Optimal,Medium,0.05
81,22,Optimal,Optimal,Medium,Do nothing,10,Optimal,Optimal,Medium,0.05
81,23,Optimal,Optimal,Medium,Do nothing,10,Optimal,Optimal,Medium,0.05
81,24,Optimal,Optimal,Medium,Do nothing,10,Optimal,Optimal,Medium,0.05
81,25,Optimal,Optimal,Medium,Do nothing,10,Optimal,Optimal,Medium,0.05
81,26,Optimal,Optimal,Medium,Do nothing,10,Optimal,Optimal,Medium,0.05
81,27,Optimal,Optimal,Medium,Do nothing,10,Optimal,Optimal,Medium,0.05
81,28,Optimal,Optimal,Medium,Do nothing,10,Optimal,Optimal,Medium,0.05
81,29,Optimal,Optimal,Medium,Do nothing,10,Optimal,Optimal,Medium,0.05
81,30,Optimal,Optimal,Medium,Do nothing,10,Optimal,Optimal,Medium,0.05
81,31,Optimal,Optimal,Medium,Do nothing,10,Optimal,Optimal,Medium,0.05
81,32,Optimal,Optimal,Medium,Close shade curtains,10,Optimal,Optimal,Low,0.05
81,33,Optimal,Optimal,Low,Open shade curtains,6,Optimal,Optimal,Medium,0.05
81,34,Optimal,Optimal,Medium,Do nothing,10,Optimal,Optimal,Medium,0.05
81,35,Optimal,Optimal,Medium,Do nothing,10,Optimal,Optimal,Medium,0.05
81,36,Optimal,Optimal,Medium,Do nothing,10,Optimal,Optimal,Medium,0.05
81,37,Optimal,Optimal,Medium,Do nothing,10,Optimal,Optimal,Medium,0.05
81,38,Optimal,Optimal,Medium,Do nothing,10,Optimal,Optimal,Medium,0.05
81,39,Optimal,Optimal,Medium,Do nothing,10,Optimal,Optimal,Medium,0.05
81,40,Optimal,Optimal,Medium,Do nothing,10,Optimal,Optimal,Medium,0.05
81,41,Optimal,Optimal,Medium,Do nothing,10,Optimal,Optimal,Medium,0.05
81,42,Optimal,Optimal,Medium,Do nothing,10,Optimal,Optimal,Medium,0.05
81,43,Optimal,Optimal,Medium,Do nothing,10,Optimal,Optimal,Medium,0.05
81,44,Optimal,Optimal,Medium,Do nothing,10,Optimal,Optimal,Medium,0.05
81,45,Optimal,Optimal,Medium,Do nothing,10,Optimal,Optimal,Medium,0.05
81,46,Optimal,Optimal,Medium,Do nothing,10,Optimal,Optimal,Medium,0.05
81,47,Optimal,Optimal,Medium,Do nothing,10,Optimal,Optimal,Medium,0.05
81,48,Optimal,Optimal,Medium,Do nothing,10,Optimal,Optimal,Medium,0.05
81,49,Optimal,Optimal,Medium,Do nothing,10,Optimal,Optimal,Medium,0.05
81,50,Optimal,Optimal,Medium,Do nothing,10,Optimal,Optimal,Medium,0.05
82,1,Optimal,Optimal,Medium,Do nothing,10,Optimal,Optimal,Medium,0.05
82,2,Optimal,Optimal,Medium,Heater ON,10,Optimal,High,Medium,0.05
82,3,Optimal,High,Medium,Heater OFF,7,Optimal,Optimal,Medium,0.05
82,4,Optimal,Optimal,Medium,Do nothing,10,Optimal,Optimal,Medium,0.05
82,5,Optimal,Optimal,Medium,Do nothing,10,Optimal,Optimal,Medium,0.05
82,6,Optimal,Optimal,Medium,Do nothing,10,Optimal,Optimal,Medium,0.05
82,7,Optimal,Optimal,Medium,Do nothing,10,Optimal,Optimal,Medium,0.05
82,8,Optimal,Optimal,Medium,Do nothing,10,Optimal,Optimal,Medium,0.05
82,9,Optimal,Optimal,Medium,Do nothing,10,Optimal,Optimal,Medium,0.05
82,10,Optimal,Optimal,Medium,Do nothing,10,Optimal,Optimal,Medium,0.05
82,11,Optimal,Optimal,Medium,Do nothing,10,Optimal,Optimal,Medium,0.05
82,12,Optimal,Optimal,Medium,Do nothing,10,Optimal,Optimal,Medium,0.05
82,13,Optimal,Optimal,Medium,Do nothing,10,Optimal,Optimal,Medium,0.05
82,14,Optimal,Optimal,Medium,Do nothing,10,Optimal,Optimal,Medium,0.05
82,15,Optimal,Optimal,Medium,Do nothing,10,Optimal,Optimal,Medium,0.05
82,16,Optimal,Optimal,Medium,Do nothing,10,Optimal,Optimal,Medium,0.05
82,17,Optimal,Optimal,Medium,Do nothing,10,Optimal,Optimal,Medium,0.05
82,18,Optimal,Optimal,Medium,Do nothing,10,Optimal,Optimal,Medium,0.05
82,19,Optimal,Optimal,Medium,Do nothing,10,Optimal,Optimal,Medium,0.05
82,20,Optimal,Optimal,Medium,Do nothing,10,Optimal,Optimal,Medium,0.05
82,21,Optimal,Optimal,Medium,Do nothing,10,Optimal,Optimal,Medium,0.05
82,22,Optimal,Optimal,Medium,Do nothing,10,Optimal,Optimal,Medium,0.05
82,23,Optimal,Optimal,Medium,Do nothing,10,Optimal,Optimal,Medium,0.05
82,24,Optimal,Optimal,Medium,Do nothing,10,Optimal,Optimal,Medium,0.05
82,25,Optimal,Optimal,Medium,Do nothing,10,Optimal,Optimal,Medium,0.05
82,26,Optimal,Optimal,Medium,Do nothing,10,Optimal,Optimal,Medium,0.05
82,27,Optimal,Optimal,Medium,Do nothing,10,Optimal,Optimal,Medium,0.05
82,28,Optimal,Optimal,Medium,Do nothing,10,Optimal,Optimal,Medium,0.05
82,29,Optimal,Optimal,Medium,Do nothing,10,Optimal,Optimal,Medium,0.05
82,30,Optimal,Optimal,Medium,Do nothing,10,Optimal,Optimal,Medium,0.05
82,31,Optimal,Optimal,Medium,Do nothing,10,Optimal,Optimal,Medium,0.05
82,32,Optimal,Optimal,Medium,Do nothing,10,Optimal,Optimal,Medium,0.05
82,33,Optimal,Optimal,Medium,Do nothing,10,Optimal,Optimal,Medium,0.05
82,34,Optimal,Optimal,Medium,Do nothing,10,Optimal,Optimal,Medium,0.05
82,35,Optimal,Optimal,Medium,Do nothing,10,Optimal,Optimal,Medium,0.05
82,36,Optimal,Optimal,Medium,Do nothing,10,Optimal,Optimal,Medium,0.05
82,37,Optimal,Optimal,Medium,Heater ON,10,Optimal,High,Medium,0.05
82,38,Optimal,High,Medium,Heater OFF,7,Optimal,Optimal,Medium,0.05
82,39,Optimal,Optimal,Medium,Do nothing,10,Optimal,Optimal,Medium,0.05
82,40,Optimal,Optimal,Medium,Do nothing,10,Optimal,Optimal,Medium,0.05
82,41,Optimal,Optimal,Medium,Do nothing,10,Optimal,Optimal,Medium,0.05
82,42,Optimal,Optimal,Medium,Do nothing,10,Optimal,Optimal,Medium,0.05
82,43,Optimal,Optimal,Medium,Do nothing,10,Optimal,Optimal,Medium,0.05
82,44,Optimal,Optimal,Medium,Do nothing,10,Optimal,Optimal,Medium,0.05
82,45,Optimal,Optimal,Medium,Do nothing,10,Optimal,Optimal,Medium,0.05
82,46,Optimal,Optimal,Medium,Do nothing,10,Optimal,Optimal,Medium,0.05
82,47,Optimal,Optimal,Medium,Do nothing,10,Optimal,Optimal,Medium,0.05
82,48,Optimal,Optimal,Medium,Do nothing,10,Optimal,Optimal,Medium,0.05
82,49,Optimal,Optimal,Medium,Do nothing,10,Optimal,Optimal,Medium,0.05
82,50,Optimal,Optimal,Medium,Do nothing,10,Optimal,Optimal,Medium,0.05
83,1,Dry,Optimal,Low,Heater OFF,3,Dry,Low,Low,0.05
83,2,Dry,Low,Low,Heater OFF,0,Dry,Optimal,Low,0.05
83,3,Dry,Optimal,Low,Water Pump OFF,1,Optimal,Optimal,Low,0.05
83,4,Optimal,Optimal,Low,Open shade curtains,6,Optimal,Optimal,Medium,0.05
83,5,Optimal,Optimal,Medium,Do nothing,10,Optimal,Optimal,Medium,0.05
83,6,Optimal,Optimal,Medium,Do nothing,10,Optimal,Optimal,Medium,0.05
83,7,Optimal,Optimal,Medium,Do nothing,10,Optimal,Optimal,Medium,0.05
83,8,Optimal,Optimal,Medium,Do nothing,10,Optimal,Optimal,Medium,0.05
83,9,Optimal,Optimal,Medium,Do nothing,10,Optimal,Optimal,Medium,0.05
83,10,Optimal,Optimal,Medium,Do nothing,10,Optimal,Optimal,Medium,0.05
83,11,Optimal,Optimal,Medium,Do nothing,10,Optimal,Optimal,Medium,0.05
83,12,Optimal,Optimal,Medium,Do nothing,10,Optimal,Optimal,High,0.05
83,13,Optimal,Optimal,High,Close shade curtains,6,Optimal,Optimal,Medium,0.05
83,14,Optimal,Optimal,Medium,Water Pump OFF,10,Dry,Optimal,Medium,0.05
83,15,Dry,Optimal,Medium,Water Pump OFF,5,Optimal,Optimal,Medium,0.05
83,16,Optimal,Optimal,Medium,Water Pump OFF,10,Dry,Optimal,Medium,0.05
83,17,Dry,Optimal,Medium,Water Pump OFF,5,Optimal,Optimal,Medium,0.05
83,18,Optimal,Optimal,Medium,Water Pump OFF,10,Dry,Optimal,Medium,0.05
83,19,Dry,Optimal,Medium,Water Pump OFF,5,Optimal,Optimal,Medium,0.05
83,20,Optimal,Optimal,Medium,Water Pump OFF,10,Dry,Optimal,Medium,0.05
83,21,Dry,Optimal,Medium,Water Pump OFF,5,Optimal,Optimal,Medium,0.05
83,22,Optimal,Optimal,Medium,Water Pump ON,10,Wet,Optimal,Medium,0.05
83,23,Wet,Optimal,Medium,Water Pump OFF,7,Optimal,Optimal,Medium,0.05
83,24,Optimal,Optimal,Medium,Water Pump ON,10,Wet,Optimal,Medium,0.05
83,25,Wet,Optimal,Medium,Water Pump OFF,7,Wet,Optimal,Medium,0.05
83,26,Wet,Optimal,Medium,Water Pump OFF,7,Optimal,Optimal,Medium,0.05
83,27,Optimal,Optimal,Medium,Water Pump ON,10,Wet,Optimal,Medium,0.05
83,28,Wet,Optimal,Medium,Water Pump OFF,7,Optimal,Optimal,Medium,0.05
83,29,Optimal,Optimal,Medium,Water Pump ON,10,Wet,Optimal,Medium,0.05
83,30,Wet,Optimal,Medium,Water Pump OFF,7,Optimal,Optimal,Medium,0.05
83,31,Optimal,Optimal,Medium,Water Pump ON,10,Wet,Optimal,Medium,0.05
83,32,Wet,Optimal,Medium,Water Pump OFF,7,Optimal,Optimal,Medium,0.05
83,33,Optimal,Optimal,Medium,Heater ON,10,Optimal,High,Medium,0.05
83,34,Optimal,High,Medium,Heater OFF,7,Optimal,Optimal,Medium,0.05
83,35,Optimal,Optimal,Medium,Heater ON,10,Optimal,High,Medium,0.05
83,36,Optimal,High,Medium,Heater OFF,7,Optimal,Optimal,Medium,0.05
83,37,Optimal,Optimal,Medium,Heater ON,10,Optimal,High,Medium,0.05
83,38,Optimal,High,Medium,Heater OFF,7,Optimal,Optimal,Medium,0.05
83,39,Optimal,Optimal,Medium,Close shade curtains,10,Optimal,Optimal,Low,0.05
83,40,Optimal,Optimal,Low,Open shade curtains,6,Optimal,Optimal,Medium,0.05
83,41,Optimal,Optimal,Medium,Close shade curtains,10,Optimal,Optimal,Low,0.05
83,42,Optimal,Optimal,Low,Open shade curtains,6,Optimal,Optimal,Medium,0.05
83,43,Optimal,Optimal,Medium,Close shade curtains,10,Optimal,Optimal,Low,0.05
83,44,Optimal,Optimal,Low,Open shade curtains,6,Optimal,Optimal,Medium,0.05
83,45,Optimal,Optimal,Medium,Close shade curtains,10,Optimal,Optimal,Low,0.05
83,46,Optimal,Optimal,Low,Open shade curtains,6,Optimal,Optimal,Medium,0.05
83,47,Optimal,Optimal,Medium,Close shade curtains,10,Optimal,Optimal,Low,0.05
83,48,Optimal,Optimal,Low,Open shade curtains,6,Optimal,Optimal,Low,0.05
83,49,Optimal,Optimal,Low,Open shade curtains,6,Optimal,Optimal,Medium,0.05
83,50,Optimal,Optimal,Medium,Close shade curtains,10,Optimal,Optimal,Low,0.05
84,1,Dry,Low,High,Heater OFF,0,Dry,Optimal,High,0.05
84,2,Dry,Optimal,High,Close shade curtains,3,Dry,Optimal,Medium,0.05
84,3,Dry,Optimal,Medium,Water Pump OFF,5,Optimal,Optimal,Medium,0.05
84,4,Optimal,Optimal,Medium,Close shade curtains,10,Optimal,Optimal,Low,0.05
84,5,Optimal,Optimal,Low,Open shade curtains,6,Optimal,Optimal,Medium,0.05
84,6,Optimal,Optimal,Medium,Do nothing,10,Optimal,Optimal,Low,0.05
84,7,Optimal,Optimal,Low,Open shade curtains,6,Optimal,Optimal,Medium,0.05
84,8,Optimal,Optimal,Medium,Do nothing,10,Optimal,Optimal,Medium,0.05
84,9,Optimal,Optimal,Medium,Heater OFF,10,Optimal,Low,Medium,0.05
84,10,Optimal,Low,Medium,Heater OFF,7,Optimal,Low,Medium,0.05
84,11,Optimal,Low,Medium,Heater OFF,7,Optimal,Optimal,Medium,0.05
84,12,Optimal,Optimal,Medium,Do nothing,10,Optimal,Optimal,Medium,0.05
84,13,Optimal,Optimal,Medium,Do nothing,10,Optimal,Optimal,Medium,0.05
84,14,Optimal,Optimal,Medium,Do nothing,10,Optimal,Optimal,Medium,0.05
84,15,Optimal,Optimal,Medium,Do nothing,10,Optimal,Optimal,Medium,0.05
84,16,Optimal,Optimal,Medium,Do nothing,10,Optimal,Optimal,Medium,0.05
84,17,Optimal,Optimal,Medium,Do nothing,10,Optimal,Optimal,Medium,0.05
84,18,Optimal,Optimal,Medium,Do nothing,10,Optimal,Optimal,Medium,0.05
84,19,Optimal,Optimal,Medium,Do nothing,10,Optimal,Optimal,Medium,0.05
84,20,Optimal,Optimal,Medium,Do nothing,10,Optimal,Optimal,Medium,0.05
84,21,Optimal,Optimal,Medium,Do nothing,10,Optimal,Optimal,Medium,0.05
84,22,Optimal,Optimal,Medium,Do nothing,10,Optimal,Optimal,High,0.05
84,23,Optimal,Optimal,High,Close shade curtains,6,Optimal,Optimal,High,0.05
84,24,Optimal,Optimal,High,Close shade curtains,6,Optimal,Optimal,Medium,0.05
84,25,Optimal,Optimal,Medium,Do nothing,10,Optimal,Optimal,Medium,0.05
84,26,Optimal,Optimal,Medium,Do nothing,10,Optimal,Optimal,Medium,0.05
84,27,Optimal,Optimal,Medium,Do nothing,10,Optimal,Optimal,Medium,0.05
84,28,Optimal,Optimal,Medium,Do nothing,10,Optimal,Optimal,Medium,0.05
84,29,Optimal,Optimal,Medium,Do nothing,10,Optimal,Optimal,Medium,0.05
84,30,Optimal,Optimal,Medium,Do nothing,10,Optimal,Optimal,Medium,0.05
84,31,Optimal,Optimal,Medium,Do nothing,10,Optimal,Optimal,Medium,0.05
84,32,Optimal,Optimal,Medium,Do nothing,10,Optimal,Optimal,Medium,0.05
84,33,Optimal,Optimal,Medium,Do nothing,10,Optimal,Optimal,Medium,0.05
84,34,Optimal,Optimal,Medium,Water Pump OFF,10,Dry,Optimal,Medium,0.05
84,35,Dry,Optimal,Medium,Water Pump OFF,5,Optimal,Optimal,Medium,0.05
84,36,Optimal,Optimal,Medium,Do nothing,10,Optimal,Optimal,Medium,0.05
84,37,Optimal,Optimal,Medium,Do nothing,10,Optimal,Optimal,Medium,0.05
84,38,Optimal,Optimal,Medium,Do nothing,10,Optimal,Optimal,Medium,0.05
84,39,Optimal,Optimal,Medium,Do nothing,10,Optimal,Optimal,Medium,0.05
84,40,Optimal,Optimal,Medium,Do nothing,10,Optimal,Optimal,Medium,0.05
84,41,Optimal,Optimal,Medium,Do nothing,10,Optimal,Optimal,High,0.05
84,42,Optimal,Optimal,High,Close shade curtains,6,Optimal,Optimal,Medium,0.05
84,43,Optimal,Optimal,Medium,Do nothing,10,Optimal,Optimal,Medium,0.05
84,44,Optimal,Optimal,Medium,Do nothing,10,Optimal,Optimal,Medium,0.05
84,45,Optimal,Optimal,Medium,Do nothing,10,Optimal,Optimal,Medium,0.05
84,46,Optimal,Optimal,Medium,Do nothing,10,Optimal,Optimal,Medium,0.05
84,47,Optimal,Optimal,Medium,Do nothing,10,Optimal,Optimal,Medium,0.05
84,48,Optimal,Optimal,Medium,Do nothing,10,Optimal,Optimal,Medium,0.05
84,49,Optimal,Optimal,Medium,Do nothing,10,Optimal,Optimal,Medium,0.05
84,50,Optimal,Optimal,Medium,Do nothing,10,Optimal,Optimal,Medium,0.05
85,1,Dry,Low,High,Water Pump ON,0,Optimal,Low,High,0.05
85,2,Optimal,Low,High,Heater OFF,3,Optimal,Optimal,High,0.05
85,3,Optimal,Optimal,High,Close shade curtains,6,Optimal,Optimal,Medium,0.05
85,4,Optimal,Optimal,Medium,Do nothing,10,Optimal,Optimal,Medium,0.05
85,5,Optimal,Optimal,Medium,Do nothing,10,Optimal,Optimal,Medium,0.05
85,6,Optimal,Optimal,Medium,Do nothing,10,Optimal,Optimal,Medium,0.05
85,7,Optimal,Optimal,Medium,Do nothing,10,Optimal,Optimal,Medium,0.05
85,8,Optimal,Optimal,Medium,Do nothing,10,Optimal,Optimal,Medium,0.05
85,9,Optimal,Optimal,Medium,Do nothing,10,Optimal,Optimal,Medium,0.05
85,10,Optimal,Optimal,Medium,Do nothing,10,Optimal,Optimal,Medium,0.05
85,11,Optimal,Optimal,Medium,Do nothing,10,Optimal,Optimal,Medium,0.05
85,12,Optimal,Optimal,Medium,Do nothing,10,Optimal,Optimal,Medium,0.05
85,13,Optimal,Optimal,Medium,Do nothing,10,Optimal,Optimal,Medium,0.05
85,14,Optimal,Optimal,Medium,Do nothing,10,Optimal,Optimal,Medium,0.05
85,15,Optimal,Optimal,Medium,Do nothing,10,Optimal,Optimal,Medium,0.05
85,16,Optimal,Optimal,Medium,Do nothing,10,Optimal,Optimal,Medium,0.05
85,17,Optimal,Optimal,Medium,Do nothing,10,Optimal,Optimal,Medium,0.05
85,18,Optimal,Optimal,Medium,Do nothing,10,Optimal,Optimal,Medium,0.05
85,19,Optimal,Optimal,Medium,Do nothing,10,Optimal,Optimal,Medium,0.05
85,20,Optimal,Optimal,Medium,Do nothing,10,Optimal,Optimal,Medium,0.05
85,21,Optimal,Optimal,Medium,Do nothing,10,Optimal,Optimal,Medium,0.05
85,22,Optimal,Optimal,Medium,Do nothing,10,Optimal,Optimal,Medium,0.05
85,23,Optimal,Optimal,Medium,Do nothing,10,Optimal,Optimal,Medium,0.05
85,24,Optimal,Optimal,Medium,Do nothing,10,Optimal,Optimal,Medium,0.05
85,25,Optimal,Optimal,Medium,Do nothing,10,Optimal,Optimal,Medium,0.05
85,26,Optimal,Optimal,Medium,Do nothing,10,Optimal,Optimal,Medium,0.05
85,27,Optimal,Optimal,Medium,Do nothing,10,Optimal,Optimal,Medium,0.05
85,28,Optimal,Optimal,Medium,Do nothing,10,Optimal,Optimal,Medium,0.05
85,29,Optimal,Optimal,Medium,Do nothing,10,Optimal,Optimal,Medium,0.05
85,30,Optimal,Optimal,Medium,Do nothing,10,Optimal,Optimal,High,0.05
85,31,Optimal,Optimal,High,Close shade curtains,6,Optimal,Optimal,Medium,0.05
85,32,Optimal,Optimal,Medium,Do nothing,10,Optimal,Optimal,Medium,0.05
85,33,Optimal,Optimal,Medium,Do nothing,10,Optimal,Optimal,Low,0.05
85,34,Optimal,Optimal,Low,Open shade curtains,6,Optimal,Optimal,Medium,0.05
85,35,Optimal,Optimal,Medium,Do nothing,10,Optimal,Optimal,Medium,0.05
85,36,Optimal,Optimal,Medium,Do nothing,10,Optimal,Optimal,Medium,0.05
85,37,Optimal,Optimal,Medium,Do nothing,10,Optimal,Optimal,Medium,0.05
85,38,Optimal,Optimal,Medium,Water Pump OFF,10,Dry,Optimal,Medium,0.05
85,39,Dry,Optimal,Medium,Water Pump OFF,5,Optimal,Optimal,Medium,0.05
85,40,Optimal,Optimal,Medium,Do nothing,10,Optimal,Optimal,Medium,0.05
85,41,Optimal,Optimal,Medium,Water Pump OFF,10,Dry,Optimal,Medium,0.05
85,42,Dry,Optimal,Medium,Water Pump OFF,5,Optimal,Optimal,Medium,0.05
85,43,Optimal,Optimal,Medium,Water Pump OFF,10,Dry,Optimal,Low,0.05
85,44,Dry,Optimal,Low,Water Pump OFF,1,Optimal,Optimal,Low,0.05
85,45,Optimal,Optimal,Low,Open shade curtains,6,Optimal,Optimal,Medium,0.05
85,46,Optimal,Optimal,Medium,Heater OFF,10,Optimal,Low,Medium,0.05
85,47,Optimal,Low,Medium,Heater OFF,7,Optimal,Optimal,Medium,0.05
85,48,Optimal,Optimal,Medium,Heater OFF,10,Optimal,Low,Medium,0.05
85,49,Optimal,Low,Medium,Heater OFF,7,Optimal,Optimal,Medium,0.05
85,50,Optimal,Optimal,Medium,Water Pump ON,10,Wet,Optimal,High,0.05
86,1,Dry,Low,Low,Water Pump OFF,-2,Optimal,Low,Low,0.05
86,2,Optimal,Low,Low,Heater OFF,3,Optimal,Optimal,Low,0.05
86,3,Optimal,Optimal,Low,Open shade curtains,6,Optimal,Optimal,Medium,0.05
86,4,Optimal,Optimal,Medium,Heater OFF,10,Optimal,Low,Medium,0.05
86,5,Optimal,Low,Medium,Heater OFF,7,Optimal,Optimal,Medium,0.05
86,6,Optimal,Optimal,Medium,Heater OFF,10,Optimal,Low,Medium,0.05
86,7,Optimal,Low,Medium,Heater OFF,7,Optimal,Optimal,Medium,0.05
86,8,Optimal,Optimal,Medium,Heater OFF,10,Optimal,Low,Medium,0.05
86,9,Optimal,Low,Medium,Heater OFF,7,Optimal,Optimal,Medium,0.05
86,10,Optimal,Optimal,Medium,Do nothing,10,Optimal,Optimal,Medium,0.05
86,11,Optimal,Optimal,Medium,Water Pump ON,10,Optimal,Optimal,Medium,0.05
86,12,Optimal,Optimal,Medium,Water Pump ON,10,Wet,Optimal,Medium,0.05
86,13,Wet,Optimal,Medium,Water Pump OFF,7,Optimal,Optimal,Medium,0.05
86,14,Optimal,Optimal,Medium,Water Pump ON,10,Wet,Optimal,Medium,0.05
86,15,Wet,Optimal,Medium,Water Pump OFF,7,Optimal,Optimal,Medium,0.05
86,16,Optimal,Optimal,Medium,Water Pump ON,10,Wet,Optimal,Medium,0.05
86,17,Wet,Optimal,Medium,Water Pump OFF,7,Optimal,Optimal,Medium,0.05
86,18,Optimal,Optimal,Medium,Water Pump ON,10,Wet,Optimal,Medium,0.05
86,19,Wet,Optimal,Medium,Water Pump OFF,7,Wet,Optimal,Medium,0.05
86,20,Wet,Optimal,Medium,Water Pump OFF,7,Optimal,Optimal,Medium,0.05
86,21,Optimal,Optimal,Medium,Water Pump ON,10,Wet,Optimal,Medium,0.05
86,22,Wet,Optimal,Medium,Water Pump OFF,7,Optimal,Optimal,Medium,0.05
86,23,Optimal,Optimal,Medium,Water Pump ON,10,Wet,Optimal,Medium,0.05
86,24,Wet,Optimal,Medium,Water Pump OFF,7,Optimal,Optimal,Medium,0.05
86,25,Optimal,Optimal,Medium,Water Pump ON,10,Optimal,Optimal,Medium,0.05
86,26,Optimal,Optimal,Medium,Water Pump ON,10,Wet,Optimal,Medium,0.05
86,27,Wet,Optimal,Medium,Water Pump OFF,7,Optimal,Optimal,Medium,0.05
86,28,Optimal,Optimal,Medium,Water Pump ON,10,Wet,Optimal,Medium,0.05
86,29,Wet,Optimal,Medium,Water Pump OFF,7,Optimal,Optimal,Medium,0.05
86,30,Optimal,Optimal,Medium,Water Pump ON,10,Wet,Optimal,Low,0.05
86,31,Wet,Optimal,Low,Water Pump OFF,3,Optimal,Optimal,Low,0.05
86,32,Optimal,Optimal,Low,Open shade curtains,6,Optimal,Optimal,Medium,0.05
86,33,Optimal,Optimal,Medium,Do nothing,10,Optimal,Optimal,Medium,0.05
86,34,Optimal,Optimal,Medium,Do nothing,10,Optimal,Optimal,Medium,0.05
86,35,Optimal,Optimal,Medium,Do nothing,10,Optimal,Optimal,Medium,0.05
86,36,Optimal,Optimal,Medium,Do nothing,10,Optimal,Optimal,Medium,0.05
86,37,Optimal,Optimal,Medium,Do nothing,10,Optimal,Optimal,High,0.05
86,38,Optimal,Optimal,High,Close shade curtains,6,Optimal,Optimal,Medium,0.05
86,39,Optimal,Optimal,Medium,Do nothing,10,Optimal,Optimal,Medium,0.05
86,40,Optimal,Optimal,Medium,Do nothing,10,Optimal,Optimal,Medium,0.05
86,41,Optimal,Optimal,Medium,Do nothing,10,Optimal,Optimal,Medium,0.05
86,42,Optimal,Optimal,Medium,Do nothing,10,Optimal,Optimal,Medium,0.05
86,43,Optimal,Optimal,Medium,Do nothing,10,Optimal,Optimal,Medium,0.05
86,44,Optimal,Optimal,Medium,Do nothing,10,Optimal,Optimal,Medium,0.05
86,45,Optimal,Optimal,Medium,Close shade curtains,10,Optimal,Optimal,Low,0.05
86,46,Optimal,Optimal,Low,Do nothing,6,Optimal,Optimal,Low,0.05
86,47,Optimal,Optimal,Low,Do nothing,6,Optimal,Optimal,Low,0.05
86,48,Optimal,Optimal,Low,Do nothing,6,Optimal,Optimal,Low,0.05
86,49,Optimal,Optimal,Low,Do nothing,6,Optimal,Optimal,Low,0.05
86,50,Optimal,Optimal,Low,Open shade curtains,6,Optimal,Optimal,Low,0.05
87,1,Wet,Optimal,Low,Water Pump OFF,3,Optimal,Optimal,Low,0.05
87,2,Optimal,Optimal,Low,Open shade curtains,6,Optimal,Optimal,Medium,0.05
87,3,Optimal,Optimal,Medium,Do nothing,10,Optimal,Optimal,Medium,0.05
87,4,Optimal,Optimal,Medium,Do nothing,10,Optimal,Optimal,Medium,0.05
87,5,Optimal,Optimal,Medium,Do nothing,10,Optimal,Optimal,Medium,0.05
87,6,Optimal,Optimal,Medium,Do nothing,10,Optimal,Optimal,Medium,0.05
87,7,Optimal,Optimal,Medium,Do nothing,10,Optimal,Optimal,Medium,0.05
87,8,Optimal,Optimal,Medium,Do nothing,10,Optimal,Optimal,Medium,0.05
87,9,Optimal,Optimal,Medium,Do nothing,10,Optimal,Optimal,Medium,0.05
87,10,Optimal,Optimal,Medium,Do nothing,10,Optimal,Optimal,Medium,0.05
87,11,Optimal,Optimal,Medium,Do nothing,10,Optimal,Optimal,Medium,0.05
87,12,Optimal,Optimal,Medium,Do nothing,10,Optimal,Optimal,Medium,0.05
87,13,Optimal,Optimal,Medium,Do nothing,10,Optimal,Optimal,Medium,0.05
87,14,Optimal,Optimal,Medium,Do nothing,10,Optimal,Optimal,Medium,0.05
87,15,Optimal,Optimal,Medium,Do nothing,10,Optimal,Optimal,Medium,0.05
87,16,Optimal,Optimal,Medium,Do nothing,10,Optimal,Optimal,Medium,0.05
87,17,Optimal,Optimal,Medium,Do nothing,10,Optimal,Optimal,Medium,0.05
87,18,Optimal,Optimal,Medium,Do nothing,10,Optimal,Optimal,Medium,0.05
87,19,Optimal,Optimal,Medium,Do nothing,10,Optimal,Optimal,Medium,0.05
87,20,Optimal,Optimal,Medium,Do nothing,10,Optimal,Optimal,Medium,0.05
87,21,Optimal,Optimal,Medium,Do nothing,10,Optimal,Optimal,Medium,0.05
87,22,Optimal,Optimal,Medium,Do nothing,10,Optimal,Optimal,Medium,0.05
87,23,Optimal,Optimal,Medium,Do nothing,10,Optimal,Optimal,Medium,0.05
87,24,Optimal,Optimal,Medium,Do nothing,10,Optimal,Optimal,Medium,0.05
87,25,Optimal,Optimal,Medium,Do nothing,10,Optimal,Optimal,Medium,0.05
87,26,Optimal,Optimal,Medium,Do nothing,10,Optimal,Optimal,Medium,0.05
87,27,Optimal,Optimal,Medium,Do nothing,10,Optimal,Optimal,Medium,0.05
87,28,Optimal,Optimal,Medium,Do nothing,10,Optimal,Optimal,Medium,0.05
87,29,Optimal,Optimal,Medium,Do nothing,10,Optimal,Optimal,Medium,0.05
87,30,Optimal,Optimal,Medium,Do nothing,10,Optimal,Optimal,Medium,0.05
87,31,Optimal,Optimal,Medium,Do nothing,10,Optimal,Optimal,Medium,0.05
87,32,Optimal,Optimal,Medium,Do nothing,10,Optimal,Optimal,Low,0.05
87,33,Optimal,Optimal,Low,Open shade curtains,6,Optimal,Optimal,Medium,0.05
87,34,Optimal,Optimal,Medium,Do nothing,10,Optimal,Optimal,Medium,0.05
87,35,Optimal,Optimal,Medium,Do nothing,10,Optimal,Optimal,Medium,0.05
87,36,Optimal,Optimal,Medium,Do nothing,10,Optimal,Optimal,Medium,0.05
87,37,Optimal,Optimal,Medium,Do nothing,10,Optimal,Optimal,Medium,0.05
87,38,Optimal,Optimal,Medium,Do nothing,10,Optimal,Optimal,Medium,0.05
87,39,Optimal,Optimal,Medium,Do nothing,10,Optimal,Optimal,Medium,0.05
87,40,Optimal,Optimal,Medium,Do nothing,10,Optimal,Optimal,Medium,0.05
87,41,Optimal,Optimal,Medium,Do nothing,10,Optimal,Optimal,Medium,0.05
87,42,Optimal,Optimal,Medium,Do nothing,10,Optimal,Optimal,Medium,0.05
87,43,Optimal,Optimal,Medium,Do nothing,10,Optimal,Optimal,Medium,0.05
87,44,Optimal,Optimal,Medium,Do nothing,10,Optimal,Optimal,Medium,0.05
87,45,Optimal,Optimal,Medium,Do nothing,10,Optimal,Optimal,Medium,0.05
87,46,Optimal,Optimal,Medium,Do nothing,10,Optimal,Optimal,Medium,0.05
87,47,Optimal,Optimal,Medium,Do nothing,10,Optimal,Optimal,Medium,0.05
87,48,Optimal,Optimal,Medium,Do nothing,10,Optimal,Optimal,Medium,0.05
87,49,Optimal,Optimal,Medium,Do nothing,10,Optimal,Optimal,Medium,0.05
87,50,Optimal,Optimal,Medium,Do nothing,10,Optimal,Optimal,Medium,0.05
88,1,Optimal,Optimal,High,Close shade curtains,6,Optimal,Optimal,Medium,0.05
88,2,Optimal,Optimal,Medium,Do nothing,10,Optimal,Optimal,Medium,0.05
88,3,Optimal,Optimal,Medium,Do nothing,10,Optimal,Optimal,Medium,0.05
88,4,Optimal,Optimal,Medium,Do nothing,10,Optimal,Optimal,Medium,0.05
88,5,Optimal,Optimal,Medium,Do nothing,10,Optimal,Optimal,Medium,0.05
88,6,Optimal,Optimal,Medium,Do nothing,10,Optimal,Optimal,Medium,0.05
88,7,Optimal,Optimal,Medium,Do nothing,10,Optimal,Optimal,Medium,0.05
88,8,Optimal,Optimal,Medium,Do nothing,10,Optimal,Optimal,Medium,0.05
88,9,Optimal,Optimal,Medium,Do nothing,10,Optimal,Optimal,Medium,0.05
88,10,Optimal,Optimal,Medium,Do nothing,10,Optimal,Optimal,Medium,0.05
88,11,Optimal,Optimal,Medium,Do nothing,10,Optimal,Optimal,Medium,0.05
88,12,Optimal,Optimal,Medium,Do nothing,10,Optimal,Optimal,Medium,0.05
88,13,Optimal,Optimal,Medium,Do nothing,10,Optimal,Optimal,Medium,0.05
88,14,Optimal,Optimal,Medium,Do nothing,10,Optimal,Optimal,Medium,0.05
88,15,Optimal,Optimal,Medium,Do nothing,10,Optimal,Optimal,Medium,0.05
88,16,Optimal,Optimal,Medium,Do nothing,10,Optimal,Optimal,Medium,0.05
88,17,Optimal,Optimal,Medium,Do nothing,10,Optimal,Optimal,Medium,0.05
88,18,Optimal,Optimal,Medium,Do nothing,10,Optimal,Optimal,Medium,0.05
88,19,Optimal,Optimal,Medium,Do nothing,10,Optimal,Optimal,Medium,0.05
88,20,Optimal,Optimal,Medium,Do nothing,10,Optimal,Optimal,Medium,0.05
88,21,Optimal,Optimal,Medium,Do nothing,10,Optimal,Optimal,Medium,0.05
88,22,Optimal,Optimal,Medium,Do nothing,10,Optimal,Optimal,Medium,0.05
88,23,Optimal,Optimal,Medium,Do nothing,10,Optimal,Optimal,Medium,0.05
88,24,Optimal,Optimal,Medium,Do nothing,10,Optimal,Optimal,Medium,0.05
88,25,Optimal,Optimal,Medium,Heater OFF,10,Optimal,Low,Medium,0.05
88,26,Optimal,Low,Medium,Heater OFF,7,Optimal,Optimal,Medium,0.05
88,27,Optimal,Optimal,Medium,Do nothing,10,Optimal,Optimal,Medium,0.05
88,28,Optimal,Optimal,Medium,Do nothing,10,Optimal,Optimal,Medium,0.05
88,29,Optimal,Optimal,Medium,Do nothing,10,Optimal,Optimal,Medium,0.05
88,30,Optimal,Optimal,Medium,Do nothing,10,Optimal,Optimal,Medium,0.05
88,31,Optimal,Optimal,Medium,Do nothing,10,Optimal,Optimal,Medium,0.05
88,32,Optimal,Optimal,Medium,Do nothing,10,Optimal,Optimal,Medium,0.05
88,33,Optimal,Optimal,Medium,Do nothing,10,Optimal,Optimal,Medium,0.05
88,34,Optimal,Optimal,Medium,Do nothing,10,Optimal,Optimal,Medium,0.05
88,35,Optimal,Optimal,Medium,Do nothing,10,Optimal,Optimal,Medium,0.05
88,36,Optimal,Optimal,Medium,Do nothing,10,Optimal,Optimal,Medium,0.05
88,37,Optimal,Optimal,Medium,Do nothing,10,Optimal,Optimal,Medium,0.05
88,38,Optimal,Optimal,Medium,Do nothing,10,Optimal,Optimal,Medium,0.05
88,39,Optimal,Optimal,Medium,Do nothing,10,Optimal,Optimal,Medium,0.05
88,40,Optimal,Optimal,Medium,Do nothing,10,Optimal,Optimal,Medium,0.05
88,41,Optimal,Optimal,Medium,Do nothing,10,Optimal,Optimal,Medium,0.05
88,42,Optimal,Optimal,Medium,Do nothing,10,Optimal,Optimal,Medium,0.05
88,43,Optimal,Optimal,Medium,Do nothing,10,Optimal,Optimal,Medium,0.05
88,44,Optimal,Optimal,Medium,Do nothing,10,Optimal,Optimal,Medium,0.05
88,45,Optimal,Optimal,Medium,Do nothing,10,Optimal,Optimal,Medium,0.05
88,46,Optimal,Optimal,Medium,Do nothing,10,Optimal,Optimal,Medium,0.05
88,47,Optimal,Optimal,Medium,Do nothing,10,Optimal,Optimal,Medium,0.05
88,48,Optimal,Optimal,Medium,Do nothing,10,Optimal,Optimal,Medium,0.05
88,49,Optimal,Optimal,Medium,Do nothing,10,Optimal,Optimal,Medium,0.05
88,50,Optimal,Optimal,Medium,Do nothing,10,Optimal,Optimal,Medium,0.05
89,1,Wet,High,Low,Heater OFF,0,Wet,Optimal,Low,0.05
89,2,Wet,Optimal,Low,Water Pump OFF,3,Optimal,Optimal,Low,0.05
89,3,Optimal,Optimal,Low,Open shade curtains,6,Optimal,Optimal,Medium,0.05
89,4,Optimal,Optimal,Medium,Do nothing,10,Optimal,Optimal,Medium,0.05
89,5,Optimal,Optimal,Medium,Do nothing,10,Optimal,Optimal,Medium,0.05
89,6,Optimal,Optimal,Medium,Do nothing,10,Optimal,Optimal,Medium,0.05
89,7,Optimal,Optimal,Medium,Do nothing,10,Optimal,Optimal,Medium,0.05
89,8,Optimal,Optimal,Medium,Do nothing,10,Optimal,Optimal,Medium,0.05
89,9,Optimal,Optimal,Medium,Do nothing,10,Optimal,Optimal,Medium,0.05
89,10,Optimal,Optimal,Medium,Do nothing,10,Optimal,Optimal,Medium,0.05
89,11,Optimal,Optimal,Medium,Do nothing,10,Optimal,Optimal,Medium,0.05
89,12,Optimal,Optimal,Medium,Do nothing,10,Optimal,Optimal,Medium,0.05
89,13,Optimal,Optimal,Medium,Do nothing,10,Optimal,Optimal,Medium,0.05
89,14,Optimal,Optimal,Medium,Heater OFF,10,Optimal,Low,Medium,0.05
89,15,Optimal,Low,Medium,Heater OFF,7,Optimal,Optimal,Medium,0.05
89,16,Optimal,Optimal,Medium,Heater OFF,10,Optimal,Low,Medium,0.05
89,17,Optimal,Low,Medium,Heater OFF,7,Optimal,Optimal,Medium,0.05
89,18,Optimal,Optimal,Medium,Heater OFF,10,Optimal,Low,Medium,0.05
89,19,Optimal,Low,Medium,Heater ON,7,Optimal,Optimal,Medium,0.05
89,20,Optimal,Optimal,Medium,Do nothing,10,Optimal,Optimal,Medium,0.05
89,21,Optimal,Optimal,Medium,Do nothing,10,Optimal,Optimal,Medium,0.05
89,22,Optimal,Optimal,Medium,Do nothing,10,Optimal,Optimal,Medium,0.05
89,23,Optimal,Optimal,Medium,Do nothing,10,Optimal,Optimal,Medium,0.05
89,24,Optimal,Optimal,Medium,Do nothing,10,Optimal,Optimal,Medium,0.05
89,25,Optimal,Optimal,Medium,Do nothing,10,Optimal,Optimal,Medium,0.05
89,26,Optimal,Optimal,Medium,Do nothing,10,Optimal,Optimal,Medium,0.05
89,27,Optimal,Optimal,Medium,Do nothing,10,Optimal,Optimal,Medium,0.05
89,28,Optimal,Optimal,Medium,Do nothing,10,Optimal,Optimal,Medium,0.05
89,29,Optimal,Optimal,Medium,Heater ON,10,Optimal,High,Medium,0.05
89,30,Optimal,High,Medium,Heater OFF,7,Optimal,Optimal,Medium,0.05
89,31,Optimal,Optimal,Medium,Do nothing,10,Optimal,Optimal,Medium,0.05
89,32,Optimal,Optimal,Medium,Heater ON,10,Optimal,High,High,0.05
89,33,Optimal,High,High,Heater OFF,3,Optimal,Optimal,High,0.05
89,34,Optimal,Optimal,High,Close shade curtains,6,Optimal,Optimal,Medium,0.05
89,35,Optimal,Optimal,Medium,Heater ON,10,Optimal,High,Medium,0.05
89,36,Optimal,High,Medium,Heater OFF,7,Optimal,Optimal,Medium,0.05
89,37,Optimal,Optimal,Medium,Do nothing,10,Optimal,Optimal,Medium,0.05
89,38,Optimal,Optimal,Medium,Do nothing,10,Optimal,Optimal,Medium,0.05
89,39,Optimal,Optimal,Medium,Do nothing,10,Optimal,Optimal,Medium,0.05
89,40,Optimal,Optimal,Medium,Do nothing,10,Optimal,Optimal,Medium,0.05
89,41,Optimal,Optimal,Medium,Do nothing,10,Optimal,Optimal,Medium,0.05
89,42,Optimal,Optimal,Medium,Do nothing,10,Optimal,Optimal,Medium,0.05
89,43,Optimal,Optimal,Medium,Do nothing,10,Optimal,Optimal,Medium,0.05
89,44,Optimal,Optimal,Medium,Do nothing,10,Optimal,Optimal,Medium,0.05
89,45,Optimal,Optimal,Medium,Do nothing,10,Optimal,Optimal,Medium,0.05
89,46,Optimal,Optimal,Medium,Do nothing,10,Optimal,Optimal,Medium,0.05
89,47,Optimal,Optimal,Medium,Do nothing,10,Optimal,Optimal,Medium,0.05
89,48,Optimal,Optimal,Medium,Do nothing,10,Optimal,Optimal,Medium,0.05
89,49,Optimal,Optimal,Medium,Do nothing,10,Optimal,Optimal,Medium,0.05
89,50,Optimal,Optimal,Medium,Do nothing,10,Optimal,Optimal,Medium,0.05
90,1,Dry,Low,High,Water Pump OFF,-2,Optimal,Low,High,0.05
90,2,Optimal,Low,High,Heater OFF,3,Optimal,Optimal,High,0.05
90,3,Optimal,Optimal,High,Close shade curtains,6,Optimal,Optimal,Medium,0.05
90,4,Optimal,Optimal,Medium,Do nothing,10,Optimal,Optimal,Medium,0.05
90,5,Optimal,Optimal,Medium,Do nothing,10,Optimal,Optimal,Medium,0.05
90,6,Optimal,Optimal,Medium,Do nothing,10,Optimal,Optimal,Medium,0.05
90,7,Optimal,Optimal,Medium,Do nothing,10,Optimal,Optimal,Medium,0.05
90,8,Optimal,Optimal,Medium,Do nothing,10,Optimal,Optimal,Medium,0.05
90,9,Optimal,Optimal,Medium,Do nothing,10,Optimal,Optimal,Medium,0.05
90,10,Optimal,Optimal,Medium,Do nothing,10,Optimal,Optimal,Medium,0.05
90,11,Optimal,Optimal,Medium,Do nothing,10,Optimal,Optimal,Medium,0.05
90,12,Optimal,Optimal,Medium,Do nothing,10,Optimal,Optimal,Medium,0.05
90,13,Optimal,Optimal,Medium,Do nothing,10,Optimal,Optimal,Medium,0.05
90,14,Optimal,Optimal,Medium,Do nothing,10,Optimal,Optimal,Medium,0.05
90,15,Optimal,Optimal,Medium,Do nothing,10,Optimal,Optimal,Low,0.05
90,16,Optimal,Optimal,Low,Open shade curtains,6,Optimal,Optimal,Medium,0.05
90,17,Optimal,Optimal,Medium,Do nothing,10,Optimal,Optimal,Medium,0.05
90,18,Optimal,Optimal,Medium,Do nothing,10,Optimal,Optimal,Medium,0.05
90,19,Optimal,Optimal,Medium,Do nothing,10,Optimal,Optimal,Medium,0.05
90,20,Optimal,Optimal,Medium,Do nothing,10,Optimal,Optimal,Medium,0.05
90,21,Optimal,Optimal,Medium,Do nothing,10,Optimal,Optimal,Medium,0.05
90,22,Optimal,Optimal,Medium,Do nothing,10,Optimal,Optimal,Medium,0.05
90,23,Optimal,Optimal,Medium,Do nothing,10,Optimal,Optimal,Medium,0.05
90,24,Optimal,Optimal,Medium,Do nothing,10,Optimal,Optimal,High,0.05
90,25,Optimal,Optimal,High,Close shade curtains,6,Optimal,Optimal,Medium,0.05
90,26,Optimal,Optimal,Medium,Do nothing,10,Optimal,Optimal,Medium,0.05
90,27,Optimal,Optimal,Medium,Do nothing,10,Optimal,Optimal,Medium,0.05
90,28,Optimal,Optimal,Medium,Do nothing,10,Optimal,Optimal,Medium,0.05
90,29,Optimal,Optimal,Medium,Do nothing,10,Optimal,Optimal,Medium,0.05
90,30,Optimal,Optimal,Medium,Do nothing,10,Optimal,Optimal,Medium,0.05
90,31,Optimal,Optimal,Medium,Do nothing,10,Optimal,Optimal,Medium,0.05
90,32,Optimal,Optimal,Medium,Do nothing,10,Optimal,Optimal,Medium,0.05
90,33,Optimal,Optimal,Medium,Do nothing,10,Optimal,Optimal,Medium,0.05
90,34,Optimal,Optimal,Medium,Do nothing,10,Optimal,Optimal,Medium,0.05
90,35,Optimal,Optimal,Medium,Do nothing,10,Optimal,Optimal,Medium,0.05
90,36,Optimal,Optimal,Medium,Do nothing,10,Optimal,Optimal,Medium,0.05
90,37,Optimal,Optimal,Medium,Do nothing,10,Optimal,Optimal,Medium,0.05
90,38,Optimal,Optimal,Medium,Do nothing,10,Optimal,Optimal,Medium,0.05
90,39,Optimal,Optimal,Medium,Do nothing,10,Optimal,Optimal,Medium,0.05
90,40,Optimal,Optimal,Medium,Do nothing,10,Optimal,Optimal,Medium,0.05
90,41,Optimal,Optimal,Medium,Do nothing,10,Optimal,Optimal,Low,0.05
90,42,Optimal,Optimal,Low,Open shade curtains,6,Optimal,Optimal,Medium,0.05
90,43,Optimal,Optimal,Medium,Do nothing,10,Optimal,Optimal,Medium,0.05
90,44,Optimal,Optimal,Medium,Do nothing,10,Optimal,Optimal,Medium,0.05
90,45,Optimal,Optimal,Medium,Do nothing,10,Optimal,Optimal,Medium,0.05
90,46,Optimal,Optimal,Medium,Do nothing,10,Optimal,Optimal,Medium,0.05
90,47,Optimal,Optimal,Medium,Do nothing,10,Optimal,Optimal,Medium,0.05
90,48,Optimal,Optimal,Medium,Do nothing,10,Optimal,Optimal,Medium,0.05
90,49,Optimal,Optimal,Medium,Open shade curtains,10,Optimal,Optimal,High,0.05
90,50,Optimal,Optimal,High,Close shade curtains,6,Optimal,Optimal,Medium,0.05
91,1,Wet,Optimal,Medium,Water Pump OFF,7,Optimal,Optimal,Medium,0.05
91,2,Optimal,Optimal,Medium,Do nothing,10,Optimal,Optimal,Medium,0.05
91,3,Optimal,Optimal,Medium,Do nothing,10,Optimal,Optimal,Medium,0.05
91,4,Optimal,Optimal,Medium,Do nothing,10,Optimal,Optimal,Medium,0.05
91,5,Optimal,Optimal,Medium,Do nothing,10,Optimal,Optimal,Medium,0.05
91,6,Optimal,Optimal,Medium,Do nothing,10,Optimal,Optimal,Medium,0.05
91,7,Optimal,Optimal,Medium,Do nothing,10,Optimal,Optimal,Medium,0.05
91,8,Optimal,Optimal,Medium,Do nothing,10,Optimal,Optimal,Medium,0.05
91,9,Optimal,Optimal,Medium,Do nothing,10,Optimal,Optimal,High,0.05
91,10,Optimal,Optimal,High,Close shade curtains,6,Optimal,Optimal,Medium,0.05
91,11,Optimal,Optimal,Medium,Do nothing,10,Optimal,Optimal,Medium,0.05
91,12,Optimal,Optimal,Medium,Do nothing,10,Optimal,Optimal,Medium,0.05
91,13,Optimal,Optimal,Medium,Do nothing,10,Optimal,Optimal,Medium,0.05
91,14,Optimal,Optimal,Medium,Do nothing,10,Optimal,Optimal,Medium,0.05
91,15,Optimal,Optimal,Medium,Do nothing,10,Optimal,Optimal,Medium,0.05
91,16,Optimal,Optimal,Medium,Do nothing,10,Optimal,Optimal,Medium,0.05
91,17,Optimal,Optimal,Medium,Do nothing,10,Optimal,Optimal,Medium,0.05
91,18,Optimal,Optimal,Medium,Do nothing,10,Optimal,Optimal,Medium,0.05
91,19,Optimal,Optimal,Medium,Do nothing,10,Optimal,Optimal,Medium,0.05
91,20,Optimal,Optimal,Medium,Do nothing,10,Optimal,Optimal,Medium,0.05
91,21,Optimal,Optimal,Medium,Open shade curtains,10,Optimal,Optimal,High,0.05
91,22,Optimal,Optimal,High,Close shade curtains,6,Optimal,Optimal,Medium,0.05
91,23,Optimal,Optimal,Medium,Do nothing,10,Optimal,Optimal,Medium,0.05
91,24,Optimal,Optimal,Medium,Do nothing,10,Optimal,Optimal,Medium,0.05
91,25,Optimal,Optimal,Medium,Do nothing,10,Optimal,Optimal,Medium,0.05
91,26,Optimal,Optimal,Medium,Do nothing,10,Optimal,Optimal,Medium,0.05
91,27,Optimal,Optimal,Medium,Do nothing,10,Optimal,Optimal,Medium,0.05
91,28,Optimal,Optimal,Medium,Heater OFF,10,Optimal,Low,Medium,0.05
91,29,Optimal,Low,Medium,Heater ON,7,Optimal,Optimal,Medium,0.05
91,30,Optimal,Optimal,Medium,Do nothing,10,Optimal,Optimal,Medium,0.05
91,31,Optimal,Optimal,Medium,Do nothing,10,Optimal,Optimal,Medium,0.05
91,32,Optimal,Optimal,Medium,Do nothing,10,Optimal,Optimal,Medium,0.05
91,33,Optimal,Optimal,Medium,Do nothing,10,Optimal,Optimal,Medium,0.05
91,34,Optimal,Optimal,Medium,Do nothing,10,Optimal,Optimal,Medium,0.05
91,35,Optimal,Optimal,Medium,Do nothing,10,Optimal,Optimal,Medium,0.05
91,36,Optimal,Optimal,Medium,Do nothing,10,Optimal,Optimal,Medium,0.05
91,37,Optimal,Optimal,Medium,Do nothing,10,Optimal,Optimal,Medium,0.05
91,38,Optimal,Optimal,Medium,Do nothing,10,Optimal,Optimal,Medium,0.05
91,39,Optimal,Optimal,Medium,Do nothing,10,Optimal,Optimal,Medium,0.05
91,40,Optimal,Optimal,Medium,Do nothing,10,Optimal,Optimal,Medium,0.05
91,41,Optimal,Optimal,Medium,Do nothing,10,Optimal,Optimal,Medium,0.05
91,42,Optimal,Optimal,Medium,Do nothing,10,Optimal,Optimal,Medium,0.05
91,43,Optimal,Optimal,Medium,Do nothing,10,Optimal,Optimal,Medium,0.05
91,44,Optimal,Optimal,Medium,Do nothing,10,Optimal,Optimal,Medium,0.05
91,45,Optimal,Optimal,Medium,Do nothing,10,Optimal,Optimal,Medium,0.05
91,46,Optimal,Optimal,Medium,Do nothing,10,Optimal,Optimal,Medium,0.05
91,47,Optimal,Optimal,Medium,Do nothing,10,Optimal,Optimal,Medium,0.05
91,48,Optimal,Optimal,Medium,Heater OFF,10,Optimal,Optimal,Medium,0.05
91,49,Optimal,Optimal,Medium,Do nothing,10,Optimal,Optimal,Medium,0.05
91,50,Optimal,Optimal,Medium,Do nothing,10,Optimal,Optimal,Medium,0.05
92,1,Optimal,High,Medium,Heater OFF,7,Optimal,Optimal,Medium,0.05
92,2,Optimal,Optimal,Medium,Do nothing,10,Optimal,Optimal,Medium,0.05
92,3,Optimal,Optimal,Medium,Do nothing,10,Optimal,Optimal,Medium,0.05
92,4,Optimal,Optimal,Medium,Do nothing,10,Optimal,Optimal,Medium,0.05
92,5,Optimal,Optimal,Medium,Do nothing,10,Optimal,Optimal,Medium,0.05
92,6,Optimal,Optimal,Medium,Do nothing,10,Optimal,Optimal,Medium,0.05
92,7,Optimal,Optimal,Medium,Do nothing,10,Optimal,Optimal,Medium,0.05
92,8,Optimal,Optimal,Medium,Do nothing,10,Optimal,Optimal,Medium,0.05
92,9,Optimal,Optimal,Medium,Heater OFF,10,Optimal,Low,Medium,0.05
92,10,Optimal,Low,Medium,Heater OFF,7,Optimal,Optimal,Medium,0.05
92,11,Optimal,Optimal,Medium,Heater OFF,10,Optimal,Low,Medium,0.05
92,12,Optimal,Low,Medium,Heater OFF,7,Optimal,Optimal,Medium,0.05
92,13,Optimal,Optimal,Medium,Heater OFF,10,Optimal,Low,Medium,0.05
92,14,Optimal,Low,Medium,Heater OFF,7,Optimal,Optimal,Medium,0.05
92,15,Optimal,Optimal,Medium,Do nothing,10,Optimal,Optimal,Medium,0.05
92,16,Optimal,Optimal,Medium,Do nothing,10,Optimal,Optimal,Medium,0.05
92,17,Optimal,Optimal,Medium,Do nothing,10,Optimal,Optimal,Medium,0.05
92,18,Optimal,Optimal,Medium,Do nothing,10,Optimal,Optimal,Medium,0.05
92,19,Optimal,Optimal,Medium,Heater ON,10,Optimal,High,Medium,0.05
92,20,Optimal,High,Medium,Heater OFF,7,Optimal,Optimal,Medium,0.05
92,21,Optimal,Optimal,Medium,Do nothing,10,Optimal,Optimal,Medium,0.05
92,22,Optimal,Optimal,Medium,Do nothing,10,Optimal,Optimal,Medium,0.05
92,23,Optimal,Optimal,Medium,Do nothing,10,Optimal,Optimal,Medium,0.05
92,24,Optimal,Optimal,Medium,Do nothing,10,Optimal,Optimal,Medium,0.05
92,25,Optimal,Optimal,Medium,Do nothing,10,Optimal,Optimal,Medium,0.05
92,26,Optimal,Optimal,Medium,Do nothing,10,Optimal,Optimal,Medium,0.05
92,27,Optimal,Optimal,Medium,Do nothing,10,Optimal,Optimal,Medium,0.05
92,28,Optimal,Optimal,Medium,Do nothing,10,Optimal,Optimal,Medium,0.05
92,29,Optimal,Optimal,Medium,Do nothing,10,Optimal,Optimal,Medium,0.05
92,30,Optimal,Optimal,Medium,Water Pump OFF,10,Dry,Optimal,Medium,0.05
92,31,Dry,Optimal,Medium,Water Pump OFF,5,Optimal,Optimal,Medium,0.05
92,32,Optimal,Optimal,Medium,Do nothing,10,Optimal,Optimal,Medium,0.05
92,33,Optimal,Optimal,Medium,Do nothing,10,Optimal,Optimal,Medium,0.05
92,34,Optimal,Optimal,Medium,Do nothing,10,Optimal,Optimal,Medium,0.05
92,35,Optimal,Optimal,Medium,Do nothing,10,Optimal,Optimal,Medium,0.05
92,36,Optimal,Optimal,Medium,Do nothing,10,Optimal,Optimal,Medium,0.05
92,37,Optimal,Optimal,Medium,Do nothing,10,Optimal,Optimal,Medium,0.05
92,38,Optimal,Optimal,Medium,Do nothing,10,Optimal,Optimal,Medium,0.05
92,39,Optimal,Optimal,Medium,Do nothing,10,Optimal,Optimal,Medium,0.05
92,40,Optimal,Optimal,Medium,Do nothing,10,Optimal,Optimal,Medium,0.05
92,41,Optimal,Optimal,Medium,Do nothing,10,Optimal,Optimal,Medium,0.05
92,42,Optimal,Optimal,Medium,Do nothing,10,Optimal,Optimal,Medium,0.05
92,43,Optimal,Optimal,Medium,Do nothing,10,Optimal,Optimal,Medium,0.05
92,44,Optimal,Optimal,Medium,Do nothing,10,Optimal,Optimal,Medium,0.05
92,45,Optimal,Optimal,Medium,Do nothing,10,Optimal,Optimal,Medium,0.05
92,46,Optimal,Optimal,Medium,Do nothing,10,Optimal,Optimal,High,0.05
92,47,Optimal,Optimal,High,Close shade curtains,6,Optimal,Optimal,Medium,0.05
92,48,Optimal,Optimal,Medium,Do nothing,10,Optimal,Optimal,Medium,0.05
92,49,Optimal,Optimal,Medium,Do nothing,10,Optimal,Optimal,Medium,0.05
92,50,Optimal,Optimal,Medium,Do nothing,10,Optimal,Optimal,Medium,0.05
93,1,Wet,High,Low,Water Pump OFF,0,Optimal,High,Low,0.05
93,2,Optimal,High,Low,Heater OFF,3,Optimal,Optimal,Low,0.05
93,3,Optimal,Optimal,Low,Open shade curtains,6,Optimal,Optimal,Low,0.05
93,4,Optimal,Optimal,Low,Open shade curtains,6,Optimal,Optimal,High,0.05
93,5,Optimal,Optimal,High,Close shade curtains,6,Optimal,Optimal,Medium,0.05
93,6,Optimal,Optimal,Medium,Do nothing,10,Optimal,Optimal,Medium,0.05
93,7,Optimal,Optimal,Medium,Do nothing,10,Optimal,Optimal,Medium,0.05
93,8,Optimal,Optimal,Medium,Do nothing,10,Optimal,Optimal,Medium,0.05
93,9,Optimal,Optimal,Medium,Water Pump OFF,10,Dry,Optimal,Medium,0.05
93,10,Dry,Optimal,Medium,Water Pump OFF,5,Optimal,Optimal,Medium,0.05
93,11,Optimal,Optimal,Medium,Water Pump OFF,10,Dry,Optimal,Medium,0.05
93,12,Dry,Optimal,Medium,Water Pump OFF,5,Optimal,Optimal,Medium,0.05
93,13,Optimal,Optimal,Medium,Water Pump OFF,10,Dry,Optimal,Medium,0.05
93,14,Dry,Optimal,Medium,Water Pump OFF,5,Optimal,Optimal,Medium,0.05
93,15,Optimal,Optimal,Medium,Do nothing,10,Optimal,Optimal,Medium,0.05
93,16,Optimal,Optimal,Medium,Do nothing,10,Optimal,Optimal,Medium,0.05
93,17,Optimal,Optimal,Medium,Do nothing,10,Optimal,Optimal,Medium,0.05
93,18,Optimal,Optimal,Medium,Do nothing,10,Optimal,Optimal,Medium,0.05
93,19,Optimal,Optimal,Medium,Do nothing,10,Optimal,Optimal,Medium,0.05
93,20,Optimal,Optimal,Medium,Do nothing,10,Optimal,Optimal,Medium,0.05
93,21,Optimal,Optimal,Medium,Do nothing,10,Optimal,Optimal,Medium,0.05
93,22,Optimal,Optimal,Medium,Do nothing,10,Optimal,Optimal,Medium,0.05
93,23,Optimal,Optimal,Medium,Do nothing,10,Optimal,Optimal,Medium,0.05
93,24,Optimal,Optimal,Medium,Close shade curtains,10,Optimal,Optimal,Low,0.05
93,25,Optimal,Optimal,Low,Open shade curtains,6,Optimal,Optimal,Medium,0.05
93,26,Optimal,Optimal,Medium,Do nothing,10,Optimal,Optimal,Medium,0.05
93,27,Optimal,Optimal,Medium,Do nothing,10,Optimal,Optimal,Medium,0.05
93,28,Optimal,Optimal,Medium,Do nothing,10,Optimal,Optimal,Medium,0.05
93,29,Optimal,Optimal,Medium,Do nothing,10,Optimal,Optimal,Medium,0.05
93,30,Optimal,Optimal,Medium,Do nothing,10,Optimal,Optimal,Medium,0.05
93,31,Optimal,Optimal,Medium,Do nothing,10,Optimal,Optimal,Medium,0.05
93,32,Optimal,Optimal,Medium,Do nothing,10,Optimal,Optimal,Medium,0.05
93,33,Optimal,Optimal,Medium,Do nothing,10,Optimal,Optimal,Medium,0.05
93,34,Optimal,Optimal,Medium,Do nothing,10,Optimal,Optimal,Medium,0.05
93,35,Optimal,Optimal,Medium,Do nothing,10,Optimal,Optimal,Medium,0.05
93,36,Optimal,Optimal,Medium,Do nothing,10,Optimal,Optimal,Medium,0.05
93,37,Optimal,Optimal,Medium,Do nothing,10,Optimal,Optimal,Medium,0.05
93,38,Optimal,Optimal,Medium,Do nothing,10,Optimal,Optimal,Medium,0.05
93,39,Optimal,Optimal,Medium,Do nothing,10,Optimal,Optimal,Medium,0.05
93,40,Optimal,Optimal,Medium,Do nothing,10,Optimal,Optimal,Medium,0.05
93,41,Optimal,Optimal,Medium,Do nothing,10,Optimal,Optimal,Medium,0.05
93,42,Optimal,Optimal,Medium,Do nothing,10,Optimal,Optimal,Medium,0.05
93,43,Optimal,Optimal,Medium,Do nothing,10,Optimal,Optimal,Medium,0.05
93,44,Optimal,Optimal,Medium,Do nothing,10,Optimal,Optimal,Medium,0.05
93,45,Optimal,Optimal,Medium,Do nothing,10,Optimal,Optimal,Low,0.05
93,46,Optimal,Optimal,Low,Open shade curtains,6,Optimal,Optimal,Medium,0.05
93,47,Optimal,Optimal,Medium,Heater ON,10,Optimal,High,Medium,0.05
93,48,Optimal,High,Medium,Heater OFF,7,Optimal,Optimal,Medium,0.05
93,49,Optimal,Optimal,Medium,Do nothing,10,Optimal,Optimal,Medium,0.05
93,50,Optimal,Optimal,Medium,Close shade curtains,10,Optimal,Optimal,Low,0.05
94,1,Dry,Low,Low,Water Pump OFF,-2,Optimal,Low,Low,0.05
94,2,Optimal,Low,Low,Heater OFF,3,Optimal,Optimal,Low,0.05
94,3,Optimal,Optimal,Low,Open shade curtains,6,Optimal,Optimal,Medium,0.05
94,4,Optimal,Optimal,Medium,Do nothing,10,Optimal,Optimal,Medium,0.05
94,5,Optimal,Optimal,Medium,Do nothing,10,Optimal,Optimal,Medium,0.05
94,6,Optimal,Optimal,Medium,Do nothing,10,Optimal,Optimal,Medium,0.05
94,7,Optimal,Optimal,Medium,Do nothing,10,Optimal,Optimal,Medium,0.05
94,8,Optimal,Optimal,Medium,Do nothing,10,Optimal,Optimal,Medium,0.05
94,9,Optimal,Optimal,Medium,Do nothing,10,Optimal,Optimal,High,0.05
94,10,Optimal,Optimal,High,Close shade curtains,6,Optimal,Optimal,Medium,0.05
94,11,Optimal,Optimal,Medium,Do nothing,10,Optimal,Optimal,Medium,0.05
94,12,Optimal,Optimal,Medium,Do nothing,10,Optimal,Optimal,Medium,0.05
94,13,Optimal,Optimal,Medium,Do nothing,10,Optimal,Optimal,Medium,0.05
94,14,Optimal,Optimal,Medium,Do nothing,10,Optimal,Optimal,Medium,0.05
94,15,Optimal,Optimal,Medium,Do nothing,10,Optimal,Optimal,Medium,0.05
94,16,Optimal,Optimal,Medium,Do nothing,10,Optimal,Optimal,Low,0.05
94,17,Optimal,Optimal,Low,Open shade curtains,6,Optimal,Optimal,Medium,0.05
94,18,Optimal,Optimal,Medium,Heater OFF,10,Optimal,Low,Medium,0.05
94,19,Optimal,Low,Medium,Heater OFF,7,Optimal,Optimal,Medium,0.05
94,20,Optimal,Optimal,Medium,Heater OFF,10,Optimal,Low,Medium,0.05
94,21,Optimal,Low,Medium,Heater OFF,7,Optimal,Optimal,Medium,0.05
94,22,Optimal,Optimal,Medium,Do nothing,10,Optimal,Optimal,Medium,0.05
94,23,Optimal,Optimal,Medium,Do nothing,10,Optimal,Optimal,Medium,0.05
94,24,Optimal,Optimal,Medium,Do nothing,10,Optimal,Optimal,Medium,0.05
94,25,Optimal,Optimal,Medium,Heater OFF,10,Optimal,Optimal,Medium,0.05
94,26,Optimal,Optimal,Medium,Open shade curtains,10,Optimal,Optimal,High,0.05
94,27,Optimal,Optimal,High,Close shade curtains,6,Optimal,Optimal,Medium,0.05
94,28,Optimal,Optimal,Medium,Do nothing,10,Optimal,Optimal,Medium,0.05
94,29,Optimal,Optimal,Medium,Close shade curtains,10,Optimal,Optimal,Medium,0.05
94,30,Optimal,Optimal,Medium,Do nothing,10,Optimal,Optimal,Medium,0.05
94,31,Optimal,Optimal,Medium,Do nothing,10,Optimal,Optimal,Medium,0.05
94,32,Optimal,Optimal,Medium,Do nothing,10,Optimal,Optimal,Medium,0.05
94,33,Optimal,Optimal,Medium,Do nothing,10,Optimal,Optimal,Medium,0.05
94,34,Optimal,Optimal,Medium,Do nothing,10,Optimal,Optimal,Medium,0.05
94,35,Optimal,Optimal,Medium,Do nothing,10,Optimal,Optimal,Medium,0.05
94,36,Optimal,Optimal,Medium,Do nothing,10,Optimal,Optimal,Medium,0.05
94,37,Optimal,Optimal,Medium,Do nothing,10,Optimal,Optimal,Medium,0.05
94,38,Optimal,Optimal,Medium,Do nothing,10,Optimal,Optimal,Medium,0.05
94,39,Optimal,Optimal,Medium,Do nothing,10,Optimal,Optimal,Medium,0.05
94,40,Optimal,Optimal,Medium,Do nothing,10,Optimal,Optimal,Medium,0.05
94,41,Optimal,Optimal,Medium,Do nothing,10,Optimal,Optimal,Medium,0.05
94,42,Optimal,Optimal,Medium,Do nothing,10,Optimal,Optimal,Medium,0.05
94,43,Optimal,Optimal,Medium,Do nothing,10,Optimal,Optimal,Medium,0.05
94,44,Optimal,Optimal,Medium,Do nothing,10,Optimal,Optimal,Medium,0.05
94,45,Optimal,Optimal,Medium,Do nothing,10,Optimal,Optimal,Medium,0.05
94,46,Optimal,Optimal,Medium,Do nothing,10,Optimal,Optimal,Medium,0.05
94,47,Optimal,Optimal,Medium,Do nothing,10,Optimal,Optimal,Medium,0.05
94,48,Optimal,Optimal,Medium,Do nothing,10,Optimal,Optimal,Medium,0.05
94,49,Optimal,Optimal,Medium,Do nothing,10,Optimal,Optimal,Medium,0.05
94,50,Optimal,Optimal,Medium,Do nothing,10,Optimal,Optimal,Medium,0.05
95,1,Dry,Low,Low,Water Pump OFF,-2,Optimal,Low,Low,0.05
95,2,Optimal,Low,Low,Heater OFF,3,Optimal,Low,Low,0.05
95,3,Optimal,Low,Low,Heater OFF,3,Optimal,Optimal,Low,0.05
95,4,Optimal,Optimal,Low,Open shade curtains,6,Optimal,Optimal,Medium,0.05
95,5,Optimal,Optimal,Medium,Do nothing,10,Optimal,Optimal,Medium,0.05
95,6,Optimal,Optimal,Medium,Do nothing,10,Optimal,Optimal,Medium,0.05
95,7,Optimal,Optimal,Medium,Do nothing,10,Optimal,Optimal,Medium,0.05
95,8,Optimal,Optimal,Medium,Do nothing,10,Optimal,Optimal,Medium,0.05
95,9,Optimal,Optimal,Medium,Do nothing,10,Optimal,Optimal,Medium,0.05
95,10,Optimal,Optimal,Medium,Do nothing,10,Optimal,Optimal,Medium,0.05
95,11,Optimal,Optimal,Medium,Do nothing,10,Optimal,Optimal,Medium,0.05
95,12,Optimal,Optimal,Medium,Do nothing,10,Optimal,Optimal,Medium,0.05
95,13,Optimal,Optimal,Medium,Do nothing,10,Optimal,Optimal,Medium,0.05
95,14,Optimal,Optimal,Medium,Do nothing,10,Optimal,Optimal,Medium,0.05
95,15,Optimal,Optimal,Medium,Do nothing,10,Optimal,Optimal,Medium,0.05
95,16,Optimal,Optimal,Medium,Do nothing,10,Optimal,Optimal,Medium,0.05
95,17,Optimal,Optimal,Medium,Water Pump ON,10,Wet,Optimal,Medium,0.05
95,18,Wet,Optimal,Medium,Water Pump OFF,7,Optimal,Optimal,Medium,0.05
95,19,Optimal,Optimal,Medium,Do nothing,10,Optimal,Optimal,Medium,0.05
95,20,Optimal,Optimal,Medium,Do nothing,10,Optimal,Optimal,Medium,0.05
95,21,Optimal,Optimal,Medium,Do nothing,10,Optimal,Optimal,Medium,0.05
95,22,Optimal,Optimal,Medium,Do nothing,10,Optimal,Optimal,Medium,0.05
95,23,Optimal,Optimal,Medium,Do nothing,10,Optimal,Optimal,Medium,0.05
95,24,Optimal,Optimal,Medium,Do nothing,10,Optimal,Optimal,Medium,0.05
95,25,Optimal,Optimal,Medium,Do nothing,10,Optimal,Optimal,Medium,0.05
95,26,Optimal,Optimal,Medium,Do nothing,10,Optimal,Optimal,Medium,0.05
95,27,Optimal,Optimal,Medium,Do nothing,10,Optimal,Optimal,Medium,0.05
95,28,Optimal,Optimal,Medium,Open shade curtains,10,Optimal,Optimal,High,0.05
95,29,Optimal,Optimal,High,Close shade curtains,6,Optimal,Optimal,Medium,0.05
95,30,Optimal,Optimal,Medium,Do nothing,10,Optimal,Optimal,Medium,0.05
95,31,Optimal,Optimal,Medium,Do nothing,10,Optimal,Optimal,Medium,0.05
95,32,Optimal,Optimal,Medium,Do nothing,10,Optimal,Optimal,Medium,0.05
95,33,Optimal,Optimal,Medium,Do nothing,10,Optimal,Optimal,Medium,0.05
95,34,Optimal,Optimal,Medium,Do nothing,10,Optimal,Optimal,Medium,0.05
95,35,Optimal,Optimal,Medium,Water Pump ON,10,Wet,Optimal,Medium,0.05
95,36,Wet,Optimal,Medium,Water Pump OFF,7,Optimal,Optimal,Medium,0.05
95,37,Optimal,Optimal,Medium,Water Pump ON,10,Wet,Optimal,Medium,0.05
95,38,Wet,Optimal,Medium,Water Pump OFF,7,Optimal,Optimal,Medium,0.05
95,39,Optimal,Optimal,Medium,Close shade curtains,10,Optimal,Optimal,Low,0.05
95,40,Optimal,Optimal,Low,Open shade curtains,6,Optimal,Optimal,Medium,0.05
95,41,Optimal,Optimal,Medium,Water Pump ON,10,Wet,Optimal,Medium,0.05
95,42,Wet,Optimal,Medium,Water Pump OFF,7,Optimal,Optimal,Medium,0.05
95,43,Optimal,Optimal,Medium,Do nothing,10,Optimal,Optimal,Medium,0.05
95,44,Optimal,Optimal,Medium,Do nothing,10,Optimal,Optimal,Medium,0.05
95,45,Optimal,Optimal,Medium,Do nothing,10,Optimal,Optimal,Medium,0.05
95,46,Optimal,Optimal,Medium,Do nothing,10,Optimal,Optimal,Medium,0.05
95,47,Optimal,Optimal,Medium,Do nothing,10,Optimal,Optimal,Medium,0.05
95,48,Optimal,Optimal,Medium,Do nothing,10,Optimal,Optimal,Medium,0.05
95,49,Optimal,Optimal,Medium,Do nothing,10,Optimal,Optimal,Medium,0.05
95,50,Optimal,Optimal,Medium,Do nothing,10,Optimal,Optimal,Medium,0.05
96,1,Wet,Low,High,Water Pump OFF,0,Wet,Low,High,0.05
96,2,Wet,Low,High,Water Pump OFF,0,Optimal,Low,High,0.05
96,3,Optimal,Low,High,Heater OFF,3,Optimal,Optimal,High,0.05
96,4,Optimal,Optimal,High,Close shade curtains,6,Optimal,Optimal,Medium,0.05
96,5,Optimal,Optimal,Medium,Do nothing,10,Optimal,Optimal,Medium,0.05
96,6,Optimal,Optimal,Medium,Do nothing,10,Optimal,Optimal,Medium,0.05
96,7,Optimal,Optimal,Medium,Do nothing,10,Optimal,Optimal,Medium,0.05
96,8,Optimal,Optimal,Medium,Do nothing,10,Optimal,Optimal,Medium,0.05
96,9,Optimal,Optimal,Medium,Do nothing,10,Optimal,Optimal,Medium,0.05
96,10,Optimal,Optimal,Medium,Do nothing,10,Optimal,Optimal,Medium,0.05
96,11,Optimal,Optimal,Medium,Do nothing,10,Optimal,Optimal,Medium,0.05
96,12,Optimal,Optimal,Medium,Do nothing,10,Optimal,Optimal,Medium,0.05
96,13,Optimal,Optimal,Medium,Do nothing,10,Optimal,Optimal,Medium,0.05
96,14,Optimal,Optimal,Medium,Do nothing,10,Optimal,Optimal,Medium,0.05
96,15,Optimal,Optimal,Medium,Do nothing,10,Optimal,Optimal,Medium,0.05
96,16,Optimal,Optimal,Medium,Heater ON,10,Optimal,High,Medium,0.05
96,17,Optimal,High,Medium,Heater OFF,7,Optimal,Optimal,Medium,0.05
96,18,Optimal,Optimal,Medium,Do nothing,10,Optimal,Optimal,Medium,0.05
96,19,Optimal,Optimal,Medium,Do nothing,10,Optimal,Optimal,Medium,0.05
96,20,Optimal,Optimal,Medium,Do nothing,10,Optimal,Optimal,Medium,0.05
96,21,Optimal,Optimal,Medium,Do nothing,10,Optimal,Optimal,Medium,0.05
96,22,Optimal,Optimal,Medium,Do nothing,10,Optimal,Optimal,Medium,0.05
96,23,Optimal,Optimal,Medium,Do nothing,10,Optimal,Optimal,Medium,0.05
96,24,Optimal,Optimal,Medium,Do nothing,10,Optimal,Optimal,Medium,0.05
96,25,Optimal,Optimal,Medium,Do nothing,10,Optimal,Optimal,Medium,0.05
96,26,Optimal,Optimal,Medium,Do nothing,10,Optimal,Optimal,Medium,0.05
96,27,Optimal,Optimal,Medium,Do nothing,10,Optimal,Optimal,Medium,0.05
96,28,Optimal,Optimal,Medium,Do nothing,10,Optimal,Optimal,Medium,0.05
96,29,Optimal,Optimal,Medium,Do nothing,10,Optimal,Optimal,Medium,0.05
96,30,Optimal,Optimal,Medium,Do nothing,10,Optimal,Optimal,Medium,0.05
96,31,Optimal,Optimal,Medium,Do nothing,10,Optimal,Optimal,Medium,0.05
96,32,Optimal,Optimal,Medium,Do nothing,10,Optimal,Optimal,Medium,0.05
96,33,Optimal,Optimal,Medium,Do nothing,10,Optimal,Optimal,Medium,0.05
96,34,Optimal,Optimal,Medium,Do nothing,10,Optimal,Optimal,Medium,0.05
96,35,Optimal,Optimal,Medium,Do nothing,10,Optimal,Optimal,Medium,0.05
96,36,Optimal,Optimal,Medium,Do nothing,10,Optimal,Optimal,Medium,0.05
96,37,Optimal,Optimal,Medium,Do nothing,10,Optimal,Optimal,Medium,0.05
96,38,Optimal,Optimal,Medium,Do nothing,10,Optimal,Optimal,Medium,0.05
96,39,Optimal,Optimal,Medium,Do nothing,10,Optimal,Optimal,Medium,0.05
96,40,Optimal,Optimal,Medium,Do nothing,10,Optimal,Optimal,Medium,0.05
96,41,Optimal,Optimal,Medium,Do nothing,10,Optimal,Optimal,Medium,0.05
96,42,Optimal,Optimal,Medium,Do nothing,10,Optimal,Optimal,Medium,0.05
96,43,Optimal,Optimal,Medium,Do nothing,10,Optimal,Optimal,Medium,0.05
96,44,Optimal,Optimal,Medium,Do nothing,10,Optimal,Optimal,Medium,0.05
96,45,Optimal,Optimal,Medium,Do nothing,10,Optimal,Optimal,Medium,0.05
96,46,Optimal,Optimal,Medium,Do nothing,10,Optimal,Optimal,High,0.05
96,47,Optimal,Optimal,High,Water Pump OFF,6,Dry,Optimal,High,0.05
96,48,Dry,Optimal,High,Close shade curtains,3,Dry,Optimal,Medium,0.05
96,49,Dry,Optimal,Medium,Water Pump OFF,5,Optimal,Optimal,Medium,0.05
96,50,Optimal,Optimal,Medium,Do nothing,10,Optimal,Optimal,Medium,0.05
97,1,Dry,Low,Low,Water Pump OFF,-2,Optimal,Low,Low,0.05
97,2,Optimal,Low,Low,Heater OFF,3,Optimal,Optimal,Low,0.05
97,3,Optimal,Optimal,Low,Open shade curtains,6,Optimal,Optimal,Medium,0.05
97,4,Optimal,Optimal,Medium,Do nothing,10,Optimal,Optimal,Medium,0.05
97,5,Optimal,Optimal,Medium,Do nothing,10,Optimal,Optimal,Medium,0.05
97,6,Optimal,Optimal,Medium,Do nothing,10,Optimal,Optimal,Medium,0.05
97,7,Optimal,Optimal,Medium,Water Pump OFF,10,Dry,Optimal,Medium,0.05
97,8,Dry,Optimal,Medium,Water Pump OFF,5,Optimal,Optimal,Medium,0.05
97,9,Optimal,Optimal,Medium,Do nothing,10,Optimal,Optimal,Medium,0.05
97,10,Optimal,Optimal,Medium,Do nothing,10,Optimal,Optimal,Medium,0.05
97,11,Optimal,Optimal,Medium,Do nothing,10,Optimal,Optimal,Medium,0.05
97,12,Optimal,Optimal,Medium,Do nothing,10,Optimal,Optimal,Medium,0.05
97,13,Optimal,Optimal,Medium,Do nothing,10,Optimal,Optimal,Medium,0.05
97,14,Optimal,Optimal,Medium,Do nothing,10,Optimal,Optimal,Medium,0.05
97,15,Optimal,Optimal,Medium,Do nothing,10,Optimal,Optimal,Medium,0.05
97,16,Optimal,Optimal,Medium,Do nothing,10,Optimal,Optimal,Medium,0.05
97,17,Optimal,Optimal,Medium,Do nothing,10,Optimal,Optimal,Medium,0.05
97,18,Optimal,Optimal,Medium,Do nothing,10,Optimal,Optimal,Medium,0.05
97,19,Optimal,Optimal,Medium,Do nothing,10,Optimal,Optimal,Medium,0.05
97,20,Optimal,Optimal,Medium,Do nothing,10,Optimal,Optimal,Medium,0.05
97,21,Optimal,Optimal,Medium,Do nothing,10,Optimal,Optimal,Medium,0.05
97,22,Optimal,Optimal,Medium,Do nothing,10,Optimal,Optimal,Low,0.05
97,23,Optimal,Optimal,Low,Open shade curtains,6,Optimal,Optimal,Medium,0.05
97,24,Optimal,Optimal,Medium,Do nothing,10,Optimal,Optimal,Medium,0.05
97,25,Optimal,Optimal,Medium,Open shade curtains,10,Optimal,Optimal,High,0.05
97,26,Optimal,Optimal,High,Close shade curtains,6,Optimal,Optimal,Medium,0.05
97,27,Optimal,Optimal,Medium,Do nothing,10,Optimal,Optimal,Medium,0.05
97,28,Optimal,Optimal,Medium,Do nothing,10,Optimal,Optimal,Medium,0.05
97,29,Optimal,Optimal,Medium,Heater OFF,10,Optimal,Low,Medium,0.05
97,30,Optimal,Low,Medium,Heater OFF,7,Optimal,Optimal,Medium,0.05
97,31,Optimal,Optimal,Medium,Heater OFF,10,Optimal,Low,Medium,0.05
97,32,Optimal,Low,Medium,Heater OFF,7,Optimal,Optimal,Medium,0.05
97,33,Optimal,Optimal,Medium,Do nothing,10,Optimal,Optimal,Medium,0.05
97,34,Optimal,Optimal,Medium,Do nothing,10,Optimal,Optimal,Medium,0.05
97,35,Optimal,Optimal,Medium,Do nothing,10,Optimal,Optimal,Medium,0.05
97,36,Optimal,Optimal,Medium,Do nothing,10,Optimal,Optimal,Medium,0.05
97,37,Optimal,Optimal,Medium,Do nothing,10,Optimal,Optimal,Medium,0.05
97,38,Optimal,Optimal,Medium,Do nothing,10,Optimal,Optimal,Medium,0.05
97,39,Optimal,Optimal,Medium,Do nothing,10,Optimal,Optimal,Medium,0.05
97,40,Optimal,Optimal,Medium,Do nothing,10,Optimal,Optimal,Medium,0.05
97,41,Optimal,Optimal,Medium,Do nothing,10,Optimal,Optimal,Medium,0.05
97,42,Optimal,Optimal,Medium,Do nothing,10,Optimal,Optimal,Medium,0.05
97,43,Optimal,Optimal,Medium,Do nothing,10,Optimal,Optimal,Medium,0.05
97,44,Optimal,Optimal,Medium,Do nothing,10,Optimal,Optimal,Medium,0.05
97,45,Optimal,Optimal,Medium,Do nothing,10,Optimal,Optimal,Medium,0.05
97,46,Optimal,Optimal,Medium,Do nothing,10,Optimal,Optimal,Medium,0.05
97,47,Optimal,Optimal,Medium,Do nothing,10,Optimal,Optimal,Medium,0.05
97,48,Optimal,Optimal,Medium,Do nothing,10,Optimal,Optimal,Medium,0.05
97,49,Optimal,Optimal,Medium,Do nothing,10,Optimal,Optimal,Medium,0.05
97,50,Optimal,Optimal,Medium,Close shade curtains,10,Optimal,Optimal,Low,0.05
98,1,Wet,Optimal,High,Water Pump OFF,3,Wet,Optimal,High,0.05
98,2,Wet,Optimal,High,Water Pump OFF,3,Wet,Optimal,High,0.05
98,3,Wet,Optimal,High,Water Pump OFF,3,Optimal,Optimal,High,0.05
98,4,Optimal,Optimal,High,Close shade curtains,6,Optimal,Optimal,Medium,0.05
98,5,Optimal,Optimal,Medium,Do nothing,10,Optimal,Optimal,Medium,0.05
98,6,Optimal,Optimal,Medium,Do nothing,10,Optimal,Optimal,Medium,0.05
98,7,Optimal,Optimal,Medium,Do nothing,10,Optimal,Optimal,Medium,0.05
98,8,Optimal,Optimal,Medium,Do nothing,10,Optimal,Optimal,Medium,0.05
98,9,Optimal,Optimal,Medium,Do nothing,10,Optimal,Optimal,Medium,0.05
98,10,Optimal,Optimal,Medium,Do nothing,10,Optimal,Optimal,Medium,0.05
98,11,Optimal,Optimal,Medium,Do nothing,10,Optimal,Optimal,Medium,0.05
98,12,Optimal,Optimal,Medium,Do nothing,10,Optimal,Optimal,Medium,0.05
98,13,Optimal,Optimal,Medium,Do nothing,10,Optimal,Optimal,High,0.05
98,14,Optimal,Optimal,High,Close shade curtains,6,Optimal,Optimal,High,0.05
98,15,Optimal,Optimal,High,Close shade curtains,6,Optimal,Optimal,Medium,0.05
98,16,Optimal,Optimal,Medium,Do nothing,10,Optimal,Optimal,Medium,0.05
98,17,Optimal,Optimal,Medium,Do nothing,10,Optimal,Optimal,Medium,0.05
98,18,Optimal,Optimal,Medium,Do nothing,10,Optimal,Optimal,Medium,0.05
98,19,Optimal,Optimal,Medium,Do nothing,10,Optimal,Optimal,Medium,0.05
98,20,Optimal,Optimal,Medium,Do nothing,10,Optimal,Optimal,Medium,0.05
98,21,Optimal,Optimal,Medium,Do nothing,10,Optimal,Optimal,Medium,0.05
98,22,Optimal,Optimal,Medium,Water Pump OFF,10,Dry,Optimal,Medium,0.05
98,23,Dry,Optimal,Medium,Close shade curtains,7,Dry,Optimal,Low,0.05
98,24,Dry,Optimal,Low,Water Pump OFF,1,Optimal,Optimal,Low,0.05
98,25,Optimal,Optimal,Low,Open shade curtains,6,Optimal,Optimal,Low,0.05
98,26,Optimal,Optimal,Low,Open shade curtains,6,Optimal,Optimal,Medium,0.05
98,27,Optimal,Optimal,Medium,Do nothing,10,Optimal,Optimal,Medium,0.05
98,28,Optimal,Optimal,Medium,Do nothing,10,Optimal,Optimal,Medium,0.05
98,29,Optimal,Optimal,Medium,Do nothing,10,Optimal,Optimal,Medium,0.05
98,30,Optimal,Optimal,Medium,Do nothing,10,Optimal,Optimal,Medium,0.05
98,31,Optimal,Optimal,Medium,Do nothing,10,Optimal,Optimal,High,0.05
98,32,Optimal,Optimal,High,Close shade curtains,6,Optimal,Optimal,High,0.05
98,33,Optimal,Optimal,High,Close shade curtains,6,Optimal,Optimal,Medium,0.05
98,34,Optimal,Optimal,Medium,Do nothing,10,Optimal,Optimal,Medium,0.05
98,35,Optimal,Optimal,Medium,Do nothing,10,Optimal,Optimal,Medium,0.05
98,36,Optimal,Optimal,Medium,Do nothing,10,Optimal,Optimal,Medium,0.05
98,37,Optimal,Optimal,Medium,Do nothing,10,Optimal,Optimal,Medium,0.05
98,38,Optimal,Optimal,Medium,Water Pump ON,10,Wet,Optimal,Medium,0.05
98,39,Wet,Optimal,Medium,Water Pump OFF,7,Optimal,Optimal,Medium,0.05
98,40,Optimal,Optimal,Medium,Water Pump ON,10,Wet,Optimal,Medium,0.05
98,41,Wet,Optimal,Medium,Water Pump OFF,7,Optimal,Optimal,Medium,0.05
98,42,Optimal,Optimal,Medium,Water Pump ON,10,Wet,Optimal,Medium,0.05
98,43,Wet,Optimal,Medium,Water Pump OFF,7,Optimal,Optimal,Medium,0.05
98,44,Optimal,Optimal,Medium,Water Pump ON,10,Wet,Optimal,Medium,0.05
98,45,Wet,Optimal,Medium,Water Pump OFF,7,Optimal,Optimal,Medium,0.05
98,46,Optimal,Optimal,Medium,Water Pump ON,10,Wet,Optimal,Medium,0.05
98,47,Wet,Optimal,Medium,Water Pump OFF,7,Optimal,Optimal,Medium,0.05
98,48,Optimal,Optimal,Medium,Water Pump ON,10,Wet,Optimal,Medium,0.05
98,49,Wet,Optimal,Medium,Water Pump OFF,7,Optimal,Optimal,Medium,0.05
98,50,Optimal,Optimal,Medium,Heater OFF,10,Optimal,Low,Medium,0.05
99,1,Dry,Low,Medium,Heater OFF,4,Dry,Optimal,Medium,0.05
99,2,Dry,Optimal,Medium,Water Pump OFF,5,Optimal,Optimal,Medium,0.05
99,3,Optimal,Optimal,Medium,Heater OFF,10,Optimal,Low,Medium,0.05
99,4,Optimal,Low,Medium,Heater OFF,7,Optimal,Optimal,Medium,0.05
99,5,Optimal,Optimal,Medium,Heater OFF,10,Optimal,Low,Low,0.05
99,6,Optimal,Low,Low,Heater OFF,3,Optimal,Low,Low,0.05
99,7,Optimal,Low,Low,Heater OFF,3,Optimal,Optimal,Low,0.05
99,8,Optimal,Optimal,Low,Open shade curtains,6,Optimal,Optimal,Medium,0.05
99,9,Optimal,Optimal,Medium,Heater ON,10,Optimal,High,Medium,0.05
99,10,Optimal,High,Medium,Heater OFF,7,Optimal,Optimal,Medium,0.05
99,11,Optimal,Optimal,Medium,Heater ON,10,Optimal,High,Medium,0.05
99,12,Optimal,High,Medium,Heater OFF,7,Optimal,Optimal,Medium,0.05
99,13,Optimal,Optimal,Medium,Heater ON,10,Optimal,High,Medium,0.05
99,14,Optimal,High,Medium,Heater ON,2,Optimal,High,Medium,0.05
99,15,Optimal,High,Medium,Heater ON,2,Optimal,High,Medium,0.05
99,16,Optimal,High,Medium,Heater ON,2,Optimal,High,Medium,0.05
99,17,Optimal,High,Medium,Heater ON,2,Optimal,High,Medium,0.05
99,18,Optimal,High,Medium,Heater OFF,7,Optimal,Optimal,Medium,0.05
99,19,Optimal,Optimal,Medium,Do nothing,10,Optimal,Optimal,Medium,0.05
99,20,Optimal,Optimal,Medium,Do nothing,10,Optimal,Optimal,Medium,0.05
99,21,Optimal,Optimal,Medium,Do nothing,10,Optimal,Optimal,Medium,0.05
99,22,Optimal,Optimal,Medium,Do nothing,10,Optimal,Optimal,Medium,0.05
99,23,Optimal,Optimal,Medium,Do nothing,10,Optimal,Optimal,Low,0.05
99,24,Optimal,Optimal,Low,Open shade curtains,6,Optimal,Optimal,Medium,0.05
99,25,Optimal,Optimal,Medium,Do nothing,10,Optimal,Optimal,Medium,0.05
99,26,Optimal,Optimal,Medium,Do nothing,10,Optimal,Optimal,Medium,0.05
99,27,Optimal,Optimal,Medium,Do nothing,10,Optimal,Optimal,Medium,0.05
99,28,Optimal,Optimal,Medium,Do nothing,10,Optimal,Optimal,Medium,0.05
99,29,Optimal,Optimal,Medium,Do nothing,10,Optimal,Optimal,Medium,0.05
99,30,Optimal,Optimal,Medium,Do nothing,10,Optimal,Optimal,Medium,0.05
99,31,Optimal,Optimal,Medium,Do nothing,10,Optimal,Optimal,Medium,0.05
99,32,Optimal,Optimal,Medium,Do nothing,10,Optimal,Optimal,Medium,0.05
99,33,Optimal,Optimal,Medium,Water Pump ON,10,Wet,Optimal,Medium,0.05
99,34,Wet,Optimal,Medium,Water Pump OFF,7,Optimal,Optimal,Medium,0.05
99,35,Optimal,Optimal,Medium,Do nothing,10,Optimal,Optimal,Medium,0.05
99,36,Optimal,Optimal,Medium,Do nothing,10,Optimal,Optimal,Medium,0.05
99,37,Optimal,Optimal,Medium,Do nothing,10,Optimal,Optimal,Medium,0.05
99,38,Optimal,Optimal,Medium,Do nothing,10,Optimal,Optimal,Medium,0.05
99,39,Optimal,Optimal,Medium,Do nothing,10,Optimal,Optimal,Medium,0.05
99,40,Optimal,Optimal,Medium,Do nothing,10,Optimal,Optimal,Medium,0.05
99,41,Optimal,Optimal,Medium,Do nothing,10,Optimal,Optimal,Medium,0.05
99,42,Optimal,Optimal,Medium,Do nothing,10,Optimal,Optimal,Medium,0.05
99,43,Optimal,Optimal,Medium,Do nothing,10,Optimal,Optimal,Medium,0.05
99,44,Optimal,Optimal,Medium,Do nothing,10,Optimal,Optimal,Medium,0.05
99,45,Optimal,Optimal,Medium,Do nothing,10,Optimal,Optimal,Medium,0.05
99,46,Optimal,Optimal,Medium,Do nothing,10,Optimal,Optimal,Medium,0.05
99,47,Optimal,Optimal,Medium,Do nothing,10,Optimal,Optimal,Medium,0.05
99,48,Optimal,Optimal,Medium,Do nothing,10,Optimal,Optimal,Medium,0.05
99,49,Optimal,Optimal,Medium,Close shade curtains,10,Optimal,Optimal,Low,0.05
99,50,Optimal,Optimal,Low,Open shade curtains,6,Optimal,Optimal,Medium,0.05
100,1,Wet,Optimal,High,Water Pump OFF,3,Optimal,Optimal,High,0.05
100,2,Optimal,Optimal,High,Close shade curtains,6,Optimal,Optimal,Medium,0.05
100,3,Optimal,Optimal,Medium,Do nothing,10,Optimal,Optimal,Medium,0.05
100,4,Optimal,Optimal,Medium,Do nothing,10,Optimal,Optimal,Medium,0.05
100,5,Optimal,Optimal,Medium,Do nothing,10,Optimal,Optimal,Medium,0.05
100,6,Optimal,Optimal,Medium,Do nothing,10,Optimal,Optimal,Medium,0.05
100,7,Optimal,Optimal,Medium,Do nothing,10,Optimal,Optimal,Medium,0.05
100,8,Optimal,Optimal,Medium,Do nothing,10,Optimal,Optimal,Medium,0.05
100,9,Optimal,Optimal,Medium,Do nothing,10,Optimal,Optimal,Medium,0.05
100,10,Optimal,Optimal,Medium,Do nothing,10,Optimal,Optimal,Medium,0.05
100,11,Optimal,Optimal,Medium,Do nothing,10,Optimal,Optimal,Medium,0.05
100,12,Optimal,Optimal,Medium,Do nothing,10,Optimal,Optimal,Medium,0.05
100,13,Optimal,Optimal,Medium,Do nothing,10,Optimal,Optimal,Medium,0.05
100,14,Optimal,Optimal,Medium,Do nothing,10,Optimal,Optimal,Medium,0.05
100,15,Optimal,Optimal,Medium,Do nothing,10,Optimal,Optimal,Medium,0.05
100,16,Optimal,Optimal,Medium,Do nothing,10,Optimal,Optimal,Medium,0.05
100,17,Optimal,Optimal,Medium,Do nothing,10,Optimal,Optimal,Medium,0.05
100,18,Optimal,Optimal,Medium,Heater ON,10,Optimal,High,Medium,0.05
100,19,Optimal,High,Medium,Water Pump OFF,7,Dry,High,Medium,0.05
100,20,Dry,High,Medium,Water Pump OFF,2,Optimal,High,Medium,0.05
100,21,Optimal,High,Medium,Water Pump OFF,7,Dry,High,Medium,0.05
100,22,Dry,High,Medium,Water Pump OFF,2,Optimal,High,Medium,0.05
100,23,Optimal,High,Medium,Water Pump OFF,7,Dry,High,Medium,0.05
100,24,Dry,High,Medium,Water Pump OFF,2,Optimal,High,Medium,0.05
100,25,Optimal,High,Medium,Water Pump OFF,7,Dry,High,Medium,0.05
100,26,Dry,High,Medium,Water Pump OFF,2,Optimal,High,Medium,0.05
100,27,Optimal,High,Medium,Open shade curtains,7,Optimal,High,High,0.05
100,28,Optimal,High,High,Close shade curtains,3,Optimal,High,Medium,0.05
100,29,Optimal,High,Medium,Open shade curtains,7,Optimal,High,High,0.05
100,30,Optimal,High,High,Close shade curtains,3,Optimal,High,High,0.05
100,31,Optimal,High,High,Close shade curtains,3,Optimal,High,Medium,0.05
100,32,Optimal,High,Medium,Open shade curtains,7,Optimal,High,High,0.05
100,33,Optimal,High,High,Close shade curtains,3,Optimal,High,High,0.05
100,34,Optimal,High,High,Close shade curtains,3,Optimal,High,Medium,0.05
100,35,Optimal,High,Medium,Open shade curtains,7,Optimal,High,High,0.05
100,36,Optimal,High,High,Close shade curtains,3,Optimal,High,Medium,0.05
100,37,Optimal,High,Medium,Heater OFF,7,Optimal,Optimal,Medium,0.05
100,38,Optimal,Optimal,Medium,Do nothing,10,Optimal,Optimal,Medium,0.05
100,39,Optimal,Optimal,Medium,Heater ON,10,Optimal,Optimal,Medium,0.05
100,40,Optimal,Optimal,Medium,Do nothing,10,Optimal,Optimal,Medium,0.05
100,41,Optimal,Optimal,Medium,Do nothing,10,Optimal,Optimal,Low,0.05
100,42,Optimal,Optimal,Low,Open shade curtains,6,Optimal,Optimal,Medium,0.05
100,43,Optimal,Optimal,Medium,Do nothing,10,Optimal,Optimal,Low,0.05
100,44,Optimal,Optimal,Low,Open shade curtains,6,Optimal,Optimal,Medium,0.05
100,45,Optimal,Optimal,Medium,Do nothing,10,Optimal,Optimal,Medium,0.05
100,46,Optimal,Optimal,Medium,Do nothing,10,Optimal,Optimal,Medium,0.05
100,47,Optimal,Optimal,Medium,Close shade curtains,10,Optimal,Optimal,Low,0.05
100,48,Optimal,Optimal,Low,Open shade curtains,6,Optimal,Optimal,Medium,0.05
100,49,Optimal,Optimal,Medium,Close shade curtains,10,Optimal,Optimal,Low,0.05
100,50,Optimal,Optimal,Low,Open shade curtains,6,Optimal,Optimal,Medium,0.05
